episode,minibatches,minibatches_possible,first_mb_kl,policy_loss,value_loss,mean_V,std_V,std_barrier,lyap_violation_rate,lyap_in_ball_rate,lyap_mean_dV,lyap_worst_slack,lyap_v_rmse,lyap_penalty,dynamics_loss,barrier_loss,approx_kl,clip_fraction,mean_std,mean_raw_log_std,mean_abs_action,alpha
2,24,24,0.0,0.0005747021059505641,16.513581534226734,,,,,,,,,,,,0.00644948506669607,0.08085937559371814,0.1750920539100965,0.003354036423843354,0.016093909080761176,0.969765359108249
4,24,24,0.0,-0.0022249789520477257,14.237445453802744,,,,,,,,,,,,0.0076854572592613595,0.09781901041666667,0.17776883393526077,0.010097673764297118,0.015027042555933198,0.9404448517263514
6,24,24,0.0,-0.004890148721945782,13.269907355308533,,,,,,,,,,,,0.005158654528107339,0.05872395859720806,0.18065979207555452,0.017268036530974012,0.01536136205929021,0.9120108393559102
8,24,24,0.0,-0.005162473496360083,15.974415282408396,,,,,,,,,,,,0.010570782197949788,0.13525390656044087,0.18354067392647266,0.02430301431256036,0.02405821702753504,0.8844365191385997
10,24,24,0.0,-0.005723496355737249,11.651410818099976,,,,,,,,,,,,0.014122872952915108,0.16067708376795053,0.18643184937536716,0.03125433810055256,0.03248633731467029,0.8576958985908939
12,24,24,0.0,0.0023080724058672786,14.218726019064585,,,,,,,,,,,,0.018742380363012973,0.21344401190678278,0.1895420098056396,0.03861556543658177,0.030333263721937936,0.8317637711026707
14,24,24,0.0,0.004623653405966858,11.928361078103384,,,,,,,,,,,,0.009630506678756015,0.12018229191501935,0.1927254404872656,0.04603171534836292,0.028637852054089308,0.8066156921766136
16,24,24,0.0,-0.005326863727532327,11.177349090576172,,,,,,,,,,,,0.008204320266183155,0.09925130226959784,0.19603365225096545,0.053614689192424216,0.028151389677077532,0.7822279563860023
18,24,24,0.0,-0.007766320214917262,16.814170281092327,,,,,,,,,,,,0.012452208844479173,0.15511067708333334,0.19928176887333393,0.06094318442046642,0.03035627119243145,0.7585775750291838
20,24,24,0.0,-0.0016676781718463947,14.483772814273834,,,,,,,,,,,,0.010852084627307098,0.12945963566501936,0.2025409129758676,0.06818313399950664,0.038325698425372444,0.7356422544596414
22,24,24,0.0,-0.0014116901244657736,14.9253378311793,,,,,,,,,,,,0.009232474093247825,0.11025390680879354,0.20564459698895612,0.07497761212289333,0.040375653033455215,0.713400375071256
24,24,24,0.0,-0.005896944164608915,12.438336988290152,,,,,,,,,,,,0.011068642197642475,0.14970703174670538,0.20875639530519643,0.08169294148683548,0.04014646587893367,0.6918309709189363
26,24,24,0.0,0.0015521266808112462,16.735354761282604,,,,,,,,,,,,0.012670848567116385,0.16090494891007742,0.21204601290325323,0.08869236831863721,0.026817808703829844,0.670913709955411
28,24,24,0.0,-0.009027394698932767,13.723903695742289,,,,,,,,,,,,0.008838738460326567,0.11223958401630323,0.21570530533790588,0.09636112364629905,0.02557548174324135,0.6506288748655572
30,24,24,0.0,-0.0092479136850064,13.277518967787424,,,,,,,,,,,,0.013437170220034508,0.17698567795256773,0.2194022492816051,0.10399107541888952,0.03958403427774707,0.6309573444801937
32,24,24,0.0,-0.0019665635967006287,13.268448968728384,,,,,,,,,,,,0.01320358132943511,0.16816406262417635,0.22282079979777336,0.11094258818775415,0.03576671852109333,0.6118805757518223
34,24,24,0.0,-0.005328930138299863,14.294840355714163,,,,,,,,,,,,0.01172693827538751,0.15032552167152366,0.22640330530703068,0.11812451140334208,0.041822806000709534,0.5933805862753282
36,24,24,0.0,-0.013811768614687026,12.960504511992136,,,,,,,,,,,,0.009910270445592081,0.136360676959157,0.2301944779853026,0.12561415260036787,0.037470187060534954,0.5754399373371567
38,24,24,0.0,-0.013395486438336471,16.61077570915222,,,,,,,,,,,,0.013432027388868542,0.15768229278425375,0.23410195174316564,0.1332222285370032,0.03147501669203242,0.5580417174769964
40,12,24,0.0,0.005210431603093942,22.704288323720295,,,,,,,,,,,,0.02220726649587353,0.22636718799670538,0.2369220368564129,0.13864693542321524,0.04583253369977077,0.5411695265464636
42,24,24,0.0,-0.0052555855848671245,21.932875474294026,,,,,,,,,,,,0.013740119330274561,0.16507161408662796,0.23936617622772852,0.14329815407594046,0.0438484693877399,0.5248074602497722
44,24,24,0.0,-0.004258798823381464,27.78268297513326,,,,,,,,,,,,0.015864997466754478,0.17750651109963655,0.24228139283756414,0.14879444862405458,0.05057402995104591,0.508940095151809
46,24,24,0.0,-0.008769772752809027,16.460573732852936,,,,,,,,,,,,0.011016433321249982,0.13460286489377418,0.2453765757381916,0.15456616319715977,0.049042030703276396,0.4935524741394807
48,24,24,0.0,-0.0006885552235568563,23.1627170642217,,,,,,,,,,,,0.01616016620149215,0.17014973983168602,0.24871776873866716,0.160728070884943,0.05011400285487374,0.4786300923226386
50,24,24,0.0,-0.009446422259012857,23.19458317756653,,,,,,,,,,,,0.013228398762294091,0.16344401116172472,0.25199778750538826,0.16670808320244154,0.05292489007115364,0.46415888336127803
52,24,24,0.0,-0.009291991901894411,13.926473716894785,,,,,,,,,,,,0.015970264445059,0.19186198090513548,0.2554396043221156,0.17291241511702538,0.05793730836982528,0.45012520620613355
54,18,24,0.0,0.006909125846707159,16.97436565823025,,,,,,,,,,,,0.02438983114229308,0.2566840284400516,0.25826437440183425,0.17795427723063362,0.07260197587311268,0.4365158322401659
56,24,24,0.0,-0.005769744049757719,19.678930322329204,,,,,,,,,,,,0.01447492340230383,0.18053385460128388,0.2608278964956601,0.18248723012705645,0.05234478320926428,0.4233179328088211
58,18,24,0.0,0.0015897050810356934,26.636117723253037,,,,,,,,,,,,0.024541140857359603,0.2358940980500645,0.2636663450135125,0.18746499137745964,0.05702777124113507,0.41051906712730796
60,24,24,0.0,-2.4884201896687348e-05,39.486311395963035,,,,,,,,,,,,0.02037337240957034,0.21761067708333334,0.26648809264103573,0.19236777784923711,0.06088125209013621,0.39810717055349726
62,24,24,0.0,-0.009919530401627222,21.331037720044453,,,,,,,,,,,,0.023003733571385965,0.2340169275800387,0.26983974501490593,0.19813700330754122,0.06648904054115216,0.3860705432153814
64,24,24,0.0,-0.005463222512238038,13.928624232610067,,,,,,,,,,,,0.017036227179535974,0.19280598995586237,0.2733520952363809,0.20412111716965833,0.07323286465058725,0.37439783898238116
66,24,24,0.0,-0.0038846018724143505,13.349039117495218,,,,,,,,,,,,0.01613653529784642,0.20048828174670538,0.2767287914951642,0.20981489618619284,0.07738269958645105,0.3630780547701012
68,24,24,0.0,-0.0051031934563070536,17.041652262210846,,,,,,,,,,,,0.014346436464014308,0.15839843750776103,0.2796712592244148,0.2147311375786861,0.07432333535204332,0.35210052016845217
70,24,24,0.0,-0.0012250483656922977,11.399888396263123,,,,,,,,,,,,0.015125001703078548,0.20055338585128388,0.28246646001935005,0.21936306543648243,0.10939058568328619,0.3414548873833602
72,24,24,0.0,-0.01309156014273564,11.74598515033722,,,,,,,,,,,,0.012889092225426188,0.15315755239377418,0.2852579193810622,0.22395204938948154,0.09539125052591164,0.3311311214825911
74,24,24,0.0,-0.003795419392796854,18.97213085492452,,,,,,,,,,,,0.018055439742359642,0.18121744878590107,0.2881588352223237,0.2286830898374319,0.10561347318192323,0.3211194909364821
76,24,24,0.0,-0.015464047435671091,17.58499236901601,,,,,,,,,,,,0.017021121088570606,0.20126953162252903,0.2911825105547905,0.23357460958262286,0.11940414924174547,0.31141055844467586
78,24,24,0.0,0.013000895244961915,11.905304292837778,,,,,,,,,,,,0.025773783980791148,0.27578125211099785,0.29381578663984936,0.23780239559710026,0.1459241472184658,0.3019951720402015
80,24,24,0.0,-0.012145129265263677,15.318317850430807,,,,,,,,,,,,0.012595768964577777,0.14511718787252903,0.29630787422259647,0.2417757281412681,0.13850273874898753,0.2928644564625236
82,18,24,0.0,-0.004346506825337808,23.923177613152397,,,,,,,,,,,,0.02310663040003015,0.20690104199780357,0.2987326251135932,0.2456170196334521,0.15737724552551904,0.2840098047914215
84,24,24,0.0,-0.009158415060179928,19.097918152809143,,,,,,,,,,,,0.019809134105647292,0.19830729253590107,0.30113744363188744,0.24940249137580395,0.1737310097863277,0.27542287033381646
86,12,24,0.0,0.0020445522386580706,16.62182291348775,,,,,,,,,,,,0.020840607195471723,0.21230468712747097,0.30323168883721036,0.25268205255270004,0.15161888053019842,0.2670955587558984
88,18,24,0.0,0.004270980574397577,21.85458993911743,,,,,,,,,,,,0.02918203524313867,0.26922743022441864,0.30466328561306,0.25491328206327224,0.24899622466829088,0.2590200204531324
90,24,24,0.0,-0.011948778022391101,11.856660644213358,,,,,,,,,,,,0.01855574836372398,0.18854166691501936,0.3065053994456927,0.2577714833120505,0.23052146223684153,0.2511886431509582
92,12,24,0.0,0.01439945933331425,13.385348637898764,,,,,,,,,,,,0.020925475187444437,0.20045573016007742,0.3084491516153018,0.260773944358031,0.22380004078149796,0.24359404472920274
94,24,24,0.0,-0.0012449340429157019,15.922643582026163,,,,,,,,,,,,0.025142566504655406,0.254264323040843,0.3100699335336685,0.263265747576952,0.22980511002242565,0.2362290662634461
96,24,24,0.0,-0.0066185749795598285,15.845646341641745,,,,,,,,,,,,0.017297998720702406,0.19453125136593977,0.3118785222371419,0.2660350675384204,0.25269521710773307,0.22908676527677732
98,24,24,0.0,-0.013078990198361376,19.231172402699787,,,,,,,,,,,,0.01624636227400818,0.1824218761175871,0.31343859682480496,0.2684140217800935,0.2479024144510428,0.22216040919558114
100,12,24,0.0,0.011954430645952622,14.597410599390665,,,,,,,,,,,,0.026360230384549748,0.19453125136593977,0.3147503063082695,0.2704079945882161,0.23921309784054756,0.21544346900318836
102,12,24,0.0,0.015569240242863694,15.16597064336141,,,,,,,,,,,,0.03541955774805198,0.22187500074505806,0.3156183610359828,0.27172382920980453,0.2456133390466372,0.20892961308540392
104,24,24,0.0,-0.008849721712370714,15.350805600484213,,,,,,,,,,,,0.022885109443450347,0.2169270838300387,0.31690464665492374,0.27366799861192703,0.23967834437886873,0.20261270126211436
106,24,24,0.0,-0.003129286807961762,17.030201355616253,,,,,,,,,,,,0.016718982224119827,0.17828776066501936,0.3187693903843562,0.27647796894113225,0.21310139509538809,0.19648677899934686
108,12,24,0.0,0.001208985922858119,20.616854508717854,,,,,,,,,,,,0.029684819678853575,0.2548177105685075,0.3201550394296646,0.27855946868658066,0.22652964666485786,0.19054607179632474
110,24,24,0.0,-0.0035583171023366353,11.171182096004486,,,,,,,,,,,,0.027569257149783272,0.25250651128590107,0.32152847324808437,0.2806142953534921,0.19257359268764654,0.18478497974222916
112,24,24,0.0,-0.007834836064527432,19.448697408040363,,,,,,,,,,,,0.015103886093129404,0.15026041710128388,0.3229673778017362,0.2827607716123263,0.25351796361307305,0.17919807223753334
114,18,24,0.0,0.0006719932167066468,23.509549405839707,,,,,,,,,,,,0.024222030964059133,0.23155382027228674,0.3242448783583111,0.28466188079781,0.20390180912282732,0.1737800828749375
116,24,24,0.0,-0.009793393003443876,11.923484365145365,,,,,,,,,,,,0.016955550177954137,0.16383463547875485,0.3256393149495125,0.2867296574016412,0.2912105309466521,0.16852590447507512
118,12,24,0.0,-0.003957682357092078,14.760196685791016,,,,,,,,,,,,0.02109935295690472,0.19270833426465592,0.32706619799137115,0.2888389180103938,0.2553982560833295,0.1634305842723138
120,24,24,0.0,-0.01368109827550749,15.053032338619232,,,,,,,,,,,,0.022346958954585716,0.19095052173361182,0.328446635355552,0.29087285076578456,0.2535162841280301,0.1584893192461113
122,18,24,0.0,-0.001479908720486694,11.836410416497124,,,,,,,,,,,,0.024581771356881492,0.24388020878864658,0.3297918074660831,0.292849568857087,0.2518455808361371,0.15369745159352716
124,12,24,0.0,0.0029418327612802386,10.346987326939901,,,,,,,,,,,,0.02437439002096653,0.19615885491172472,0.3304516499241193,0.2938166707754135,0.24513274182875952,0.14905046433861965
126,12,24,0.0,0.021025113994255662,19.461893320083618,,,,,,,,,,,,0.041820811689831316,0.297591146081686,0.331120565533638,0.29479554295539856,0.2460276037454605,0.1445439770745928
128,24,24,0.0,-0.003040255124991139,10.899283866087595,,,,,,,,,,,,0.019075090133507427,0.21669921837747097,0.3320637581249078,0.29617345333099365,0.28613634407520294,0.140173741834677
130,24,24,0.0,-0.010837811161763966,10.18837559223175,,,,,,,,,,,,0.0197316610137932,0.2031250006208817,0.333309347430865,0.2979884135226409,0.2318888045847416,0.13593563908785264
132,18,24,0.0,-0.00831099765168296,11.35811291800605,,,,,,,,,,,,0.023673371942196455,0.1595920142200258,0.3345561838812298,0.29979989263746476,0.3263210819827186,0.1318256738556407
134,24,24,0.0,-0.012038855439944504,16.477372725804646,,,,,,,,,,,,0.02150012511992827,0.1976562508692344,0.3359082179764907,0.3017573406298955,0.2308549458781878,0.12783997194630237
136,24,24,0.0,0.005124155315570533,13.27670661608378,,,,,,,,,,,,0.018761917803203687,0.20673828137417635,0.33744553476572037,0.30397676055630046,0.2708857152611017,0.12397477630289444
138,24,24,0.0,-0.007699211166861157,9.621318618456522,,,,,,,,,,,,0.01598578364549515,0.17991536545256773,0.33883623654643696,0.30597929656505585,0.3056584298610687,0.12022644346174129
140,12,24,0.0,0.0005034071703751882,11.965296387672424,,,,,,,,,,,,0.02597961132414639,0.22903646032015482,0.33986395845810574,0.30745511998732883,0.2317445489267508,0.11659144011798313
142,18,24,0.0,-0.011502974459694492,20.361957126193577,,,,,,,,,,,,0.023668021261174645,0.21940104249450895,0.3407365944650438,0.308706220653322,0.27525808413823444,0.11306633979496389
144,12,24,0.0,0.005158455615552763,17.799444834391277,,,,,,,,,,,,0.028933627414517105,0.16555989595750967,0.34154461075862247,0.30986372381448746,0.2523684886594613,0.10964781961431848
146,12,24,0.0,0.014522371192773184,17.72516139348348,,,,,,,,,,,,0.042271656081235655,0.20156250149011612,0.3420343225200971,0.31056436399618786,0.3052447860439618,0.10633265716371613
148,12,24,0.0,-0.002842146709250907,13.797504822413126,,,,,,,,,,,,0.02961977043499549,0.17942708358168602,0.3425446500380834,0.3112923751274745,0.24723989516496658,0.10311772745930552
150,12,24,0.0,0.00034768708671132725,13.232768376668295,,,,,,,,,,,,0.01985574816353619,0.18723958358168602,0.3430200045307477,0.31196976949771243,0.25291627769668895,0.09999999999999999
152,18,24,0.0,0.009021638944331143,10.894568946626451,,,,,,,,,,,,0.02631885337177664,0.2672309031089147,0.3435174955262078,0.31267725427945453,0.2942258136139976,0.09697653591082495
154,12,24,0.0,0.014852983954673013,12.329620281855265,,,,,,,,,,,,0.030303578726792086,0.24576822916666666,0.344014972448349,0.31338447829087573,0.2984657684961955,0.09404448517263518
156,12,24,0.0,0.009888273741429051,18.183963378270466,,,,,,,,,,,,0.03813144069863483,0.2715494781732559,0.3443904096881549,0.31391823291778564,0.2294932355483373,0.091201083935591
158,24,24,0.0,-0.009442621298755208,8.207365890343985,,,,,,,,,,,,0.021290955424774438,0.2125325525800387,0.34501206626494724,0.31480009978016216,0.26073095202445984,0.08844365191386
160,24,24,0.0,0.0026053210409979024,14.157538811365763,,,,,,,,,,,,0.02547104637293766,0.2236979172254602,0.3457340362171332,0.3158208678166072,0.32581471527616185,0.08576958985908939
162,24,24,0.0,-0.014330544935849806,23.221197764078777,,,,,,,,,,,,0.019760162036012236,0.19869791716337204,0.3462212545176347,0.316508727769057,0.2386491745710373,0.08317637711026711
164,24,24,0.0,-0.00368841749150306,12.324565132459005,,,,,,,,,,,,0.016179505871453632,0.17978515662252903,0.34661635259787243,0.3170703699191411,0.2964588577548663,0.08066156921766134
166,24,24,0.0,-0.004154545196797699,22.417566378911335,,,,,,,,,,,,0.0189258969136669,0.19964192745586237,0.34699584171175957,0.31760868305961293,0.37652692571282387,0.0782227956386003
168,24,24,0.0,-0.0035335077360893288,15.549444635709127,,,,,,,,,,,,0.02362391438994867,0.22604166623204947,0.3476328489681085,0.3185080165664355,0.2827928041418393,0.0758577575029184
170,24,24,0.0,-0.009138186336106932,12.590565085411072,,,,,,,,,,,,0.021032755971342947,0.2441406256208817,0.34846166024605435,0.3196790739893913,0.25889345072209835,0.0735642254459641
172,12,24,0.0,0.008287443468968073,9.892240524291992,,,,,,,,,,,,0.027541938063222915,0.25208333507180214,0.3493446211020152,0.3209269295136134,0.23486259952187538,0.0713400375071256
174,18,24,0.0,-0.002674347721040249,14.881038400861952,,,,,,,,,,,,0.024830333513414696,0.23628472267753547,0.34962111049228245,0.32131488290097976,0.20830165015326607,0.06918309709189364
176,6,24,0.0,0.02417955392350753,11.519062836964926,,,,,,,,,,,,0.04741609562188387,0.3752604176600774,0.349674051006635,0.3213886171579361,0.1752745881676674,0.06709137099554112
178,24,24,0.0,-0.003808100513803462,10.175925215085348,,,,,,,,,,,,0.01880100571239988,0.21370442770421505,0.3498770669102669,0.3216742016375065,0.26770436577498913,0.06506288748655574
180,12,24,0.0,0.0057945773005485535,11.754222869873047,,,,,,,,,,,,0.018872773163214635,0.18671875074505806,0.35026505092779797,0.32222158710161847,0.25474246218800545,0.06309573444801932
182,24,24,0.0,0.003457019901058326,10.551886598269144,,,,,,,,,,,,0.022267527179792523,0.2423502616584301,0.35067951927582425,0.3228058082362016,0.25173043708006543,0.06118805757518219
184,24,24,0.0,-0.005057384599543487,14.295266350110372,,,,,,,,,,,,0.016886299398417275,0.1900716150800387,0.3509308112164338,0.32315535719196004,0.25128282979130745,0.059338058627532796
186,24,24,0.0,-0.005455102965546151,9.11940368016561,,,,,,,,,,,,0.025266417166373383,0.2669270845750968,0.35115978866815567,0.32347767800092697,0.17895801241199175,0.05754399373371568
188,5,24,0.0,0.0436396561563015,14.252326774597169,,,,,,,,,,,,0.06057280241511762,0.32578125,0.35121467113494875,0.3235566794872284,0.26905333399772646,0.05580417174769964
190,24,24,0.0,-0.007576080000338455,14.336392482121786,,,,,,,,,,,,0.011331470246659592,0.13287760441501936,0.3514581173658371,0.3238952135046323,0.22473241575062275,0.054116952654646354
192,24,24,0.0,-0.002696460830823829,28.059643387794495,,,,,,,,,,,,0.018194485902010154,0.20260416685293117,0.35173047333955765,0.32427174722154933,0.22993481593827406,0.05248074602497723
194,24,24,0.0,-0.009915391681715846,9.995417157808939,,,,,,,,,,,,0.01190638996680112,0.15276692699020109,0.35159873838226,0.32408807054162025,0.25493316166102886,0.05089400951518089
196,24,24,0.0,-0.00693515531020239,10.035579979419708,,,,,,,,,,,,0.012023841234622523,0.14873046924670538,0.35165610785285634,0.3241652051607768,0.2131355945020914,0.049355247413948054
198,24,24,0.0,-0.005618099433680375,8.78102441628774,,,,,,,,,,,,0.014004160853801295,0.16725260578095913,0.35210467875003815,0.324788407733043,0.2180393555512031,0.04786300923226383
200,24,24,0.0,-0.011477101827040315,15.992677927017212,,,,,,,,,,,,0.019823741711055238,0.23876953249176344,0.3523346496125062,0.3251090310513973,0.1607786056896051,0.04641588833612779
202,24,24,0.0,-0.009700512668738762,12.633096297581991,,,,,,,,,,,,0.015246228707837872,0.1820312508692344,0.35240601375699043,0.32521114746729535,0.2275397746513287,0.045012520620613346
204,24,24,0.0,-0.0068894339686570065,12.315279066562653,,,,,,,,,,,,0.0195973543159198,0.2142252610065043,0.3527284935116768,0.3256662003695965,0.17776467092335224,0.043651583224016605
206,24,24,0.0,-0.00910352038530012,11.155689418315887,,,,,,,,,,,,0.01946351919711257,0.21946614732344946,0.35298074781894684,0.3260194659233093,0.17418601053456464,0.042331793280882095
208,24,24,0.0,-0.006573649821802974,26.720539887746174,,,,,,,,,,,,0.015488202023940781,0.1724283859754602,0.35312767202655476,0.3262222831447919,0.2355099314202865,0.04105190671273076
210,24,24,0.0,-0.01186361969060575,18.74756254752477,,,,,,,,,,,,0.014120474341325462,0.1518554692156613,0.35317020987470943,0.32627784088253975,0.15531077918907008,0.03981071705534975
212,24,24,0.0,-0.003270256759909292,17.633651951948803,,,,,,,,,,,,0.018938362210368116,0.22421875037252903,0.3532922590772311,0.3264463357627392,0.1716748041411241,0.03860705432153811
214,24,24,0.0,-0.015275997825180335,9.421077529589335,,,,,,,,,,,,0.01237309692199536,0.1343750006829699,0.35289760679006577,0.32589561864733696,0.20475613015393415,0.037439783898238106
216,24,24,0.0,-0.005469289103833337,9.844293077786764,,,,,,,,,,,,0.02332847420863497,0.23759765612582365,0.35231692840655643,0.32508167376120883,0.1850657897690932,0.03630780547701015
218,24,24,0.0,-0.014886956914172819,18.426503280798595,,,,,,,,,,,,0.015633265196811408,0.17848307359963655,0.352464875827233,0.3252862257262071,0.18212529582281908,0.035210052016845204
220,18,24,0.0,-0.0011563845619093627,11.80448603630066,,,,,,,,,,,,0.017805914996036638,0.18194444560342365,0.352589863869879,0.3254587948322296,0.22046209623416266,0.03414548873833602
222,6,24,0.0,0.027254197901735704,15.022668838500977,,,,,,,,,,,,0.030734579001242917,0.27200521032015484,0.3523148496945699,0.32507195075352985,0.20333219319581985,0.03311311214825912
224,24,24,0.0,-0.017138433720295627,12.748477955659231,,,,,,,,,,,,0.01695588413470735,0.20016276091337204,0.35184921820958454,0.324410912891229,0.2032351866364479,0.03211194909364822
226,24,24,0.0,-0.008491546517082801,9.763261695702871,,,,,,,,,,,,0.02209071450245877,0.2160481767108043,0.35133810962239903,0.32368134955565137,0.25850986937681836,0.03114105584446759
228,12,24,0.0,-7.123973531027634e-05,18.898085316022236,,,,,,,,,,,,0.027127772957707446,0.20006510491172472,0.35138807942469913,0.323751596113046,0.231273436297973,0.030199517204020157
230,12,24,0.0,0.0033746141319473586,10.254025936126709,,,,,,,,,,,,0.029522120554853853,0.2577473968267441,0.35117801278829575,0.3234601765871048,0.1970478519797325,0.029286445646252362
232,12,24,0.0,0.007087375017969559,31.938163598378498,,,,,,,,,,,,0.01940809531758229,0.19752604328095913,0.35097452501455945,0.3231787507732709,0.19688304016987482,0.02840098047914215
234,24,24,0.0,-0.0034100787403682866,16.556336581707,,,,,,,,,,,,0.014125873286199445,0.1691731771764656,0.3510095998644829,0.3232248363395532,0.18567080982029438,0.027542287033381675
236,24,24,0.0,-0.004470145135807495,19.020185311635334,,,,,,,,,,,,0.018329310939103987,0.210579426959157,0.3513253095249335,0.3236584390203158,0.1920505960782369,0.026709555875589864
238,18,24,0.0,0.003147934356497394,10.272089083989462,,,,,,,,,,,,0.02502407472477191,0.2373697923289405,0.35149384869469535,0.32389069265789455,0.19731580217679343,0.025902002045313236
240,24,24,0.0,-0.00719695685741802,18.525141835212708,,,,,,,,,,,,0.013981295606451264,0.16669921887417635,0.3513226968546708,0.32364898671706516,0.17997757345438004,0.025118864315095798
242,24,24,0.0,-0.008253918184588352,8.205561518669128,,,,,,,,,,,,0.0161759555436826,0.16653645876795053,0.3511085771024227,0.3233511845270793,0.2117713956783215,0.024359404472920277
244,24,24,0.0,-0.0006079672990987698,11.626567224661509,,,,,,,,,,,,0.014759118659033751,0.17288411470750967,0.35110416387518245,0.3233461044728756,0.22120145770410696,0.023622906626344625
246,24,24,0.0,-0.017536634361022152,10.408494194348654,,,,,,,,,,,,0.02407625623163767,0.24332682446887097,0.35117696101466817,0.3234422368307908,0.18802277619640032,0.02290867652767774
248,18,24,0.0,-0.0037636488883031737,7.657673544353909,,,,,,,,,,,,0.020610969403706905,0.22330729249450895,0.3510873383945889,0.323312532570627,0.18787741743856007,0.022216040919558106
250,24,24,0.0,-0.003898451190252672,7.057872434457143,,,,,,,,,,,,0.012053437026528021,0.14521484387417635,0.3504220110674699,0.3223768398165703,0.19752843491733074,0.021544346900318825
252,24,24,0.0,-0.011497676954604685,10.980090518792471,,,,,,,,,,,,0.018723518975699942,0.20898437624176344,0.3491436839103699,0.32059570277730626,0.21148648361365,0.0208929613085404
254,18,24,0.0,-0.00206844922569063,12.108875380622017,,,,,,,,,,,,0.0227990062493417,0.2437500005794896,0.3481737259361479,0.3192303429047267,0.18421800682942072,0.02026127012621143
256,24,24,0.0,-0.004648566944524646,12.91798746585846,,,,,,,,,,,,0.018946703795033198,0.20120442813883224,0.3473629417518775,0.3180793573458989,0.20130417123436928,0.019648677899934682
258,24,24,0.0,-0.010470936773344874,9.157726883888245,,,,,,,,,,,,0.021799264252573874,0.2295898450538516,0.34676314517855644,0.31722417101264,0.1978128831833601,0.019054607179632473
260,24,24,0.0,-0.006597565254196525,13.106839338938395,,,,,,,,,,,,0.015419059539757049,0.18274739601959786,0.34623055656750995,0.31646714980403584,0.18917227536439896,0.018478497974222907
262,18,24,0.0,-0.003973940283887916,13.143622292412651,,,,,,,,,,,,0.023499473890600104,0.23051215377118853,0.34487086203363204,0.31453488601578605,0.1920598496993383,0.017919807223753345
264,12,24,0.0,0.007711124295989673,14.580375989278158,,,,,,,,,,,,0.021776017189646762,0.23014322854578495,0.34406260897715885,0.3133845155437787,0.20269854242602983,0.017378008287493755
266,24,24,0.0,-0.007994058697173992,14.965829809506735,,,,,,,,,,,,0.017565404705237597,0.20120442736273011,0.34349308038751286,0.3125808835029602,0.2303967991222938,0.016852590447507514
268,18,24,0.0,0.00066505858881606,14.838661776648628,,,,,,,,,,,,0.025220121439714503,0.2547743072112401,0.3427043888303969,0.3114680035246743,0.216912599073516,0.01634305842723138
270,24,24,0.0,-0.010055808389248947,19.97831843296687,,,,,,,,,,,,0.016179747792193666,0.18968098983168602,0.34198526789744693,0.31044405698776245,0.22913362085819244,0.015848931924611124
272,24,24,0.0,-0.005506525747478008,11.811123112837473,,,,,,,,,,,,0.019701901959100116,0.20198567708333334,0.3412681284050147,0.3094177407522996,0.20789167657494545,0.015369745159352724
274,12,24,0.0,0.0070090404866884155,15.506006399790445,,,,,,,,,,,,0.02537426787118117,0.26731770920256775,0.3412400707602501,0.3093734532594681,0.20093211407462755,0.01490504643386196
276,24,24,0.0,-0.01009906574715084,12.457185566425323,,,,,,,,,,,,0.014538715486802781,0.1680664069329699,0.3408375022312005,0.30879613757133484,0.23224259788791338,0.014454397707459267
278,12,24,0.0,0.0030354190773020187,10.297796408335367,,,,,,,,,,,,0.02322956279385835,0.23919270932674408,0.3402177691459656,0.3079115276535352,0.20808843399087587,0.014017374183467704
280,18,24,0.0,-0.004272364442133241,13.725461430019802,,,,,,,,,,,,0.018065470232007403,0.20373263913724157,0.33999350998136735,0.30759090847439235,0.20883294029368293,0.013593563908785251
282,24,24,0.0,-0.0033660070427382984,9.312589387098948,,,,,,,,,,,,0.01568425140188386,0.18909505320092043,0.3393055722117424,0.3066076797743638,0.19860286638140678,0.013182567385564075
284,18,24,0.0,0.004120895587321784,14.82962245411343,,,,,,,,,,,,0.023030681289835937,0.24995659788449606,0.33867917623784805,0.3057047956519657,0.22927652796109518,0.01278399719463024
286,24,24,0.0,-0.014179935601229468,22.9937348763148,,,,,,,,,,,,0.017571665269012254,0.17438151043218872,0.3378300108015537,0.3044778195520242,0.1864097397774458,0.012397477630289441
288,24,24,0.0,-0.010206441472594937,10.574425200621286,,,,,,,,,,,,0.018276668793987483,0.17330729216337204,0.33658608173330623,0.302695299188296,0.21241094109912714,0.012022644346174135
290,18,24,0.0,-0.004475398765256007,12.037518395317925,,,,,,,,,,,,0.022609906490995653,0.23984375182125303,0.3356139808893204,0.30130600266986424,0.19208236121469074,0.01165914401179832
292,24,24,0.0,-0.006801199342589825,22.274550358454388,,,,,,,,,,,,0.02145371390361106,0.22903645876795053,0.33492646490534145,0.30031148095925647,0.20021981249252954,0.011306633979496385
294,24,24,0.0,-9.934246190823615e-05,14.893934547901154,,,,,,,,,,,,0.01860173451132141,0.18694661495586237,0.3341679361959298,0.29920395587881404,0.19148047268390656,0.010964781961431856
296,24,24,0.0,-0.006999968027230352,10.132266600926718,,,,,,,,,,,,0.013157038347950826,0.1584309902973473,0.33308087289333344,0.29761659105618793,0.16849257051944733,0.010633265716371606
298,24,24,0.0,-0.012865463582177957,16.74161930878957,,,,,,,,,,,,0.024102041619092535,0.23606770858168602,0.3320470377802849,0.2960991772512595,0.1611823303004106,0.010311772745930557
300,18,24,0.0,-0.007027829117659066,14.055581516689724,,,,,,,,,,,,0.01656599597643233,0.17287326397167313,0.33149593075116474,0.29529107610384625,0.1829895774523417,0.010000000000000002
302,24,24,0.0,-0.0098598141145582,11.365703503290812,,,,,,,,,,,,0.01705135045631323,0.19951171893626451,0.33080536499619484,0.2942826362947623,0.18432393483817577,0.010000000000000004
304,24,24,0.0,-0.007906240411102772,14.493145048618317,,,,,,,,,,,,0.015245584344180921,0.18001302145421505,0.32939664522806805,0.29222136239210766,0.19717079835633436,0.010000000000000004
306,24,24,0.0,-0.004242971733522912,10.060738245646158,,,,,,,,,,,,0.018894565209241893,0.2044596370930473,0.3280322439968586,0.2902245285610358,0.1837571362654368,0.010000000000000004
308,24,24,0.0,-0.012335035872335235,15.880328257878622,,,,,,,,,,,,0.015204866601076597,0.1627929691846172,0.3266892458001773,0.28825044880310696,0.15634776465594769,0.010000000000000004
310,24,24,0.0,-0.014219311531633139,13.904102245966593,,,,,,,,,,,,0.016902661494289834,0.18554687624176344,0.32531585544347763,0.2862219400703907,0.16351535792152086,0.010000000000000004
312,24,24,0.0,-0.0065667001053952845,13.83109857638677,,,,,,,,,,,,0.010146986411806816,0.12600911455228925,0.3246607246498267,0.2852502738436063,0.19389114839335284,0.010000000000000004
314,24,24,0.0,-0.012615209590876475,6.27272708217303,,,,,,,,,,,,0.015880461801619578,0.16848958345750967,0.32354315742850304,0.2835874805847804,0.15844515028099218,0.010000000000000004
316,24,24,0.0,-0.015380941952268282,12.358644823233286,,,,,,,,,,,,0.019217774126445875,0.2070963541045785,0.32254645228385925,0.28210452819863957,0.17974532768130302,0.010000000000000004
318,24,24,0.0,-0.011968967174955955,16.77236404021581,,,,,,,,,,,,0.01278132563068842,0.14638671899835268,0.3214237255354722,0.28042259564002353,0.18605849146842957,0.010000000000000004
320,24,24,0.0,-0.012273506998705367,11.830436209837595,,,,,,,,,,,,0.018816369178239256,0.19082031274835268,0.3205244528750579,0.2790757951637109,0.19019430316984653,0.010000000000000004
322,24,24,0.0,-0.015066488568360606,8.706682602564493,,,,,,,,,,,,0.01847791444743052,0.1785156261175871,0.31952550634741783,0.27758532389998436,0.19725023582577705,0.010000000000000004
324,24,24,0.0,-0.010501014709006995,6.342778434356053,,,,,,,,,,,,0.016998732326707493,0.18971354266007742,0.3177669371167819,0.27493834619720775,0.18942853125433126,0.010000000000000004
326,18,24,0.0,0.0029455739099325407,10.402685112423367,,,,,,,,,,,,0.02490976494219568,0.2460069457689921,0.3164302458365758,0.27291533682081437,0.1667600538995531,0.010000000000000002
328,24,24,0.0,-0.006545685231685638,10.726635992527008,,,,,,,,,,,,0.023964292495899524,0.2584960941846172,0.31588519364595413,0.2720769482354323,0.18202774288753668,0.010000000000000004
330,12,24,0.0,0.00684940271700422,10.63836407661438,,,,,,,,,,,,0.02283593765848006,0.24609375,0.31553519268830615,0.2715328534444173,0.16851077849666277,0.009999999999999998
332,24,24,0.0,-0.01569128753665912,11.28585127989451,,,,,,,,,,,,0.016873564973745186,0.16103515649835268,0.3146553511420886,0.27020061512788135,0.18041288976867995,0.010000000000000004
334,12,24,0.0,-0.004156495677307248,15.113702694574991,,,,,,,,,,,,0.02282825931130598,0.21477864806850752,0.31352274616559345,0.26847969740629196,0.16746076196432114,0.009999999999999998
336,24,24,0.0,-0.012661168322665617,11.985565145810446,,,,,,,,,,,,0.018563556227794226,0.17841797011593977,0.3128300942480564,0.26741904268662137,0.15334984349707761,0.010000000000000004
338,24,24,0.0,-0.009259954909794033,19.21838303407033,,,,,,,,,,,,0.016319168275610235,0.18873698016007742,0.311396994938453,0.2652167851726214,0.151736822600166,0.010000000000000004
340,24,24,0.0,-0.01275006402283907,8.59177827835083,,,,,,,,,,,,0.01730121428651425,0.19833984381208816,0.30918734272321063,0.2618136728803317,0.14951207178334394,0.010000000000000004
342,24,24,0.0,-0.008446410941057062,12.777256608009338,,,,,,,,,,,,0.014389885303292735,0.1709635422254602,0.3073474392294884,0.2589755915105343,0.1544080643604199,0.010000000000000004
344,24,24,0.0,-0.01201887836214155,15.036360124746958,,,,,,,,,,,,0.01908341343611634,0.21523437649011612,0.3059946323434512,0.2568964871267478,0.14237001041571298,0.010000000000000004
346,12,24,0.0,0.0010800386468569438,12.61652668317159,,,,,,,,,,,,0.02298970939591527,0.18059895808498064,0.3055008451143901,0.25612880537907284,0.1583367275695006,0.009999999999999998
348,24,24,0.0,-0.011563468375243247,6.551202217737834,,,,,,,,,,,,0.017634623557872448,0.19029947960128388,0.3049682751297951,0.2552955423792203,0.139493923013409,0.010000000000000004
350,12,24,0.0,0.01290702074766159,12.855911413828531,,,,,,,,,,,,0.027259777862733852,0.18248697991172472,0.303968903919061,0.2537284617622693,0.1846209391951561,0.009999999999999998
352,18,24,0.0,-0.002278109495010641,8.880721145206028,,,,,,,,,,,,0.02779600013875299,0.21549479249450895,0.3030363205406401,0.25227612919277614,0.1824886335266961,0.010000000000000002
354,18,24,0.0,-0.004879646313687165,10.436437712775337,,,,,,,,,,,,0.022907272188199893,0.15551215327448314,0.30221735934416455,0.25099287927150726,0.17589163614643943,0.010000000000000002
356,6,24,0.0,0.015395117923617363,19.926286697387695,,,,,,,,,,,,0.031202300839746993,0.26914062599341076,0.30205830931663513,0.2507502834002177,0.17298482606808344,0.01
358,24,24,0.0,-0.008318922909287116,34.20124830802282,,,,,,,,,,,,0.019282098258069407,0.20963541666666666,0.3013557257751624,0.2496556763847669,0.16321206589539847,0.010000000000000004
360,24,24,0.0,-0.011298701574560255,11.080006937185923,,,,,,,,,,,,0.012477818401142335,0.11660156305879354,0.3000337320069472,0.24757989185551801,0.15585176025827727,0.010000000000000004
362,24,24,0.0,-0.010064010818799337,12.21054724852244,,,,,,,,,,,,0.019202413687404867,0.18681640674670538,0.29970616723100346,0.2470503288010756,0.1623618391652902,0.010000000000000004
364,24,24,0.0,-0.005511303015130882,10.207408428192139,,,,,,,,,,,,0.01887753457413055,0.18863932322710752,0.2991248058776061,0.2461293637752533,0.18440766197939715,0.010000000000000004
366,18,24,0.0,-0.01174238934699032,11.015841351615059,,,,,,,,,,,,0.02589281253878855,0.20885416782564586,0.29831189413865405,0.24484576202101177,0.20203310582372877,0.010000000000000002
368,24,24,0.0,-0.005356987666649123,16.446101506551106,,,,,,,,,,,,0.01877042940274502,0.17991536452124515,0.298016211638848,0.24437299432853857,0.1615113914012909,0.010000000000000004
370,24,24,0.0,-0.0014852340488384168,15.57793285449346,,,,,,,,,,,,0.022087888384703547,0.23222656299670538,0.2970703827838103,0.24287326633930206,0.1860472603390614,0.010000000000000004
372,24,24,0.0,-0.008298194811989864,7.6972329417864485,,,,,,,,,,,,0.017505868929826345,0.1829101579884688,0.29626146083076793,0.24159033906956515,0.20208580295244852,0.010000000000000004
374,18,24,0.0,0.0011275381160279114,7.95699863963657,,,,,,,,,,,,0.02255249111395743,0.2494357650478681,0.29537788530190784,0.24017204509841072,0.20719098879231346,0.010000000000000002
376,24,24,0.0,-0.002158909356997659,16.367553770542145,,,,,,,,,,,,0.018659504256599273,0.20722656262417635,0.29428104187051457,0.23841937693456808,0.16179472332199415,0.010000000000000004
378,24,24,0.0,-0.014202784436444441,8.593621551990509,,,,,,,,,,,,0.013695013103036521,0.13665364620586237,0.29265236978729564,0.23579343780875206,0.19686478562653065,0.010000000000000004
380,24,24,0.0,-0.0026966797498365245,9.594682117303213,,,,,,,,,,,,0.0148218420217745,0.18040364685778817,0.2917890188594659,0.234387735525767,0.19760099239647388,0.010000000000000004
382,18,24,0.0,-0.004540120147996479,8.634277926550972,,,,,,,,,,,,0.021724013579336718,0.20069444469279712,0.2910571446021398,0.23320702546172672,0.20528701692819595,0.010000000000000002
384,24,24,0.0,-0.015258324730287617,17.769554833571117,,,,,,,,,,,,0.014997198663574332,0.16735026116172472,0.29019858315587044,0.23180639060835043,0.17009931430220604,0.010000000000000004
386,24,24,0.0,-0.013493934961540313,6.729924976825714,,,,,,,,,,,,0.019948908981556695,0.18932291756694516,0.2890055477619171,0.22983378916978836,0.17342372486988702,0.010000000000000004
388,24,24,0.0,-0.003075172076933086,10.753760774930319,,,,,,,,,,,,0.016576019358277943,0.19762369866172472,0.28758184363444644,0.2274363705267509,0.18471279926598072,0.010000000000000004
390,24,24,0.0,-0.015620474625999728,12.267303764820099,,,,,,,,,,,,0.017796688043745235,0.19241536563883224,0.2864987862606843,0.22564548378189406,0.20118627386788526,0.010000000000000004
392,24,24,0.0,-0.007462764236455162,17.42169698079427,,,,,,,,,,,,0.017386976554310724,0.19186198028425375,0.285946582754453,0.2247109276552995,0.19116785066823164,0.010000000000000004
394,24,24,0.0,-0.010056339747582873,9.964453478654226,,,,,,,,,,,,0.017946610527966794,0.21634114626795053,0.2852414200703303,0.2235331820944945,0.18904689947764078,0.010000000000000004
396,24,24,0.0,-0.0036800019831086197,9.983045816421509,,,,,,,,,,,,0.0252456907570983,0.25901692795256775,0.28427505989869434,0.22196247925360998,0.18281323214372,0.010000000000000004
398,24,24,0.0,-0.007852257573783087,13.906745592753092,,,,,,,,,,,,0.019366610432674253,0.19586588628590107,0.283418744802475,0.22054773258666197,0.20109538547694683,0.010000000000000004
400,18,24,0.0,-0.006265437178727653,9.287692414389717,,,,,,,,,,,,0.01882492468899323,0.19995659879512256,0.28301314844025505,0.21988831708828607,0.1790380204717318,0.010000000000000002
402,24,24,0.0,0.0005581906686226527,19.27260677019755,,,,,,,,,,,,0.021250920719467103,0.19414062642802796,0.28245782976349193,0.21902158421774706,0.18582288548350334,0.010000000000000004
404,18,24,0.0,-0.01225911510280437,13.770427968766954,,,,,,,,,,,,0.02344508420598383,0.1800347218910853,0.2812213997046153,0.21701590716838837,0.19067317578527662,0.010000000000000002
406,24,24,0.0,-0.005450141686499895,15.365918457508087,,,,,,,,,,,,0.0147151537676109,0.15569661557674408,0.28018909071882564,0.21531963472565016,0.18476802917818227,0.010000000000000004
408,24,24,0.0,-0.011606685817241669,21.981656273206074,,,,,,,,,,,,0.014003775213495828,0.1676432304084301,0.2787453196942806,0.21290807984769344,0.1486571083466212,0.010000000000000004
410,12,24,0.0,0.0007121564509967963,15.104409138361612,,,,,,,,,,,,0.03331557624430085,0.19863281399011612,0.27775966624418896,0.2112562693655491,0.17168864359458288,0.009999999999999998
412,12,24,0.0,0.003894035549213489,18.43406081199646,,,,,,,,,,,,0.025250005011912435,0.12630208395421505,0.2769933169086774,0.20997676129142442,0.1835989790658156,0.009999999999999998
414,24,24,0.0,-0.00382685768029963,6.302306890487671,,,,,,,,,,,,0.021665368282507796,0.2115885422875484,0.2768272931377093,0.2097074743360281,0.18546509991089502,0.010000000000000004
416,12,24,0.0,0.00553115919077148,15.801691055297852,,,,,,,,,,,,0.026338040731692065,0.1771484383692344,0.2771005357305209,0.21017005542914072,0.1678191895286242,0.009999999999999998
418,12,24,0.0,0.02289230648117761,12.891335566838583,,,,,,,,,,,,0.044525089149829,0.20247395833333334,0.27703000356753665,0.21005739395817122,0.16373000293970108,0.009999999999999998
420,5,24,0.0,0.043808987736701964,19.485765838623045,,,,,,,,,,,,0.053389364201575515,0.1203125,0.27706739902496336,0.21012602150440216,0.17551588714122773,0.01
422,6,24,0.0,0.030852611176669598,18.540623982747395,,,,,,,,,,,,0.05131180599952737,0.11106770982344945,0.27730192244052887,0.21052158623933792,0.18861728409926096,0.01
424,12,24,0.0,-0.001131972453246514,22.48814074198405,,,,,,,,,,,,0.02540353489651655,0.20006510491172472,0.2775847439964612,0.21100209653377533,0.18687186886866888,0.009999999999999998
426,4,24,0.0,0.018997730687260628,12.840802431106567,,,,,,,,,,,,0.05198785802349448,0.2216796875,0.2778150513768196,0.2113991677761078,0.2124682478606701,0.01
428,6,24,0.0,0.015479595710833868,14.84384028116862,,,,,,,,,,,,0.032176536275073886,0.15625,0.2778601149717967,0.21147969365119934,0.2304594765106837,0.01
430,6,24,0.0,0.014756707474589348,7.638646602630615,,,,,,,,,,,,0.03614038019441068,0.15898437549670538,0.2778725375731786,0.21150329460700354,0.2253341426452001,0.01
432,12,24,0.0,0.015499159150446454,14.049394051233927,,,,,,,,,,,,0.04529516816061611,0.22910156287252903,0.27762055148681003,0.21107798193891844,0.23753469064831734,0.009999999999999998
434,12,24,0.0,0.003693546944608291,12.197368621826172,,,,,,,,,,,,0.03551982707964877,0.26614583283662796,0.2773297627766927,0.21058474481105804,0.20592453827460608,0.009999999999999998
436,12,24,0.0,0.00868424866348505,24.126682837804157,,,,,,,,,,,,0.037758800763792046,0.20266927282015482,0.27711619685093564,0.21021946395436922,0.18870891879002252,0.009999999999999998
438,18,24,0.0,-0.0031502921806855332,22.87698851691352,,,,,,,,,,,,0.02170937851123098,0.15238715294334623,0.27703181240293717,0.21007216970125833,0.18476349943213993,0.010000000000000002
440,12,24,0.0,0.009551234698543945,15.962599198023478,,,,,,,,,,,,0.04905311514933904,0.21341145783662796,0.27678809811671573,0.20967577149470648,0.20727455988526344,0.009999999999999998
442,6,24,0.0,0.01893456093966961,24.332660675048828,,,,,,,,,,,,0.05186361571153005,0.18658854067325592,0.2767629226048787,0.2096326525012652,0.21544899294773737,0.01
444,12,24,0.0,0.00799019696811835,15.386496543884277,,,,,,,,,,,,0.04346174973761663,0.201041666790843,0.27644938230514526,0.20910978938142458,0.18452811862031618,0.009999999999999998
446,12,24,0.0,0.02234293264336884,15.865968545277914,,,,,,,,,,,,0.045552205468993634,0.1473307286699613,0.27576808879772824,0.20796861747900644,0.17496674011150995,0.009999999999999998
448,12,24,0.0,0.0008483616014321645,56.149083932240806,,,,,,,,,,,,0.026433703237368416,0.13938802108168602,0.2751487120985985,0.20690935229261717,0.14853759109973907,0.009999999999999998
450,12,24,0.0,0.0035993168130517006,23.134620666503906,,,,,,,,,,,,0.029143390245735645,0.19485677095750967,0.2746269926428795,0.20601613819599152,0.16832786053419113,0.009999999999999998
452,6,24,0.0,0.02498396796484788,10.865561803181967,,,,,,,,,,,,0.031940326831924416,0.2983072946468989,0.2743200759092967,0.20547929654518762,0.19851107895374298,0.01
454,12,24,0.0,0.004349142429418862,9.83323367436727,,,,,,,,,,,,0.035039919486735016,0.19882812475164732,0.27411048859357834,0.20510842899481455,0.1614543708662192,0.009999999999999998
456,6,24,0.0,0.012992968782782555,9.82222588857015,,,,,,,,,,,,0.04223727683226267,0.3292968769868215,0.2737273722887039,0.20444500943024954,0.16618754218022028,0.01
458,12,24,0.0,-0.002117670218770703,10.912099719047546,,,,,,,,,,,,0.02408811025088653,0.12519531262417635,0.2735334634780884,0.2040993000070254,0.1612998495499293,0.009999999999999998
460,12,24,0.0,-0.008747558575123549,10.925743182500204,,,,,,,,,,,,0.018126455969953287,0.1677083329608043,0.27351820717255276,0.20403515050808588,0.1792478747665882,0.009999999999999998
462,18,24,0.0,-0.0037872063823872143,8.84046917491489,,,,,,,,,,,,0.02216963482917183,0.18263889021343654,0.2730943196349674,0.20326899902688134,0.1572775203320715,0.010000000000000002
464,24,24,0.0,-0.010770526947453618,16.88008213043213,,,,,,,,,,,,0.01935591835839053,0.15624999968955913,0.2723279322187106,0.20194649075468382,0.15705174518128237,0.010000000000000004
466,12,24,0.0,0.010983923527722558,10.31105093161265,,,,,,,,,,,,0.023077266562419634,0.21901041766007742,0.2714284434914589,0.20041419938206673,0.18952380617459616,0.009999999999999998
468,12,24,0.0,-0.0013584086361030738,17.217332760492962,,,,,,,,,,,,0.027985831897240132,0.16705729315678278,0.2712872376044591,0.2001793384552002,0.1998855508863926,0.009999999999999998
470,12,24,0.0,-0.0005886402601997057,12.800220410029093,,,,,,,,,,,,0.03726227862838035,0.1847656269868215,0.2709980259339015,0.19966095810135207,0.2090306654572487,0.009999999999999998
472,12,24,0.0,0.0069059620921810465,11.427013476689657,,,,,,,,,,,,0.05317312314097459,0.09778645820915699,0.27038195977608365,0.1985900985697905,0.18493557969729105,0.009999999999999998
474,24,24,0.0,-0.0048706314992159605,11.675273279349009,,,,,,,,,,,,0.01422302233792531,0.13287760534634194,0.269112008313338,0.19638887358208498,0.16782855739196142,0.010000000000000004
476,24,24,0.0,-0.01645705724755923,9.169130712747574,,,,,,,,,,,,0.013559375831391662,0.15465494928260645,0.26693660269180935,0.19262950184444586,0.17895103494326273,0.010000000000000004
478,18,24,0.0,-0.005854927727745639,11.01909687783983,,,,,,,,,,,,0.02231464687631362,0.20438368121782938,0.2656880219777425,0.19044595708449683,0.16764469693104425,0.010000000000000002
480,24,24,0.0,-0.0054332916042767465,18.19270573059718,,,,,,,,,,,,0.023607041250215843,0.23769531399011612,0.2651461027562618,0.18953942321240902,0.15529128288229307,0.010000000000000004
482,24,24,0.0,0.0004412224128221472,17.79886184136073,,,,,,,,,,,,0.015093199316955483,0.1852213547875484,0.26438750699162483,0.18823861765364805,0.13470069784671068,0.010000000000000004
484,24,24,0.0,-0.014590300930043062,15.970028777917227,,,,,,,,,,,,0.016881822773333017,0.1520182297875484,0.26293667033314705,0.18571525812149048,0.1601520006855329,0.010000000000000004
486,24,24,0.0,-0.001985953189432621,9.410959561665853,,,,,,,,,,,,0.018749718166266877,0.1586263021454215,0.26158130044738453,0.18330764397978783,0.15472679771482944,0.010000000000000004
488,8,24,0.0,-0.0016806074418127537,15.04354739189148,,,,,,,,,,,,0.021955257027002517,0.11494140652939677,0.2601061128079891,0.18070875108242035,0.14974460937082767,0.01
490,24,24,0.0,-0.005069333283851544,9.114080707232157,,,,,,,,,,,,0.013144967138941865,0.163444010540843,0.2589981481432915,0.17871759024759135,0.15094807309408984,0.010000000000000004
492,18,24,0.0,-0.0072345807113581235,12.033544699350992,,,,,,,,,,,,0.02164535501247479,0.1671875003311369,0.2576191657119327,0.17620197104083168,0.16368291361464393,0.010000000000000002
494,12,24,0.0,0.014070726620654265,13.052470882733664,,,,,,,,,,,,0.026564013154711574,0.13841145858168602,0.25677217294772464,0.1746432719131311,0.1482997126877308,0.009999999999999998
496,24,24,0.0,-0.008984195184893906,9.670153041680654,,,,,,,,,,,,0.017087945860112086,0.12480468753104408,0.2560717525581519,0.17334783636033535,0.14811892497042814,0.010000000000000004
498,18,24,0.0,-0.007457656941066186,10.724783844417995,,,,,,,,,,,,0.02339556323002196,0.11896701446837848,0.2555394387907452,0.17240550037887362,0.14154447118441263,0.010000000000000002
500,24,24,0.0,-0.006401800589325528,22.83773597081502,,,,,,,,,,,,0.016977639053948224,0.15986328230549893,0.25438645482063293,0.17039593619604906,0.1465632300823927,0.010000000000000004
502,18,24,0.0,-4.1179643529984685e-05,12.640660497877333,,,,,,,,,,,,0.030068328759322565,0.1581597232984172,0.253571543428633,0.16897501630915535,0.18228628238042197,0.010000000000000002
504,18,24,0.0,-0.001152626419853833,16.097257561153835,,,,,,,,,,,,0.02298443113815867,0.1826822923289405,0.25309402247269946,0.16813804540369245,0.1885707394944297,0.010000000000000002
506,18,24,0.0,-0.007298991549760103,15.10298917028639,,,,,,,,,,,,0.02449293344074653,0.12973090302613047,0.25248585806952584,0.16705010914140278,0.14675503886408275,0.010000000000000002
508,24,24,0.0,-0.00013838374676803747,14.340226193269094,,,,,,,,,,,,0.020507213795402397,0.2330729179084301,0.2516638326148192,0.16553595600028834,0.13548179809004068,0.010000000000000004
510,18,24,0.0,-0.009132489820735322,10.18126360575358,,,,,,,,,,,,0.02073847241182294,0.1276041672875484,0.25092821154329514,0.16420843534999424,0.14591790984074274,0.010000000000000002
512,12,24,0.0,0.0019863125247259936,9.095965464909872,,,,,,,,,,,,0.02155621468167131,0.2218098963300387,0.2504877721269925,0.16339908788601556,0.16953201095263162,0.009999999999999998
514,24,24,0.0,0.0012012006094058354,10.849268198013306,,,,,,,,,,,,0.012072955879072348,0.09593098998690645,0.24952076810101667,0.16164971701800823,0.14750866467754045,0.010000000000000004
516,12,24,0.0,0.003330304908255736,19.26811170578003,,,,,,,,,,,,0.02472393941085708,0.13300781324505806,0.2477329708635807,0.15837754433353743,0.135744488487641,0.009999999999999998
518,12,24,0.0,0.018205860474457342,14.789572397867838,,,,,,,,,,,,0.040373185668916754,0.11875000099341075,0.24705351268251738,0.15712700163324675,0.14361812298496565,0.009999999999999998
520,12,24,0.0,0.004516870714724064,11.345890045166016,,,,,,,,,,,,0.02875853341538459,0.10266927133003871,0.24659272904197374,0.15628730008999506,0.14338216558098793,0.009999999999999998
522,18,24,0.0,0.004500234680664208,6.7716405391693115,,,,,,,,,,,,0.022493643285189237,0.2187500008278423,0.24576480603880352,0.154745914041996,0.1246637793050872,0.010000000000000002
524,24,24,0.0,-0.015198591320465008,15.016630371411642,,,,,,,,,,,,0.018703647726700485,0.16793619903425375,0.24505913319687048,0.15340906754136086,0.12759824097156525,0.010000000000000004
526,24,24,0.0,-0.0025344258174300194,10.135486940542856,,,,,,,,,,,,0.015197601829034587,0.1541992196192344,0.2448994666337967,0.15310642992456755,0.15536500823994479,0.010000000000000004
528,9,24,0.0,9.292860825856526e-05,9.921125306023491,,,,,,,,,,,,0.08503778788468076,0.14661458300219643,0.2445905605951945,0.15251178708341387,0.14056482083267635,0.01
530,12,24,0.0,0.008029931069662174,18.449874957402546,,,,,,,,,,,,0.03972061810782179,0.19557291890184084,0.2444793408115705,0.15228763595223427,0.1894120549162229,0.009999999999999998
532,12,24,0.0,0.005938984453678131,22.76174267133077,,,,,,,,,,,,0.02664049156010151,0.13567708370586237,0.2445533126592636,0.15242110068599382,0.14477198074261347,0.009999999999999998
534,24,24,0.0,-0.008573278125065068,14.822613020737966,,,,,,,,,,,,0.019956773864881445,0.1499348965783914,0.24429555796086788,0.15195852083464464,0.17889949741462866,0.010000000000000004
536,12,24,0.0,0.00449695826197664,17.439964214960735,,,,,,,,,,,,0.021564901107922196,0.14869791766007742,0.24386612822612128,0.15116912002364793,0.15094989662369093,0.009999999999999998
538,12,24,0.0,0.0037100978661328554,12.597119569778442,,,,,,,,,,,,0.026584346119003992,0.17832031349341074,0.2436199113726616,0.15069419021407762,0.15811414271593094,0.009999999999999998
540,18,24,0.0,0.009358855792217784,12.514821211496988,,,,,,,,,,,,0.031743851542058915,0.2300347238779068,0.24346638388103908,0.15040285057491726,0.138478128446473,0.010000000000000002
542,12,24,0.0,0.008814320589105288,16.37657364209493,,,,,,,,,,,,0.03040041382579754,0.14973958333333334,0.24347486843665442,0.15046308313806853,0.14712710057695708,0.009999999999999998
544,12,24,0.0,-0.0026185971995194754,9.97766145070394,,,,,,,,,,,,0.038497745127339535,0.17128906399011612,0.243230781207482,0.1500608411928018,0.1388035292426745,0.009999999999999998
546,18,24,0.0,-0.005545983504917886,8.413044611612955,,,,,,,,,,,,0.02809584518480632,0.19782986119389534,0.24280260917213228,0.14927688241004944,0.1325098772843679,0.010000000000000002
548,12,24,0.0,0.013066291809082031,18.4005225499471,,,,,,,,,,,,0.02650310892689352,0.1944661463300387,0.2417825385928154,0.14733922109007835,0.18407041703661284,0.009999999999999998
550,12,24,0.0,0.001213476372261842,19.52482469876607,,,,,,,,,,,,0.026619318484639127,0.14023437599341074,0.2412063591182232,0.14624910429120064,0.12046106408039729,0.009999999999999998
552,18,24,0.0,-0.004911805916991498,23.487574365403916,,,,,,,,,,,,0.022617309910452202,0.13463541699780357,0.24043548438284132,0.14479389124446446,0.13377177466948828,0.010000000000000002
554,9,24,0.0,0.005919823526508278,13.276567565070259,,,,,,,,,,,,0.04023894670212434,0.1232638888888889,0.23962640762329102,0.14325248036119673,0.13142614232169259,0.01
556,12,24,0.0,0.007318243384361267,9.30884846051534,,,,,,,,,,,,0.041813355909350015,0.12597656374176344,0.23907969146966934,0.14220656330386797,0.1329276201625665,0.009999999999999998
558,18,24,0.0,-0.004749538687368234,12.45435619354248,,,,,,,,,,,,0.02195483756562074,0.19592013830939928,0.23810246586799622,0.14034140275584328,0.11269671221574147,0.010000000000000002
560,18,24,0.0,-0.005255044437944889,8.849555121527779,,,,,,,,,,,,0.022941901982348,0.1692274303899871,0.23735983504189384,0.13890591926044887,0.12088213654028045,0.010000000000000002
562,24,24,0.0,-0.007102236578551431,9.629662235577902,,,,,,,,,,,,0.016874663376559813,0.1979166672875484,0.23617401036123434,0.13658558080593744,0.13246904530872902,0.010000000000000004
564,12,24,0.0,0.005142686112473409,9.59960126876831,,,,,,,,,,,,0.027594478548659634,0.14199218751552203,0.2348935231566429,0.1341179423034191,0.12277317668000857,0.009999999999999998
566,24,24,0.0,-0.0016441841144114733,7.177727202574412,,,,,,,,,,,,0.02299762545347524,0.19013671856373549,0.23407452243069807,0.13253465356926122,0.13357146891454855,0.010000000000000004
568,18,24,0.0,-0.004939151669128073,7.3850997818840876,,,,,,,,,,,,0.02750160348498159,0.19401041832235125,0.2333050924870703,0.13099972324238884,0.13255341930521858,0.010000000000000002
570,24,24,0.0,-0.00586062472575577,12.45522407690684,,,,,,,,,,,,0.01637931361134785,0.1451822922875484,0.23243123603363833,0.1292774435132742,0.1289065241192778,0.010000000000000004
572,24,24,0.0,-0.008491246126747379,23.420207341512043,,,,,,,,,,,,0.02295632314053364,0.13919270845750967,0.23136893349389234,0.12711488579710326,0.13188598894824585,0.010000000000000004
574,18,24,0.0,-0.0003886937888132201,17.720350636376274,,,,,,,,,,,,0.027592272989244923,0.19639757027228674,0.23062734388642842,0.125586099922657,0.12773576171861756,0.010000000000000002
576,24,24,0.0,-0.005673316695416967,16.146916667620342,,,,,,,,,,,,0.018289763645346586,0.1518554693708817,0.2305040036638578,0.12534958372513452,0.12458589641998212,0.010000000000000004
578,24,24,0.0,-0.007233983953483403,15.458577235539755,,,,,,,,,,,,0.024645684980593312,0.17246093787252903,0.23013774616022906,0.12464373217274745,0.1327100181952119,0.010000000000000004
580,12,24,0.0,0.00992136417577664,20.496501604715984,,,,,,,,,,,,0.022569191428677488,0.20826822891831398,0.22924669086933136,0.12285093404352665,0.13056644921501478,0.009999999999999998
582,18,24,0.0,0.0033929927740246058,13.13148135609097,,,,,,,,,,,,0.02277882553688768,0.16467013872332043,0.22876621699995464,0.12183762383129862,0.14739899088939032,0.010000000000000002
584,12,24,0.0,0.003940082698439558,16.250770568847656,,,,,,,,,,,,0.023888379626441747,0.19947916641831398,0.22868312646945319,0.1216286017249028,0.1653061012427012,0.009999999999999998
586,12,24,0.0,-0.0009338527064149579,12.588809887568155,,,,,,,,,,,,0.024955865538989503,0.13229166654249033,0.22810698797305426,0.12048457625011604,0.11884417136510213,0.009999999999999998
588,24,24,0.0,-0.005355511830809216,36.9308047691981,,,,,,,,,,,,0.023278079548617825,0.21077474082509676,0.22733387226859728,0.11892164374391238,0.11393463083853324,0.010000000000000004
590,24,24,0.0,-0.006898487995689114,7.444562534491221,,,,,,,,,,,,0.02124452233935396,0.18196614645421505,0.22614499678214392,0.11658591497689486,0.11587508798887332,0.010000000000000004
592,24,24,0.0,-0.0013046558985176186,16.425795793533325,,,,,,,,,,,,0.018296778163251776,0.1504557297254602,0.2241078851123651,0.11252845730632544,0.113269981307288,0.010000000000000004
594,24,24,0.0,-0.005361743116130431,11.156527757644653,,,,,,,,,,,,0.01783797818158443,0.19847005202124515,0.22311248630285263,0.11048561582962672,0.11141339037567377,0.010000000000000004
596,24,24,0.0,-0.005050649691838771,12.101034065087637,,,,,,,,,,,,0.0192529476286533,0.18027343787252903,0.22245786090691885,0.10913443720589082,0.12578555506964526,0.010000000000000004
598,12,24,0.0,0.012955311064918837,13.437389930089315,,,,,,,,,,,,0.018364501049897324,0.18320312475164732,0.22231223061680794,0.10881063280006249,0.10217821101347606,0.009999999999999998
600,24,24,0.0,-0.005775945882002513,20.25486232837041,,,,,,,,,,,,0.02073148568160832,0.16621093762417635,0.22100083467861018,0.10613866491864125,0.10793014677862327,0.010000000000000004
602,24,24,0.0,-0.0005545977813502153,10.113798399766287,,,,,,,,,,,,0.019268167690218736,0.16735026147216558,0.2188425703595082,0.10172510767976443,0.09958389153083165,0.010000000000000004
604,24,24,0.0,-0.00893106396930913,13.486974875132242,,,,,,,,,,,,0.009368038372485898,0.09850260413562258,0.21756047817567983,0.09911373971650998,0.12688648980110884,0.010000000000000004
606,24,24,0.0,-0.007580359078322847,20.497575600941975,,,,,,,,,,,,0.024519868253264576,0.20279947901144624,0.21686051040887833,0.09770820941776037,0.13711744267493486,0.010000000000000004
608,24,24,0.0,-0.011667102032030622,7.578310151894887,,,,,,,,,,,,0.017597139774200816,0.13701171924670538,0.21579521149396896,0.09550619125366211,0.10491618141531944,0.010000000000000004
610,18,24,0.0,-0.008935103399886025,12.199268897374472,,,,,,,,,,,,0.024910916276793513,0.13797743121782938,0.21508436732821995,0.0940200462937355,0.11530660837888718,0.010000000000000002
612,24,24,0.0,-0.009633264970034361,16.73937290906906,,,,,,,,,,,,0.014494416216621175,0.13251953137417635,0.21480906630555788,0.0934291873127222,0.10552283593763907,0.010000000000000004
614,24,24,0.0,-0.009734917160434028,6.8624197741349535,,,,,,,,,,,,0.013947975753884142,0.15615234524011612,0.2133476547896862,0.09034239345540603,0.1064951941370964,0.010000000000000004
616,18,24,0.0,-0.010039383804218637,7.7826173305511475,,,,,,,,,,,,0.01720724657126185,0.13819444469279712,0.21203767839405271,0.08769996381468242,0.11518061368001832,0.010000000000000002
618,24,24,0.0,-0.0051336489074553055,7.5323479771614075,,,,,,,,,,,,0.017014057831450675,0.18990885466337204,0.21138202709456286,0.08627133257687092,0.12123574130237103,0.010000000000000004
620,24,24,0.0,-0.010708819803160926,10.10559711853663,,,,,,,,,,,,0.01995965703584564,0.20764974054569998,0.21014696235458055,0.08355034235864878,0.11922642681747675,0.010000000000000004
622,18,24,0.0,-0.011905878264870908,10.241354650921291,,,,,,,,,,,,0.020199809068193037,0.18754340459903082,0.2088568558295568,0.08078878662652439,0.1273866573141681,0.010000000000000002
624,24,24,0.0,-0.010967542883008718,10.742001871267954,,,,,,,,,,,,0.021078214563506965,0.18873697922875485,0.20830384890238443,0.07959942116091649,0.12039906376351912,0.010000000000000004
626,24,24,0.0,-0.007216548809083179,8.563467760880789,,,,,,,,,,,,0.01386839426898708,0.1369140629346172,0.208003057166934,0.07900514670958121,0.11015970601389806,0.010000000000000004
628,12,24,0.0,0.011711673655857643,9.400991837183634,,,,,,,,,,,,0.028117562042704474,0.14069010441501936,0.20746676499644914,0.07787007031341393,0.14092899238069853,0.009999999999999998
630,12,24,0.0,0.009372039310013255,19.064378420511883,,,,,,,,,,,,0.029345267762740452,0.19003906349341074,0.20723576471209526,0.07736015878617764,0.11173215694725513,0.009999999999999998
632,18,24,0.0,-0.007192160054627392,9.605516486697727,,,,,,,,,,,,0.026913952987848058,0.19965277860562006,0.20692248476876152,0.07666632243328625,0.1088367100391123,0.010000000000000002
634,12,24,0.0,-0.0013745647544662158,27.31951693693797,,,,,,,,,,,,0.021441374633771677,0.18997396032015482,0.20650650560855865,0.07577041909098625,0.12664186333616576,0.009999999999999998
636,18,24,0.0,-0.0005920719251864486,15.89572106467353,,,,,,,,,,,,0.02166786427713103,0.13624132010671827,0.2059297834833463,0.07459875899884436,0.11040807473990652,0.010000000000000002
638,24,24,0.0,-0.008923160649525622,21.42592457930247,,,,,,,,,,,,0.02081000639494353,0.15003255226959786,0.20509048737585545,0.07282634762426217,0.09354571315149467,0.010000000000000004
640,12,24,0.0,0.009026973488895843,22.063828150431316,,,,,,,,,,,,0.03103846872303014,0.23606770982344946,0.2041346492866675,0.07072300029297669,0.13201283663511276,0.009999999999999998
642,9,24,0.0,0.03229159923891226,27.629295137193466,,,,,,,,,,,,0.043857375599650875,0.14956597155994839,0.20364820294910008,0.06963469005293316,0.11434801419576009,0.01
644,18,24,0.0,0.0015672861805392636,17.465416378445095,,,,,,,,,,,,0.02499737659107066,0.181770834657881,0.20335249106089273,0.06896969882978334,0.0907501441737016,0.010000000000000002
646,12,24,0.0,0.014192961311588684,13.886513352394104,,,,,,,,,,,,0.02576889982447028,0.10006510528425376,0.20330052822828293,0.068891741335392,0.099797864134113,0.009999999999999998
648,18,24,0.0,-0.0036242645647790697,10.494996812608507,,,,,,,,,,,,0.020924128255703382,0.1656684031089147,0.2027349058124754,0.06766055855486128,0.09056442603468895,0.010000000000000002
650,24,24,0.0,-0.0019446399916584294,10.625283281008402,,,,,,,,,,,,0.019752324025224272,0.19375000055879354,0.20131321251392365,0.06452825013548136,0.1271651110922297,0.010000000000000004
652,24,24,0.0,-0.010385749272245448,6.776378353436788,,,,,,,,,,,,0.021347704469614353,0.20107421930879354,0.19959622931977114,0.060760285860548414,0.10289253356556098,0.010000000000000004
654,24,24,0.0,-0.006762325724897285,12.57636970281601,,,,,,,,,,,,0.016557904047658667,0.15755208364377418,0.19779305718839169,0.056734531496961914,0.09333428616325061,0.010000000000000004
656,18,24,0.0,-0.0038638547476794985,15.71559206644694,,,,,,,,,,,,0.016431830745811265,0.11397569523089462,0.1967010630501641,0.05422416722608937,0.09101684018969536,0.010000000000000002
658,12,24,0.0,0.007669692859053612,17.071564157803852,,,,,,,,,,,,0.027870267319182556,0.18867187574505806,0.1961576653023561,0.05293149997790655,0.14800791442394257,0.009999999999999998
660,24,24,0.0,-0.008688991501306495,8.989962677160898,,,,,,,,,,,,0.014028750090801623,0.164908854290843,0.19562551813820997,0.05165121161068479,0.10224364635845025,0.010000000000000004
662,24,24,0.0,0.0011278539896011353,9.538709700107574,,,,,,,,,,,,0.019774663698626682,0.2301432297875484,0.1951557875921329,0.05041181528940797,0.08492292712132136,0.010000000000000004
664,24,24,0.0,-0.014164714026264846,9.9990221063296,,,,,,,,,,,,0.013838425405992894,0.16481119859963655,0.19481778144836426,0.04949993298699459,0.09006827510893345,0.010000000000000004
666,24,24,0.0,-0.00359229360280248,9.837109883626303,,,,,,,,,,,,0.022635235412356753,0.20563151128590107,0.19371323163310686,0.046879881216833987,0.08897361935426791,0.010000000000000004
668,6,24,0.0,0.031664052978158,13.481812000274658,,,,,,,,,,,,0.08232077525462955,0.30078125,0.1929895430803299,0.045146433636546135,0.21704919884602228,0.01
670,24,24,0.0,-0.012534775926421085,6.364558607339859,,,,,,,,,,,,0.014768076939314293,0.15888671856373549,0.19240499287843704,0.04380042804405093,0.09023905824869871,0.010000000000000004
672,18,24,0.0,-0.0023352521368198926,16.273753854963516,,,,,,,,,,,,0.01817838596697483,0.13502604245311683,0.1916116459502114,0.041986886204944715,0.09157188195321295,0.010000000000000002
674,12,24,0.0,0.017239265667740256,31.800585985183716,,,,,,,,,,,,0.03424020930348585,0.20013020808498064,0.19083019345998764,0.04019044960538546,0.10447497479617596,0.009999999999999998
676,12,24,0.0,0.0007874909012267987,14.636935790379843,,,,,,,,,,,,0.037382329697720706,0.22500000149011612,0.19023488461971283,0.03874262391279141,0.11538877462347348,0.009999999999999998
678,12,24,0.0,-0.005677696317434311,22.263444821039837,,,,,,,,,,,,0.027080040289244305,0.19602864732344946,0.18956294283270836,0.03711877018213272,0.08535666515429814,0.009999999999999998
680,12,24,0.0,0.05011201735275487,19.517624537150066,,,,,,,,,,,,0.03972145189375927,0.1889973965783914,0.18912342563271523,0.03609165456146002,0.1244603240241607,0.009999999999999998
682,12,24,0.0,0.0037872844065229097,12.281745990117392,,,,,,,,,,,,0.0236931661881196,0.15592447916666666,0.18867958957950273,0.03504518295327822,0.08354293492933114,0.009999999999999998
684,18,24,0.0,-0.0009241773643427425,11.559453778796726,,,,,,,,,,,,0.035976027856425695,0.12760416666666666,0.18813957191175884,0.03378477175202635,0.08090331736538145,0.010000000000000002
686,12,24,0.0,0.0170193361894538,22.557797352472942,,,,,,,,,,,,0.036420349148102105,0.15468750024835268,0.18788341681162515,0.03317057713866234,0.10492289500931899,0.009999999999999998
688,12,24,0.0,0.001622920031271254,8.0440913438797,,,,,,,,,,,,0.02734132210025564,0.10397135404249032,0.18757753943403563,0.03249515065302452,0.08226803441842397,0.009999999999999998
690,24,24,0.0,-0.003537251458813747,29.262164254983265,,,,,,,,,,,,0.013381254842291431,0.13971354253590107,0.1869300982604424,0.030958619822437566,0.07220675734182198,0.010000000000000004
692,24,24,0.0,-0.009810773248318583,8.651970465977987,,,,,,,,,,,,0.010888215920810277,0.12796223970750967,0.18637288672228655,0.029497723871221144,0.08052623116721709,0.010000000000000004
694,24,24,0.0,-0.004580309769759576,8.88910428682963,,,,,,,,,,,,0.014198556707318252,0.16920572922875485,0.18555952732761702,0.027509433062126238,0.07336463313549757,0.010000000000000004
696,24,24,0.0,0.0059906675572468275,7.151850342750549,,,,,,,,,,,,0.016595108259934932,0.16585286489377418,0.1843094490468502,0.02460265764966607,0.08969026866058509,0.010000000000000004
698,24,24,0.0,-0.00620035664178431,19.144459466139477,,,,,,,,,,,,0.013682330449228175,0.16764322941889986,0.18350061339636645,0.022599884852146108,0.07938442503412564,0.010000000000000004
700,24,24,0.0,-0.0115925947126622,10.044281462828318,,,,,,,,,,,,0.01931792639273529,0.1479817721992731,0.18270790514846644,0.020682048595820863,0.08350427138308684,0.010000000000000004
702,24,24,0.0,-0.008989591500721872,14.036639253298441,,,,,,,,,,,,0.01151447041532568,0.14921875080714622,0.18197726334134737,0.019009525422006845,0.08712802361696959,0.010000000000000004
704,24,24,0.0,-0.004826495889574289,12.06075688203176,,,,,,,,,,,,0.011374012518596524,0.1465169278283914,0.1815898766120275,0.018091206438839436,0.0943332916746537,0.010000000000000004
706,24,24,0.0,-0.007486791932024062,5.1431427498658495,,,,,,,,,,,,0.015145391594463339,0.12132161498690645,0.1807766171793143,0.016034545997778576,0.09269415121525526,0.010000000000000004
708,18,24,0.0,-0.00017927920756240687,7.692736334270901,,,,,,,,,,,,0.027481889080566663,0.2539496537711885,0.17986752423975202,0.013761227588272758,0.0918365108470122,0.010000000000000002
710,12,24,0.0,-0.001974821866800388,14.166854619979858,,,,,,,,,,,,0.025829823571257293,0.2081380213300387,0.17973390594124794,0.01344180821130673,0.1770452323059241,0.009999999999999998
712,24,24,0.0,-0.004575510819753011,11.703911006450653,,,,,,,,,,,,0.024105550847404327,0.18486328174670538,0.17971122513214746,0.01336893493620058,0.1034579910337925,0.010000000000000004
714,18,24,0.0,0.001290103213654624,11.186024241977268,,,,,,,,,,,,0.017377815610315237,0.11210937549670537,0.17896984848711225,0.011500052279896207,0.1031596383286847,0.010000000000000002
716,24,24,0.0,-0.008412261588091496,15.474745353062948,,,,,,,,,,,,0.012983788619749248,0.13024088585128388,0.17847595736384392,0.010169747790011266,0.07625048235058784,0.010000000000000004
718,24,24,0.0,-0.006093742384109646,8.656706690788269,,,,,,,,,,,,0.026503300420396652,0.24641927176465592,0.1778985746204853,0.008602679648902267,0.09026419029881556,0.010000000000000004
720,24,24,0.0,-0.00635033508297056,12.138976633548737,,,,,,,,,,,,0.011301223411768055,0.1407877610375484,0.17689265186587969,0.006104149506427348,0.0813168054446578,0.010000000000000004
722,24,24,0.0,-0.006773966442172726,14.34258379538854,,,,,,,,,,,,0.019296899932669476,0.14163411470750967,0.1759634626408418,0.0038366362665935108,0.08910717132190864,0.010000000000000004
724,24,24,0.0,-0.009459487084920207,6.6995464861392975,,,,,,,,,,,,0.011293877745629288,0.14257812593132257,0.17478011858959994,0.0008143387725188708,0.07820679030070703,0.010000000000000004
726,24,24,0.0,-0.0018317150728156169,9.558630834023157,,,,,,,,,,,,0.01081846516171936,0.13844401067278037,0.1739525099595388,-0.0015022727554120745,0.07137833442538977,0.010000000000000004
728,24,24,0.0,0.00020498064501831928,28.498793701330822,,,,,,,,,,,,0.021825550027036417,0.2130208338300387,0.17407361107567945,-0.001389157308343177,0.08036082983016968,0.010000000000000004
730,12,24,0.0,-0.0006542276047791044,11.325573643048605,,,,,,,,,,,,0.0717826922967409,0.12421875012417634,0.17405703415473303,-0.0015051423591406394,0.10077874548733234,0.009999999999999998
732,24,24,0.0,-0.007910283980891109,7.252494951089223,,,,,,,,,,,,0.013071225912426598,0.12731119866172472,0.17363451048731804,-0.0025932142986372733,0.07734009965012471,0.010000000000000004
734,18,24,0.0,0.0037586261104378435,5.484990848435296,,,,,,,,,,,,0.027767704786836274,0.1428819460173448,0.17298086318704817,-0.004116083960980177,0.08219580103953679,0.010000000000000002
736,24,24,0.0,-0.00825972327341636,8.210598766803741,,,,,,,,,,,,0.023270107912442956,0.15078125055879354,0.172802006204923,-0.004476324034233888,0.07615730725228786,0.010000000000000004
738,18,24,0.0,-0.0063126785680651665,7.045899894502428,,,,,,,,,,,,0.021446711137994297,0.12669270837472546,0.1724547031852934,-0.005307755122582118,0.10160594888859326,0.010000000000000002
740,11,24,0.0,-0.009716135703704575,13.844566345214844,,,,,,,,,,,,0.03533133301375942,0.09836647727272728,0.17189082367853684,-0.0067558139139278365,0.09530247206037695,0.009999999999999998
742,24,24,0.0,-0.010585900473718842,6.074946274360021,,,,,,,,,,,,0.01902243332976165,0.18359375093132257,0.17129419619838396,-0.008302620922525724,0.07526903133839369,0.010000000000000004
744,24,24,0.0,-0.0023800158912005522,7.733174463113149,,,,,,,,,,,,0.020386907058612753,0.16022135441501936,0.17099822809298834,-0.009138769392545024,0.08487767726182938,0.010000000000000004
746,18,24,0.0,-0.00048538725564463273,14.623280631171333,,,,,,,,,,,,0.019387364814368386,0.11558159771892759,0.17096155716313255,-0.009310104418545961,0.0805759910080168,0.010000000000000002
748,18,24,0.0,-0.001596233497063319,10.818432172139486,,,,,,,,,,,,0.02166505726442362,0.20060763963394695,0.1705492784579595,-0.010336988915999731,0.07452754552165668,0.010000000000000002
750,5,24,0.0,0.0343813382089138,14.870835113525391,,,,,,,,,,,,0.04646080359816551,0.22421875,0.17016130089759826,-0.011316666193306447,0.09126441031694413,0.01
752,6,24,0.0,0.007022817774365346,6.306998332341512,,,,,,,,,,,,0.05276934732683003,0.3024739573399226,0.17004926751057306,-0.011608814354985952,0.08483200147747993,0.01
754,24,24,0.0,-0.00024337174060444036,8.24794751405716,,,,,,,,,,,,0.01948790711079103,0.16207682403425375,0.16968105857570967,-0.01255414157640189,0.13491511841615042,0.010000000000000004
756,24,24,0.0,-0.010599299838456014,7.483169118563334,,,,,,,,,,,,0.01413617610038879,0.15263671909148493,0.16953238161901632,-0.012961250768663982,0.07811271057774623,0.010000000000000004
758,24,24,0.0,-0.017140769089261692,9.556726972262064,,,,,,,,,,,,0.011247930854248503,0.1340820312810441,0.16871990635991096,-0.015074483041341106,0.07716200966387987,0.010000000000000004
760,6,24,0.0,0.024223838622371357,17.863439242045086,,,,,,,,,,,,0.04966420404768238,0.21549479166666666,0.16762216140826544,-0.017985912660757702,0.12904745216170946,0.01
762,24,24,0.0,-0.005596779442081849,7.912247220675151,,,,,,,,,,,,0.016364743059966713,0.1717773446192344,0.16692334227263927,-0.019828648306429386,0.09152104581395785,0.010000000000000004
764,9,24,0.0,0.011025205047594177,13.844508171081543,,,,,,,,,,,,0.03589291492890981,0.1605902777777778,0.16627932257122463,-0.021476313057872985,0.09727109058035745,0.01
766,18,24,0.0,-0.00028122499740372103,6.917288078202142,,,,,,,,,,,,0.02193212870042771,0.1253038201895025,0.16561067352692285,-0.023226771193246048,0.07890498927897877,0.010000000000000002
768,24,24,0.0,-0.00783898246785005,5.486491064230601,,,,,,,,,,,,0.025089559251985822,0.1363281252561137,0.16480095870792866,-0.02536401920951903,0.0855712207655112,0.010000000000000004
770,12,24,0.0,0.0039158969787725555,6.661092480023702,,,,,,,,,,,,0.04463811789173633,0.13430989595750967,0.1644634778300921,-0.02622731092075507,0.08549907803535461,0.009999999999999998
772,11,24,0.0,0.005461983890696006,8.45503382249312,,,,,,,,,,,,0.06071848998015577,0.09268465909090909,0.16424680027094754,-0.026836597445336254,0.08756295388395136,0.009999999999999998
774,24,24,0.0,-0.004257930981111713,6.010858068863551,,,,,,,,,,,,0.011784545611590147,0.13815104154249033,0.16391238942742348,-0.02761433948762715,0.08235183823853731,0.010000000000000004
776,18,24,0.0,-0.009658147270480791,10.361101335949368,,,,,,,,,,,,0.023466475476096902,0.1713107650478681,0.1636233867870437,-0.028227043545080557,0.08374257178770171,0.010000000000000002
778,8,24,0.0,0.005139653570950031,18.042417228221893,,,,,,,,,,,,0.03126982887624763,0.09091796865686774,0.16322343051433563,-0.029297148808836937,0.0912729138508439,0.01
780,24,24,0.0,-0.007102326373569667,8.548306802908579,,,,,,,,,,,,0.013725450388543928,0.15996093830714622,0.16303225234150887,-0.02980462391860783,0.09625405073165894,0.010000000000000004
782,24,24,0.0,-0.004973038798198104,6.902225603659947,,,,,,,,,,,,0.011734135528968181,0.12154947966337204,0.16307060110072294,-0.02981457378094395,0.08519432134926319,0.010000000000000004
784,24,24,0.0,-0.004205178808964168,15.486740231513977,,,,,,,,,,,,0.015984516338600468,0.1711588550436621,0.1633188109844923,-0.02926841649847726,0.09536648914217949,0.010000000000000004
786,24,24,0.0,-0.00913162564393133,14.801682472229004,,,,,,,,,,,,0.016527219054599602,0.19111328152939677,0.16299391848345599,-0.03023929288610816,0.11670609874029954,0.010000000000000004
788,24,24,0.0,-0.003044670835758249,9.726472934087118,,,,,,,,,,,,0.011331079794520823,0.12516276041666666,0.16245439648628235,-0.0316753004056712,0.09081124203900497,0.010000000000000004
790,12,24,0.0,0.008782905992120504,7.805467486381531,,,,,,,,,,,,0.02525852215088283,0.27884114533662796,0.1618876705567042,-0.03323613883306583,0.12886567848424116,0.009999999999999998
792,12,24,0.0,0.009733144737159213,6.234731078147888,,,,,,,,,,,,0.0242774883712021,0.21497396007180214,0.1617192104458809,-0.03373547146717707,0.08184382567803065,0.009999999999999998
794,24,24,0.0,-0.009768653796830526,3.877532660961151,,,,,,,,,,,,0.018667146340400603,0.1967773443708817,0.1613668780773878,-0.03472325888772806,0.08408646813283364,0.010000000000000004
796,24,24,0.0,-0.0026541067054495215,4.461861838897069,,,,,,,,,,,,0.02187138987937942,0.193717448040843,0.16012505379815897,-0.03810696490108967,0.0981307839974761,0.010000000000000004
798,24,24,0.0,-0.002130207528049747,5.769064098596573,,,,,,,,,,,,0.019436365430010483,0.1787434904060016,0.1592711911847194,-0.04048919662212332,0.0840471585591634,0.010000000000000004
800,18,24,0.0,0.0038649988774624136,8.412214093738132,,,,,,,,,,,,0.02332186141413533,0.21966145849890178,0.15842268615961075,-0.04284470693932639,0.10348200466897753,0.010000000000000002
802,10,24,0.0,-0.0026220889762043954,5.834901976585388,,,,,,,,,,,,0.030691562430001797,0.09921875,0.1580668643116951,-0.04379537291824818,0.07719796150922775,0.009999999999999998
804,7,24,0.0,0.002366698480078152,5.801407950265067,,,,,,,,,,,,0.040055424540436695,0.10837053614003318,0.15786786803177424,-0.044309494218655994,0.08798038959503174,0.01
806,24,24,0.0,-0.009413467991786698,18.165332814057667,,,,,,,,,,,,0.016597159633723397,0.14212239564706883,0.1575673557817936,-0.04508692057182392,0.08160757056126992,0.010000000000000004
808,18,24,0.0,-0.005433932412415743,8.685786220762465,,,,,,,,,,,,0.0191151311123071,0.20047743059694767,0.15714433126979405,-0.04619711637496948,0.09400147820512454,0.010000000000000002
810,11,24,0.0,0.002172462303530086,10.804371920498935,,,,,,,,,,,,0.07300188538449054,0.1640625,0.15677148374644193,-0.04720158163796772,0.08718458901752126,0.009999999999999998
812,18,24,0.0,0.0003638104956027948,12.39578824573093,,,,,,,,,,,,0.025653432990010414,0.2026909730500645,0.15625407463974422,-0.048691745226581894,0.09800485894083977,0.010000000000000002
814,24,24,0.0,-0.00590183686290402,10.061461508274078,,,,,,,,,,,,0.011694464279571548,0.1288411458954215,0.15570484225948653,-0.050377523681769766,0.09369488153606653,0.010000000000000004
816,18,24,0.0,-0.004306565556261275,9.18376718627082,,,,,,,,,,,,0.020177364653338574,0.18138020940952831,0.15547510153717464,-0.0511272419244051,0.08533633003632228,0.010000000000000002
818,24,24,0.0,-0.015257671941071749,7.963545163472493,,,,,,,,,,,,0.01158850998035632,0.11943359424670537,0.15540309622883797,-0.051365695893764496,0.07026570507635672,0.010000000000000004
820,24,24,0.0,-0.011920499091502279,12.310219277938208,,,,,,,,,,,,0.033476829169861354,0.1569010422875484,0.15508034949501356,-0.0522904417787989,0.06487083140139778,0.010000000000000004
822,7,24,0.0,-0.003704582207969257,9.352520670209612,,,,,,,,,,,,0.04086144255208118,0.07533482142857142,0.1548938751220703,-0.052826477480786185,0.0913196589265551,0.01
824,10,24,0.0,-0.011395230796188116,8.731705284118652,,,,,,,,,,,,0.03496566581306979,0.16351562440395356,0.15459702908992767,-0.05365575328469276,0.07876684218645096,0.009999999999999998
826,12,24,0.0,0.009205436644454798,7.3162645896275835,,,,,,,,,,,,0.03119581677795698,0.15930989757180214,0.15405098224679628,-0.05523149203509092,0.07251598872244358,0.009999999999999998
828,24,24,0.0,-0.009255537544959225,6.103052745262782,,,,,,,,,,,,0.0198926193988882,0.1698567715163032,0.15327448025345802,-0.05759064185743531,0.08785288315266371,0.010000000000000004
830,2,24,0.0,0.09842507541179657,10.702461242675781,,,,,,,,,,,,0.1265470179496333,0.0703125,0.1528896689414978,-0.05881400778889656,0.1600056067109108,0.01
832,24,24,0.0,-0.0038191617156068483,5.253771801789601,,,,,,,,,,,,0.018299784569535404,0.1437174480718871,0.15268202871084213,-0.059370437636971474,0.08655950302879016,0.010000000000000004
834,16,24,0.0,-0.006440784782171249,4.31856133043766,,,,,,,,,,,,0.023596634950081352,0.10185546893626451,0.15206933114677668,-0.06102497247047722,0.0930936080403626,0.01
836,4,24,0.0,0.025708929635584354,6.164537191390991,,,,,,,,,,,,0.06445413181791082,0.03515625,0.15148505195975304,-0.06273993477225304,0.10413867421448231,0.01
838,9,24,0.0,0.0003510833614402347,7.609093930986193,,,,,,,,,,,,0.05389784980151388,0.10555555588669246,0.15130836599402958,-0.0632815377579795,0.10404214842451943,0.01
840,10,24,0.0,0.007481375150382519,5.635756731033325,,,,,,,,,,,,0.04333193253260106,0.1753125011920929,0.15126486718654633,-0.06345979422330857,0.07850776240229607,0.009999999999999998
842,5,24,0.0,-0.011213894188404083,9.995800018310547,,,,,,,,,,,,0.05360621721483767,0.134375,0.15117554664611815,-0.06376145333051682,0.10265904664993286,0.01
844,6,24,0.0,-0.004576559488972028,7.717684984207153,,,,,,,,,,,,0.1194066716901337,0.06757812450329463,0.15116637448469797,-0.06378734235962231,0.07734222089250882,0.01
846,9,24,0.0,0.0051610639525784385,14.053982310824924,,,,,,,,,,,,0.04014585718202094,0.12395833349890178,0.15105211072497898,-0.06412413550747766,0.10609241161081526,0.01
848,24,24,0.0,-0.0028287915823360286,7.986560354630153,,,,,,,,,,,,0.009494250987093741,0.12532552114377418,0.15046894364058971,-0.06588548297683398,0.07113163980344932,0.010000000000000004
850,16,24,0.0,0.00412149797193706,6.2761319279670715,,,,,,,,,,,,0.03614587115589529,0.16845703218132257,0.1496325870975852,-0.06841027550399303,0.07563750399276614,0.01
852,24,24,0.0,-0.0016179476709415515,9.05973788102468,,,,,,,,,,,,0.014712545399864515,0.11474609468132257,0.14877014669279257,-0.07108542912950118,0.08222244710971911,0.010000000000000004
854,11,24,0.0,0.0028095952319827948,21.206299348310992,,,,,,,,,,,,0.0515515564898537,0.18444602259180762,0.14799064668742093,-0.07350193912332709,0.07353097674521533,0.009999999999999998
856,18,24,0.0,0.0018328289604849285,6.357651670773824,,,,,,,,,,,,0.016869326329065695,0.10329861069718997,0.14739645934767193,-0.0753638959593243,0.0718704689708021,0.010000000000000002
858,4,24,0.0,0.001967277377843857,28.692099809646606,,,,,,,,,,,,0.03751307423226535,0.046875,0.14715882018208504,-0.07617298327386379,0.09722493402659893,0.01
860,2,24,0.0,0.014520712196826935,27.62635040283203,,,,,,,,,,,,0.15769218443892896,0.072265625,0.14708197116851807,-0.07642652839422226,0.11571014672517776,0.01
862,3,24,0.0,-0.00040146770576636,13.183791796366373,,,,,,,,,,,,0.111716501104335,0.045572916666666664,0.14700128634770712,-0.0766814723610878,0.11594965060551961,0.01
864,2,24,0.0,0.019418522715568542,21.703231811523438,,,,,,,,,,,,1.4611259766388685,0.126953125,0.14694100618362427,-0.07686933502554893,0.18040908128023148,0.01
866,4,24,0.0,0.0002434011548757553,14.228022336959839,,,,,,,,,,,,0.17964029201539233,0.1015625,0.14690498262643814,-0.07697801291942596,0.10026839002966881,0.01
868,2,24,0.0,0.06389059964567423,22.617298126220703,,,,,,,,,,,,0.8191785933449864,0.125,0.14687713980674744,-0.07705412060022354,0.28781096637248993,0.01
870,2,24,0.0,0.0017545931041240692,19.23519229888916,,,,,,,,,,,,1.281989823677577,0.107421875,0.14686283469200134,-0.07709226757287979,0.16734850406646729,0.01
872,2,24,0.0,0.014777040109038353,11.44257402420044,,,,,,,,,,,,0.8975932678440586,0.115234375,0.14685043692588806,-0.07712534070014954,0.10920808836817741,0.01
874,2,24,0.0,0.12898585852235556,31.383934020996094,,,,,,,,,,,,4.947695817914791,0.158203125,0.1468350663781166,-0.07716669514775276,0.275432750582695,0.01
876,2,24,0.0,0.05044722557067871,40.88908576965332,,,,,,,,,,,,1.1998563451925293,0.21484375,0.1468239575624466,-0.0771961584687233,0.3588903546333313,0.01
878,2,24,0.0,0.06885798275470734,58.81715393066406,,,,,,,,,,,,0.8783866555895656,0.224609375,0.14682045578956604,-0.07720263302326202,0.41132378578186035,0.01
880,2,24,0.0,0.016002509742975235,27.44424343109131,,,,,,,,,,,,0.8749029223108664,0.11328125,0.14682476222515106,-0.07718490436673164,0.290229007601738,0.01
882,2,24,0.0,0.026607003062963486,44.39105796813965,,,,,,,,,,,,2.077837005723268,0.1796875,0.1468316987156868,-0.07715672627091408,0.337691068649292,0.01
884,2,24,0.0,0.07622510939836502,30.32036590576172,,,,,,,,,,,,1.7315796135226265,0.2109375,0.146841861307621,-0.07711906731128693,0.35898762941360474,0.01
886,2,24,0.0,0.07667656801640987,24.573627471923828,,,,,,,,,,,,4.3983793773222715,0.216796875,0.146852008998394,-0.0770825482904911,0.20962180197238922,0.01
888,2,24,0.0,-0.03653748147189617,12.122368812561035,,,,,,,,,,,,0.28766641567926854,0.0625,0.14685335755348206,-0.0770789310336113,0.11027677729725838,0.01
890,5,24,0.0,0.01971985660493374,9.640954971313477,,,,,,,,,,,,0.05119305532425642,0.25625,0.14685601592063904,-0.07707124054431916,0.10305565744638442,0.01
892,8,24,0.0,-0.00024987722281366587,7.623130619525909,,,,,,,,,,,,0.02650972895207815,0.09433593787252903,0.1468766089528799,-0.07700604852288961,0.09662552922964096,0.01
894,24,24,0.0,-0.0019084728749779363,11.963631669680277,,,,,,,,,,,,0.01332120677883116,0.17662760460128388,0.1464456214259068,-0.07830965674171846,0.08060517193128665,0.010000000000000004
896,24,24,0.0,-0.0006049606405819455,6.598048985004425,,,,,,,,,,,,0.009727764000369158,0.10823567708333333,0.1453825943171978,-0.08151602931320667,0.09694240645815928,0.010000000000000004
898,2,24,0.0,-0.025783211924135685,6.939687252044678,,,,,,,,,,,,0.08406867936719209,0.013671875,0.14493414759635925,-0.08288296312093735,0.11231117323040962,0.01
900,12,24,0.0,0.0032436784046391645,7.360941727956136,,,,,,,,,,,,0.01946529319199423,0.21660156299670538,0.14474320660034815,-0.0834720650066932,0.08517287982006867,0.009999999999999998
902,24,24,0.0,-0.006830165349432112,7.309969186782837,,,,,,,,,,,,0.012123775125170747,0.14807942726959786,0.1441300871471564,-0.08545865584164858,0.11745669754842918,0.010000000000000004
904,2,24,0.0,0.006830243393778801,11.161459922790527,,,,,,,,,,,,0.5271953426999971,0.060546875,0.14361663162708282,-0.0871950201690197,0.17874082177877426,0.01
906,8,24,0.0,0.002475026878528297,9.86606478691101,,,,,,,,,,,,0.09241084338282235,0.13164062518626451,0.14342732913792133,-0.0878165764734149,0.07384211011230946,0.01
908,3,24,0.0,-0.004374479254086812,9.009936014811197,,,,,,,,,,,,0.0932968237126867,0.0234375,0.14317814509073892,-0.08860771854718526,0.1431418557961782,0.01
910,11,24,0.0,-0.0022739065303043885,10.601943059401078,,,,,,,,,,,,0.04261160842989656,0.22535511377182874,0.1428656496784904,-0.08956541188738563,0.1526126969944347,0.009999999999999998
912,6,24,0.0,0.0035773494746536016,12.665181954701742,,,,,,,,,,,,0.26358269329648465,0.11015625049670537,0.142595445116361,-0.09039932116866112,0.14278061191240946,0.01
914,24,24,0.0,-0.004247413094465931,6.062457929054896,,,,,,,,,,,,0.01789900378207676,0.18238932422051826,0.14210433761278787,-0.09192391578108072,0.09823062798629205,0.010000000000000004
916,12,24,0.0,-0.00013386551290750504,15.618839820226034,,,,,,,,,,,,0.017993108660448343,0.12656250037252903,0.14158830791711807,-0.09349825978279114,0.12107476281623046,0.009999999999999998
918,4,24,0.0,0.00782284326851368,15.346264362335205,,,,,,,,,,,,0.0340391565405298,0.021484375,0.14151697233319283,-0.09370661154389381,0.15982523560523987,0.01
920,24,24,0.0,-0.0015448200671623151,10.03188669681549,,,,,,,,,,,,0.014616024340890968,0.16005859399835268,0.1412978551040093,-0.09443483439584573,0.082419126915435,0.010000000000000004
922,24,24,0.0,-0.000662725263585647,9.626290937264761,,,,,,,,,,,,0.019559262621138867,0.2350260422875484,0.14079881459474564,-0.09607314163198073,0.08142263256013393,0.010000000000000004
924,24,24,0.0,-0.00662727114589264,9.753713885943094,,,,,,,,,,,,0.015098941298977783,0.1360026045391957,0.14038516705234846,-0.0973628784219424,0.09829266617695491,0.010000000000000004
926,24,24,0.0,-0.010390293629219135,11.346002916495005,,,,,,,,,,,,0.005548283018773266,0.060351562880290054,0.140721649552385,-0.09629734543462594,0.07517689901093642,0.010000000000000004
928,24,24,0.0,-0.003861886926946075,5.674865961074829,,,,,,,,,,,,0.014286378679874664,0.15410156276387474,0.14049932112296423,-0.09691453259438276,0.07538254527995984,0.010000000000000004
930,16,24,0.0,-0.005032934539485723,6.872394174337387,,,,,,,,,,,,0.033960147251491435,0.13813476613722742,0.14009033795446157,-0.09819971770048141,0.08468459593132138,0.01
932,24,24,0.0,0.0007342191723485788,8.062800616025925,,,,,,,,,,,,0.019969139403353136,0.21396484350164732,0.14007155348857245,-0.09831214354683955,0.08122158423066139,0.010000000000000004
934,24,24,0.0,0.0007474082910145322,7.355233728885651,,,,,,,,,,,,0.020863690951955505,0.17486979253590107,0.13991337890426317,-0.09878997194270293,0.09645143958429496,0.010000000000000004
936,24,24,0.0,-0.0002324592787772417,7.497008254130681,,,,,,,,,,,,0.012559961246248955,0.13421223933498064,0.13926751414934793,-0.1007816990216573,0.08043131853143375,0.010000000000000004
938,24,24,0.0,-0.0025855464239915213,10.947084426879883,,,,,,,,,,,,0.009427673455017308,0.11578776097546022,0.13872991626461348,-0.10255415923893452,0.07487434272964795,0.010000000000000004
940,12,24,0.0,0.01115188569140931,9.907000859578451,,,,,,,,,,,,0.02748099700935806,0.23476562649011612,0.1383246531089147,-0.10395150942107041,0.07262813734511535,0.009999999999999998
942,5,24,0.0,-0.008996362239122391,7.591691780090332,,,,,,,,,,,,0.03464518778491765,0.03359375,0.13814433217048644,-0.10459376871585846,0.10537405014038086,0.01
944,24,24,0.0,-0.004141667644338061,7.5127608478069305,,,,,,,,,,,,0.012506056101604676,0.13499348952124515,0.1378024003158013,-0.1056526405736804,0.07671504095196724,0.010000000000000004
946,24,24,0.0,-0.0002818399031336109,5.549220869938533,,,,,,,,,,,,0.01433997131001282,0.17320963616172472,0.1371054711441199,-0.10788381937891245,0.06923867141207059,0.010000000000000004
948,24,24,0.0,-0.0018296988176492353,10.347735404968262,,,,,,,,,,,,0.017467765806941316,0.1992187506208817,0.13665049336850643,-0.10945313113431136,0.08618875872343779,0.010000000000000004
950,24,24,0.0,-0.0012467317283153534,8.582457621892294,,,,,,,,,,,,0.015001303749158978,0.19615885522216558,0.13592225685715675,-0.11179899734755357,0.06964580745746692,0.010000000000000004
952,24,24,0.0,-0.009361032978631556,7.784804284572601,,,,,,,,,,,,0.014997723822792372,0.15546875012417635,0.1355367520203193,-0.11309355807801087,0.07555742375552654,0.010000000000000004
954,4,24,0.0,-0.013850347138941288,6.263510048389435,,,,,,,,,,,,0.13547915290109813,0.044921875,0.13510536774992943,-0.1145535483956337,0.08919037133455276,0.01
956,6,24,0.0,0.011789458803832531,8.132366259892782,,,,,,,,,,,,0.03613267718659093,0.18450520932674408,0.13490584989388785,-0.11522736152013142,0.10790754109621048,0.01
958,18,24,0.0,9.011016744706366e-05,21.46994111273024,,,,,,,,,,,,0.018378349355771206,0.18129340290195411,0.13468000209993786,-0.11605537020497853,0.09269062429666519,0.010000000000000002
960,12,24,0.0,-0.00840295059606433,13.863613446553549,,,,,,,,,,,,0.03703176186536439,0.09375,0.13444722692171732,-0.11693448573350906,0.09231041930615902,0.009999999999999998
962,18,24,0.0,-0.0015994305205014017,11.279621786541409,,,,,,,,,,,,0.024529117353570957,0.19782986119389534,0.13414073487122855,-0.11794713967376286,0.09575327196054989,0.010000000000000002
964,12,24,0.0,0.008954800820598999,10.8795112768809,,,,,,,,,,,,0.04536396259694205,0.17779948065678278,0.13380161672830582,-0.11899159786601861,0.10514178934196632,0.009999999999999998
966,24,24,0.0,0.0024290557485073805,19.663474877675373,,,,,,,,,,,,0.018312808126211166,0.16695963591337204,0.13315540800491968,-0.12106780149042606,0.06660237753142913,0.010000000000000004
968,24,24,0.0,-0.0037524744596642754,4.802483081817627,,,,,,,,,,,,0.012245539532159455,0.11529947941501935,0.13271497562527657,-0.12239501904696226,0.06998960797985394,0.010000000000000004
970,18,24,0.0,-0.004944210354652669,9.558567682902018,,,,,,,,,,,,0.021845532400119636,0.15138888938559425,0.13288097083568573,-0.12175880703661177,0.09708175973759757,0.010000000000000002
972,10,24,0.0,0.0009104682132601738,6.0106668949127195,,,,,,,,,,,,0.034864413656760004,0.1073437500745058,0.13268235176801682,-0.12238496989011764,0.08235936835408211,0.009999999999999998
974,24,24,0.0,-0.006140078650787473,5.94514740506808,,,,,,,,,,,,0.021921200163584825,0.23942057291666666,0.13231665268540382,-0.1235547202328841,0.0670852103891472,0.010000000000000004
976,24,24,0.0,-0.004976101258459191,8.336659709612528,,,,,,,,,,,,0.024833911719421547,0.18339843799670538,0.1315215602517128,-0.12623212859034538,0.07116113758335511,0.010000000000000004
978,24,24,0.0,-0.006727560694950323,14.688619832197825,,,,,,,,,,,,0.012461501183376337,0.14733072923263535,0.13101750115553537,-0.12793266152342161,0.06301088072359562,0.010000000000000004
980,18,24,0.0,-0.001843274079470171,8.600866383976406,,,,,,,,,,,,0.028359011785748105,0.18350694452722868,0.1304523547490438,-0.12985432975822025,0.06006470840010378,0.010000000000000002
982,24,24,0.0,-0.0017004905190939705,10.704914828141531,,,,,,,,,,,,0.014721024500128502,0.12102864605064194,0.1298341192305088,-0.13190669069687525,0.06986737096061309,0.010000000000000004
984,24,24,0.0,-0.00045184569898992777,15.37580313285192,,,,,,,,,,,,0.013834167747215057,0.15332031343132257,0.12945104824999967,-0.1334134147812923,0.05884613314022621,0.010000000000000004
986,6,24,0.0,0.018171621176103752,30.340343634287517,,,,,,,,,,,,0.0390566581627354,0.208854166790843,0.12902249644200006,-0.13496165225903192,0.09548619637886684,0.01
988,24,24,0.0,-0.010239080137883624,5.190873036781947,,,,,,,,,,,,0.010815106943482533,0.1268554690759629,0.12887862510979176,-0.13553734309971333,0.0598564688116312,0.010000000000000004
990,12,24,0.0,0.00325268876622431,7.91190509001414,,,,,,,,,,,,0.020580284976555657,0.15195312475164732,0.12883549431959787,-0.13583155224720636,0.06781942987193663,0.009999999999999998
992,12,24,0.0,0.008436589812239012,9.974396149317423,,,,,,,,,,,,0.020015244003540527,0.15488281287252903,0.1286703683435917,-0.13644510880112648,0.06750301892558734,0.009999999999999998
994,6,24,0.0,-0.0008689152697722117,6.353989283243815,,,,,,,,,,,,0.09276936998746048,0.15859374900658926,0.12856565912564596,-0.13686836759249368,0.07082424561182658,0.01
996,4,24,0.0,0.008412978611886501,9.986325025558472,,,,,,,,,,,,0.06274484778987244,0.0791015625,0.12846685200929642,-0.13722247630357742,0.09418969787657261,0.01
998,6,24,0.0,0.0140692003381749,10.078221480051676,,,,,,,,,,,,0.042385149747133255,0.09804687649011612,0.12837604681650797,-0.13752887646357217,0.08191848546266556,0.01
1000,11,24,0.0,-0.0023733477362177587,11.594717069105668,,,,,,,,,,,,0.04260940889997238,0.1807528409090909,0.12816169722513718,-0.1382209834727374,0.11038677936250513,0.009999999999999998
