episode,steps,final_battery,total_reward,loss
1,720,23.228298928427275,-167.71917749453104,
2,720,23.14345589361514,-167.48313962971014,235.28443908691406
3,720,22.896274473157447,-167.56640038276913,
4,720,23.01934289422507,-167.25793778041302,206.27810668945312
5,720,22.54878473110649,-167.05369793781574,
6,720,22.328705144847582,-167.22317239454335,174.6118621826172
7,720,22.122799037178844,-167.19363055505397,
8,720,22.05715959126653,-167.032865873921,147.20806884765625
9,720,21.834975288816217,-166.92658727718984,
10,720,21.717128738380286,-167.09288341625927,119.15902709960938
11,720,21.35063624009699,-166.79964927806978,
12,720,21.28252363822187,-166.76308614384538,90.82745361328125
13,720,21.443838910815984,-166.80432263595785,
14,720,21.55255765376119,-166.8621132628183,63.25368118286133
15,720,21.03268415342543,-166.674782595431,
16,720,21.349491691061743,-166.8526141135735,38.62701416015625
17,720,20.857801005213776,-166.78071280309794,
18,720,20.868145021541118,-166.75063570039453,20.161542892456055
19,720,20.787896279674516,-166.74123006541757,
20,720,21.253952488325343,-167.0807090969467,11.194405555725098
21,720,21.094018936866345,-166.8753219107806,
22,720,20.826596635162502,-166.69440440582315,16.297922134399414
23,720,20.67965292267404,-166.69810512010656,
24,720,21.06136114712909,-166.7046640016512,26.775659561157227
25,720,20.9920791693323,-166.86708727521025,
26,720,20.70450003892654,-166.63024460453394,31.224138259887695
27,720,21.124181619773807,-166.86619396367684,
28,720,20.820721159579783,-166.794278109436,26.172632217407227
29,720,20.891732445359548,-166.67103656563242,
30,720,20.87685200704362,-166.72941311895806,15.320311546325684
31,720,21.140789986576916,-166.71881817520608,
32,720,20.923505784511924,-166.90092416802767,8.617545127868652
33,720,20.884728926020824,-166.58853823262731,
34,720,21.07138563874463,-166.8603528420229,14.803475379943848
35,720,21.019637311698855,-166.74555664434115,
36,720,21.064440167105996,-166.69678977068887,23.16969108581543
37,720,21.06094670753657,-166.73431385581426,
38,720,21.320857562715606,-166.79081481141355,23.86033058166504
39,720,20.93627574197143,-166.706928645432,
40,720,20.963492199427307,-166.7321149655547,17.83804702758789
41,720,20.93350086739943,-166.8237742253306,
42,720,21.003593426450415,-166.7618422530406,10.034833908081055
43,720,20.960674083948764,-166.54626288973884,
44,720,20.581389963187398,-166.71059232889488,6.777988433837891
45,720,20.487319672537755,-166.66861904792097,
46,720,20.86274747094709,-166.7548858164143,8.622584342956543
47,720,20.964219240397373,-166.85731628123338,
48,720,20.85846144861603,-166.72881900766188,8.733421325683594
49,720,20.933321236185524,-166.8857756702605,
50,720,20.906148784598848,-166.9153059790687,6.648357391357422
51,720,20.795860852245678,-166.74385682468832,
52,720,20.936133491841556,-166.55581191869558,5.296341896057129
53,720,20.972802646639003,-166.7152825789022,
54,720,21.190285926485934,-166.8778041994071,5.799631595611572
55,720,21.04193794648656,-166.70694483687672,
56,720,21.026018342725195,-166.5707494068859,5.163004398345947
57,720,20.809071333764813,-166.58981961197202,
58,720,20.984673649490198,-166.75699886100602,4.257970809936523
59,720,21.02046569546456,-166.7246333368799,
60,720,21.082477641347733,-166.67220033979115,4.3068132400512695
61,720,21.125959801534073,-166.74972207326948,
62,720,20.7780807151089,-166.80941175283283,3.6926114559173584
63,720,21.43434475390521,-167.08506126941722,
64,720,21.170367232883336,-166.79952368395664,3.5546813011169434
65,720,21.111215908527196,-166.83276405458076,
66,720,21.40066683335122,-166.9894873705828,3.7662193775177
67,720,21.08704487404033,-166.71877794721644,
68,720,20.975607105611214,-166.7098385954191,2.660876750946045
69,720,21.14043713684362,-166.791728282351,
70,720,20.82622077188943,-166.7938975170336,2.5727756023406982
71,720,20.799781601000976,-166.76454188336209,
72,720,21.123714600408466,-166.7159095479004,2.2028563022613525
73,720,21.13021952539812,-166.9334863953815,
74,720,21.155697752844187,-166.7006837060975,2.1717112064361572
75,720,21.124787858061598,-166.91767983848985,
76,720,20.942382565514542,-166.84706689782388,1.496188998222351
77,720,21.19900542811204,-166.78636731839316,
78,720,21.029004230307493,-166.96323197459026,1.7119213342666626
79,720,21.40738028120823,-166.93424007506854,
80,720,21.319741874729008,-166.86552293010627,1.18941330909729
81,720,21.342281819649862,-167.0149398219116,
82,720,21.380527740432136,-166.95937200217898,1.5644843578338623
83,720,21.37195128700889,-166.88314669742374,
84,720,21.434645259557318,-166.96096902977075,0.7897326946258545
85,720,20.906889859953278,-166.86690039631372,
86,720,21.185600685924552,-166.90296809450618,0.8593785762786865
87,720,20.926902034426202,-166.79041710696967,
88,720,21.37412621865551,-166.75583612323462,0.9558410048484802
89,720,21.064253264101893,-166.78717610418104,
90,720,20.993133270090215,-166.71326745671306,0.8047876358032227
91,720,21.227400323677525,-166.76023472168112,
92,720,21.364703073962595,-166.77614516858876,0.5913370251655579
93,720,21.14172382422097,-166.93769746553195,
94,720,20.881505170660432,-166.72499624855791,0.5342617630958557
95,720,20.900028764134586,-166.88252555424725,
96,720,21.597969721050674,-166.84910160054133,0.5076144933700562
97,720,21.402438258395136,-166.98154961560599,
98,720,21.484402164131698,-166.96177828599974,1.3234355449676514
99,720,21.15136842399043,-166.82971498252184,
100,720,21.199633774247083,-167.06398333021218,3.660825252532959
101,720,21.058623923242205,-166.90017733570357,
102,720,21.198851320246625,-166.70110787700838,2.534573793411255
103,720,21.14204522921694,-166.95825579657412,
104,720,21.1125526805433,-166.83794332788602,2.655028820037842
105,720,21.148152233970695,-166.85572396458602,
106,720,21.08521448202964,-166.6152163265436,2.883664131164551
107,720,21.06315348426969,-166.88121424788332,
108,720,21.442291572549806,-167.15447095937802,2.6287097930908203
109,720,21.07470787177508,-166.91874306689266,
110,720,20.965848743160155,-166.5837107203759,2.2616665363311768
111,720,21.305302283332935,-166.86624648582142,
112,720,21.322765952117624,-166.84938556215036,2.3278870582580566
113,720,21.33031367994207,-166.8613229109217,
114,720,21.539827612961368,-166.87302026848624,2.185683012008667
115,720,21.403117407900268,-167.06270884786557,
116,720,21.09518366361512,-166.8294270786016,1.9829659461975098
117,720,21.0067887079936,-166.67690560772266,
118,720,20.7129715934642,-166.62215887390454,2.7337615489959717
119,720,21.163246576466292,-166.7884246897628,
120,720,20.90872573267135,-166.6484656044326,2.8548166751861572
121,720,21.045640303742065,-166.84057547326978,
122,720,21.032990195515413,-166.83027611039734,2.320462703704834
123,720,21.238399817844424,-166.78978612288893,
124,720,21.19564312649199,-167.01387393175176,2.4771502017974854
125,720,21.2037659682302,-167.009005912225,
126,720,21.203162911699362,-166.98809486736687,2.5629396438598633
127,720,21.003156582404305,-166.74174075304612,
128,720,21.262076306658685,-167.05095729448834,1.7441121339797974
129,720,21.23684165098018,-166.78446721932076,
130,720,20.917987901656467,-166.92272161244438,2.9414148330688477
131,720,21.146867096034843,-166.92204907984265,
132,720,20.838001109228802,-166.7526066443227,3.992471218109131
133,720,21.08211603629013,-166.7009290915243,
134,720,20.993188716232577,-166.66973860303955,2.793715000152588
135,720,21.290084590286302,-166.81570348200293,
136,720,21.142560348381913,-166.71966269900742,1.534586787223816
137,720,21.34022918484509,-167.00687945390482,
138,720,21.038953633732557,-166.89604997975616,1.953619122505188
139,720,21.051044571353156,-166.87227141183837,
140,720,21.003097076333464,-166.82459441551043,1.9303596019744873
141,720,20.929408001894785,-166.76651839598907,
142,720,21.190448037675417,-166.67742448565468,1.9408034086227417
143,720,21.23192055164535,-166.79055848814826,
144,720,21.146528755685498,-166.75172563107418,2.2228779792785645
145,720,21.061884343370053,-166.81911239000868,
146,720,20.760769028381983,-166.7883333694361,1.461949110031128
147,720,21.05995902936763,-166.78058086230865,
148,720,21.16618517892118,-166.86203128201413,1.7865784168243408
149,720,21.27635944612429,-166.96637827960382,
150,720,21.344389188000825,-166.81857696163956,2.3282761573791504
151,720,21.39572162859982,-166.9355484372183,
152,720,21.083066861169144,-166.9330068297945,1.5721335411071777
153,720,20.91041209565101,-166.57803624915218,
154,720,20.85727221488075,-166.8027207215887,1.6254388093948364
155,720,21.184869785816684,-166.7286882098422,
156,720,20.967997618481668,-166.69756318121344,1.6571522951126099
157,720,20.96597733018857,-166.83708902626512,
158,720,20.95228316797445,-166.7417703047476,1.2776695489883423
159,720,21.10719850007165,-166.82985460408435,
160,720,21.145382323165617,-166.83080157847115,1.2859675884246826
161,720,20.98347552842096,-166.77279059832247,
162,720,20.927970058563204,-166.7683989344114,1.4540235996246338
163,720,20.972178330298792,-166.80035866153116,
164,720,21.058958837802443,-166.65177549988024,1.232872724533081
165,720,20.929566739066548,-166.83726930393183,
166,720,21.2543688843761,-167.05149445887776,1.9472302198410034
167,720,21.006281828251332,-166.62256754198202,
168,720,21.08430287643604,-166.82660975521452,2.074880599975586
169,720,21.3014158469162,-166.8957177165244,
170,720,21.207795998793095,-166.76259769921248,1.362243890762329
171,720,21.153263824520447,-166.81673172414077,
172,720,20.79213210222288,-166.56809681240586,2.1237330436706543
173,720,20.867733591707555,-166.75954650038398,
174,720,20.966928592208895,-166.76555784657256,3.115199327468872
175,720,21.108573413420864,-166.9381908950821,
176,720,21.236684812844047,-167.08511838922246,2.5253751277923584
177,720,20.965600022556398,-166.74701423709973,
178,720,21.041094979561564,-166.8415223782104,1.2083897590637207
179,720,21.125264127945485,-166.65434532400957,
180,720,21.050498549975938,-166.64977470205818,2.8420019149780273
181,720,20.949919525662143,-166.8452073680349,
182,720,21.362886648174307,-166.78505147785458,5.026647090911865
183,720,21.07724223455577,-166.7256600956561,
184,720,21.371114500588355,-166.83036324374294,4.377636432647705
185,720,21.09943992852652,-166.76373922425597,
186,720,20.930172273481173,-166.69226240040928,2.516207456588745
187,720,20.870807189183456,-166.71363024322082,
188,720,21.28262455375113,-166.67752086214082,1.686902642250061
189,720,20.94223002914425,-166.71578586956832,
190,720,20.89485215230628,-166.5334487321524,2.598133087158203
191,720,20.876220164529194,-166.76126571540502,
192,720,20.897152043978682,-166.72554963961568,2.846318006515503
193,720,21.075620033490974,-166.90193524315427,
194,720,20.965437167674644,-166.65620179294461,1.9028643369674683
195,720,20.757823538306475,-166.64224040665056,
196,720,20.880886441341847,-166.74537787813182,1.2287083864212036
197,720,21.11136335146453,-166.7764273980575,
198,720,20.964165426069766,-166.7692638425732,1.8499468564987183
199,720,21.19933772567246,-166.7302846225062,
200,720,21.012520893822234,-166.71942645921766,1.6503723859786987
201,720,20.88850006455025,-166.68558175485515,
202,720,21.137480767327826,-166.8073038384169,1.062819004058838
203,720,21.154428078078396,-166.91475502231984,
204,720,20.982402651419694,-166.56053776743846,2.1507742404937744
205,720,21.1518112815694,-166.72598660509937,
206,720,20.898348417506273,-166.9043740830571,2.9673595428466797
207,720,20.897113425324275,-166.82266364387115,
208,720,20.74261173828304,-166.7359094827473,2.1091201305389404
209,720,20.87753770090087,-166.71076395535357,
210,720,21.185918558701488,-166.772140079185,1.1975704431533813
211,720,21.289731636656008,-166.83105135596193,
212,720,21.026952636692357,-166.85917919185235,1.6369410753250122
213,720,21.014348003814824,-166.73897454048566,
214,720,21.21328638795812,-166.82122495940357,1.9450223445892334
215,720,21.008265312971417,-166.7372648128113,
216,720,20.835781240900904,-166.7166047032411,1.5630544424057007
217,720,20.939618080433196,-166.84673021244066,
218,720,20.981697303184614,-166.760694061404,1.586789608001709
219,720,21.034663694685435,-166.72116813036791,
220,720,21.261204706097597,-166.81168169528164,2.0455284118652344
221,720,21.047113801322727,-166.7757465348682,
222,720,20.94436266915538,-166.7240268293884,1.6924214363098145
223,720,21.383057143203946,-166.736069687421,
224,720,20.861477912382085,-166.76744378141663,1.5947810411453247
225,720,21.09654552918569,-166.7669629115279,
226,720,21.462219412030908,-166.89371419188254,2.0071065425872803
227,720,21.281170128171432,-166.85132594048582,
228,720,21.141268430209735,-166.69831165575948,1.4625052213668823
229,720,21.17066566851909,-166.72388521150552,
230,720,21.196645657976877,-166.72549999609737,0.9607238173484802
231,720,20.984599854036485,-166.78324410344774,
232,720,20.92691674146632,-166.8566848990809,2.0926172733306885
233,720,20.999189531564866,-166.72437251785934,
234,720,21.01447169013412,-166.73082461696194,2.798659324645996
235,720,20.709998354133532,-166.69146411278436,
236,720,20.915292111168135,-166.67361750216253,2.265350341796875
237,720,21.275772221494847,-166.7314859988382,
238,720,20.755637124280067,-166.72068708260468,1.049034833908081
239,720,21.085366284310847,-166.83900008734656,
240,720,21.02914552922943,-166.9119331930908,2.0668108463287354
241,720,21.09310006211208,-166.73998162939702,
242,720,21.16881685090489,-166.80167881593064,3.6708717346191406
243,720,21.101753596922805,-166.72783368616876,
244,720,21.073504064905837,-166.82058029838672,3.49054217338562
245,720,21.46346325305815,-166.92319785560596,
246,720,21.097368618134862,-166.8053657912189,2.0916507244110107
247,720,21.03147558021547,-166.73195360716994,
248,720,21.347363619302786,-167.03246947061527,1.1485522985458374
249,720,21.134261706593648,-166.81282560901622,
250,720,21.1904810764783,-166.7534285067456,1.8467880487442017
251,720,20.90590922649957,-166.7298651304087,
252,720,21.192443876971282,-166.829095244788,2.1878931522369385
253,720,21.332850079291408,-166.8858355438651,
254,720,21.094484560887537,-166.77463032314307,1.6676323413848877
255,720,20.975702147337977,-166.77608044605378,
256,720,21.49757321884907,-166.81148486696395,1.2934198379516602
257,720,21.228571848713564,-166.87410454106487,
258,720,20.978666633494253,-166.75636309453088,1.694227933883667
259,720,21.101141645334287,-166.73034462711067,
260,720,21.237061223249828,-166.8845224012855,1.426820993423462
261,720,21.12455030114922,-166.84165752645032,
262,720,21.234410880437967,-166.57018845773453,1.0462900400161743
263,720,21.16655500946805,-166.90276408351392,
264,720,21.210578247938443,-166.95543936761868,1.5001710653305054
265,720,21.184253833966675,-166.92039356634504,
266,720,21.116499409718774,-166.7942265625604,1.9879357814788818
267,720,20.94392983984341,-166.79955847797012,
268,720,21.385403774319244,-166.71471737816626,1.5926839113235474
269,720,21.247652646029287,-166.82217270605295,
270,720,21.515414612346664,-166.88620805091222,1.0984282493591309
271,720,21.259877499844514,-166.783949289238,
272,720,21.212216334142763,-166.8678150758579,1.3599237203598022
273,720,21.332904073295158,-166.95258072998024,
274,720,21.188691322917528,-166.94025933141165,1.254949927330017
275,720,21.416778215158107,-166.80621929142467,
276,720,21.2942993274696,-166.71750550799945,1.0856937170028687
277,720,21.27817395218055,-166.8719468912531,
278,720,20.985872942272486,-166.8025416629077,1.2113418579101562
279,720,21.05276393167227,-166.71683401982617,
280,720,21.000550962167047,-166.80682990898399,0.933730959892273
281,720,21.07962424142544,-166.77308098384637,
282,720,21.125660550431267,-166.80841798495953,0.9533243179321289
283,720,21.221460849354468,-166.85345402440174,
284,720,21.014852872888426,-166.81390744918704,1.1253620386123657
285,720,21.48711257359559,-166.99421602782505,
286,720,21.204131019744455,-166.86915012378012,0.8823833465576172
287,720,21.264396752437467,-166.87534661246576,
288,720,21.016266553770816,-166.82176256509302,1.037979245185852
289,720,21.04380991671326,-166.70159713241532,
290,720,21.237909455677354,-166.95899894643856,1.2652089595794678
291,720,21.201044175012914,-166.98128684674575,
292,720,21.269029563321915,-166.8155202162478,1.0897167921066284
293,720,21.464648494886553,-166.9720701277251,
294,720,21.13165035806773,-166.7929243749271,1.032809853553772
295,720,21.351265988347496,-167.00113848357788,
296,720,21.076468181231974,-166.90164973352188,1.0236387252807617
297,720,21.337840445196246,-166.84771523088529,
298,720,21.387290324969246,-166.8655273683988,1.0973551273345947
299,720,21.448647386777758,-166.97597241996073,
300,720,21.223263866548358,-166.73925427419715,1.682383418083191
301,720,21.203087745717824,-166.96903621434925,
302,720,21.214289722275396,-166.76530114122767,1.5961856842041016
303,720,21.343125830711053,-166.87366822790557,
304,720,21.176832237484835,-166.73282211545956,1.6821837425231934
305,720,21.220220032924857,-166.88154149910557,
306,720,21.236958504482814,-166.9413673819492,1.754351258277893
307,720,21.175419775343002,-166.96449106971465,
308,720,21.090136316361285,-166.88528722437474,1.80222749710083
309,720,21.199660036746483,-166.86359424377494,
310,720,21.239669431648547,-166.832952004537,1.5294854640960693
311,720,21.302960861260008,-166.88625966491384,
312,720,21.242058439851096,-166.84449150984537,1.7249513864517212
313,720,21.059997658974126,-166.94895030064058,
314,720,21.30527175339321,-166.84320655527523,1.7046228647232056
315,720,21.344922227030555,-166.78107271019442,
316,720,21.095405114809424,-166.85918765643692,1.6144858598709106
317,720,21.327299110401462,-166.78748725828316,
318,720,21.300717795127678,-166.98868652383442,1.6517421007156372
319,720,21.447460230836313,-166.83767162092363,
320,720,21.106157715662743,-166.79328874118792,1.452330470085144
321,720,21.51352586182649,-167.11155966980124,
322,720,21.191971577183416,-166.93430068153071,1.8812382221221924
323,720,21.469067871133927,-166.7818742612794,
324,720,21.23502643199257,-166.62699274058522,2.188394069671631
325,720,21.139006564915228,-166.77643386102415,
326,720,21.36692706323474,-166.9370988574907,1.7418150901794434
327,720,21.10976957537341,-166.75111222016062,
328,720,21.203850890114044,-166.81475222721937,1.4194601774215698
329,720,21.343216544527223,-166.71000526581653,
330,720,21.685513200801395,-166.83684954836428,1.5621364116668701
331,720,21.09697350888549,-166.7170339190422,
332,720,21.316406155674375,-166.80233182876367,1.3721966743469238
333,720,21.209824656256515,-166.8595156408202,
334,720,21.205794868685924,-166.87536295421427,1.4975332021713257
335,720,21.420697883994734,-167.0184756327738,
336,720,21.100156961783316,-166.76380051833544,1.6220295429229736
337,720,21.24176022332401,-166.8285002295523,
338,720,21.4004993376262,-166.82210852881275,1.410345196723938
339,720,21.534169343758414,-167.0425185914016,
340,720,21.291631788147278,-166.70633532734462,1.5189180374145508
341,720,21.336823431027096,-166.90200776166782,
342,720,21.484909735083694,-166.98512426136818,1.5793508291244507
343,720,21.11551171632458,-166.8066756525796,
344,720,21.501143557673338,-166.93608523710233,1.481848955154419
345,720,21.278858109355767,-166.65081168266934,
346,720,21.418509933227394,-167.05105852982882,1.4975496530532837
347,720,21.19212451445878,-166.84213397402553,
348,720,21.2453771047594,-166.7586599944893,1.6650844812393188
349,720,21.235802810462477,-166.81625695425305,
350,720,21.199338558134265,-166.75011150804542,1.740681767463684
351,720,21.398159057039567,-166.86884545801144,
352,720,21.177172938346647,-166.85180004120636,1.3912478685379028
353,720,21.53861886989095,-166.99539063124928,
354,720,21.350926628750283,-167.06054647516416,1.5875608921051025
355,720,21.07889704867811,-166.81117287994056,
356,720,20.83312670455239,-166.75073329979054,1.7697678804397583
357,720,20.962365604225013,-166.7788948959599,
358,720,21.105062514512674,-166.87110880180688,1.551830530166626
359,720,21.132392455128315,-166.77987375024264,
360,720,21.37036911164165,-166.89723871570126,1.4374533891677856
361,720,21.596898898373595,-166.9965655079864,
362,720,21.272104505304213,-166.78143256281552,1.3468431234359741
363,720,21.14292018858267,-166.87416167334788,
364,720,21.22837907455445,-166.95923410366834,1.4120012521743774
365,720,21.439409463184557,-166.90151726848535,
366,720,21.24197083762765,-166.78467735183696,1.2761077880859375
367,720,21.39045902911535,-167.04638052215284,
368,720,21.393846097091735,-166.8829299663481,1.2632026672363281
369,720,21.109755287686486,-166.83204201356116,
370,720,21.207095842227904,-166.87833240872925,1.236059546470642
371,720,21.454691239955764,-166.96823458494777,
372,720,21.299803691212166,-166.86752740929865,1.4065194129943848
373,720,21.052052593750183,-166.73672426611697,
374,720,21.354471206519552,-166.94441090969636,1.517680287361145
375,720,21.285605216628227,-166.89913529560678,
376,720,21.306215320178865,-166.94066275538128,1.296711802482605
377,720,21.433028926952336,-166.82383751179236,
378,720,21.35310414138944,-166.98651987814668,1.342829942703247
379,720,21.184726521991866,-166.93310589192137,
380,720,21.41747015475595,-166.981410055194,1.3187025785446167
381,720,21.215810928333006,-166.7849760953756,
382,720,21.197020225689737,-166.81797938660844,1.4132987260818481
383,720,21.36033313270542,-166.8882661696575,
384,720,21.341129429907074,-167.04560157103214,1.6209611892700195
385,720,21.022903260322064,-166.83890900671327,
386,720,21.30265516071656,-166.96647050536345,1.2298352718353271
387,720,21.47124117716008,-167.0267011691187,
388,720,21.527796081721426,-166.7924216833638,1.3169634342193604
389,720,21.616980618589945,-166.9582282954671,
390,720,21.48865330213066,-167.03901261894296,1.6358815431594849
391,720,21.39475495078367,-166.85584749713212,
392,720,21.159788573486495,-166.85883750954568,1.308569312095642
393,720,21.51982319398841,-166.8910918859779,
394,720,21.374416529099665,-166.91892500808808,1.0926506519317627
395,720,21.347649844155082,-166.8755310036218,
396,720,21.516839994564556,-166.84518194049554,1.171576738357544
397,720,21.599148655149698,-167.02675524430123,
398,720,21.40158272136504,-166.74793973145643,1.036208152770996
399,720,21.62076747588261,-166.9608153949236,
400,720,21.29949228127632,-166.8242004295874,1.0389275550842285
401,720,21.584794110332624,-167.02152505174226,
402,720,21.476981753074114,-166.94951345673135,1.0670716762542725
403,720,21.57585508873669,-167.00589090207706,
404,720,21.358751537144403,-167.05104994697302,1.0281320810317993
405,720,21.214703172943935,-166.82808449398286,
406,720,21.42022414822691,-166.9260879176003,1.0854594707489014
407,720,21.610540418809574,-167.00039021538436,
408,720,21.442930100250926,-166.9151137785845,1.0858182907104492
409,720,21.568870259520665,-166.88339451571665,
410,720,21.413216059549445,-166.9654527481732,1.0395058393478394
411,720,21.68637809068642,-167.0268302885124,
412,720,21.384089639953558,-167.05071566036793,0.9686989188194275
413,720,21.419797799455026,-166.98058384246147,
414,720,21.411682618170254,-166.98568689947345,1.2698346376419067
415,720,21.408906209880836,-166.8743592377305,
416,720,21.378398515547104,-166.9790086919226,1.2456352710723877
417,720,21.995259383841706,-167.00061592013324,
418,720,22.259166549503092,-167.28725050966668,0.9736620187759399
419,720,21.737575521458766,-166.9553838138348,
420,720,21.15578858782821,-166.92738003128838,0.9447680115699768
421,720,21.332316160889995,-166.84260205228537,
422,720,21.43226473422059,-166.9686969906823,1.1261978149414062
423,720,21.254968363629686,-166.8542175027393,
424,720,21.28637845254097,-167.04506741940617,1.0629791021347046
425,720,21.343502180535125,-166.87419656531148,
426,720,21.229417352350474,-166.83705126876202,0.8619073629379272
427,720,21.37811065114958,-166.80448949988744,
428,720,21.355994337886827,-166.9774061221429,0.850116491317749
429,720,21.21111251865363,-166.87387536965684,
430,720,21.09658170390239,-166.739639678847,1.011830449104309
431,720,21.496420530922812,-166.92629712517947,
432,720,21.17218471584381,-166.76595466648916,0.9597340822219849
433,720,21.087047602796872,-166.96563620017014,
434,720,21.344736699836172,-167.00117278794917,0.9230075478553772
435,720,21.321353473979645,-166.9929105296276,
436,720,21.356005088408224,-166.79771498422852,0.8343811631202698
437,720,21.20585775207704,-167.00812445429116,
438,720,21.17047520980543,-166.8246600861633,0.9642584323883057
439,720,21.21757383924184,-166.89883542322622,
440,720,21.400933540264493,-166.82163172282262,0.9249039888381958
441,720,21.425837429978117,-166.98293703628346,
442,720,21.16375917782241,-166.77716881952932,0.8534482717514038
443,720,21.309062847605972,-166.88684490974916,
444,720,21.404802638509075,-166.88330702119575,0.8782450556755066
445,720,21.0656998463911,-166.81813551826366,
446,720,21.287295984883645,-166.786256584549,0.8266887068748474
447,720,21.085299667660994,-166.78218564941417,
448,720,21.364514081037992,-166.9314364164674,0.843948245048523
449,720,21.743968985396414,-167.04406910157036,
450,720,21.493423134028276,-166.9793532851602,0.8015508651733398
451,720,21.340000173937135,-166.93806579979815,
452,720,21.468761433913766,-166.92645707728275,0.7678965330123901
453,720,21.179225590919394,-166.78913169847024,
454,720,21.393003000992312,-166.8201310307079,0.8611301779747009
455,720,21.410376202802926,-166.88650263247152,
456,720,21.23388086954036,-166.7723196479787,0.7558057904243469
457,720,21.55124015330559,-166.86790630813033,
458,720,21.242779721313884,-166.8576248526342,0.8652450442314148
459,720,21.444060375664993,-167.1145096257357,
460,720,21.154457337292897,-166.83835199694218,0.810459315776825
461,720,21.3407844250697,-166.84898446087308,
462,720,21.2015783206535,-166.77576663340977,0.8249345421791077
463,720,21.152767271544157,-166.9172760227799,
464,720,21.25994481267642,-166.8144914302489,0.799159824848175
465,720,21.28874332002256,-166.487225456267,
466,720,21.418321814743273,-166.83423732725615,0.8173226118087769
467,720,21.277239898961316,-166.60763906464712,
468,720,21.32057187206367,-166.9455264545642,0.7987366318702698
469,720,21.091277571559782,-166.79763122223278,
470,720,21.17475660597421,-166.8519557579634,0.729195237159729
471,720,21.152132804567465,-166.94235351704137,
472,720,21.356925919376557,-166.88660460202084,0.7226050496101379
473,720,21.5434647309011,-166.99199124435685,
474,720,21.381780394126203,-166.95303508470474,0.7388611435890198
475,720,21.395573996925588,-166.9525410442659,
476,720,21.395319751221564,-166.71159349703473,0.6890720725059509
477,720,21.38957803354696,-166.78676306484573,
478,720,21.12694107228229,-166.85758106209153,0.8390810489654541
479,720,21.103992270779532,-166.78018277493936,
480,720,21.20610393700298,-166.82275274211352,0.7368394136428833
481,720,21.490345438531516,-166.98884108558198,
482,720,21.160548481311366,-166.77954240016825,0.7336429953575134
483,720,21.299869408943238,-167.00238320663755,
484,720,21.312928574514768,-166.79228230002735,0.6986526250839233
485,720,21.305482050331843,-166.8247931205174,
486,720,21.266852858435602,-166.86832940870565,0.7182130217552185
487,720,21.29543090864126,-166.71657662249643,
488,720,21.36079092583043,-166.8535479000077,0.7683382630348206
489,720,21.328050348568578,-166.84836091087732,
490,720,21.45936921378796,-166.8506287302103,0.6373473405838013
491,720,21.463615490837668,-166.9046195833345,
492,720,21.207212002105944,-166.6559482957563,0.6224168539047241
493,720,21.25272667462527,-166.78527652982203,
494,720,21.487053391355477,-166.78197872557976,0.7432803511619568
495,720,21.254049028994878,-166.85171349237604,
496,720,21.30032899661933,-166.97526670067256,0.7244775295257568
497,720,21.140801715705507,-166.7180218050658,
498,720,21.27035367427926,-166.75985693444508,0.5920810699462891
499,720,21.267093341233235,-166.90100913780026,
500,720,21.62518063591882,-167.10749153256083,0.5495129227638245
501,720,21.361347832589068,-166.79903683389233,
502,720,21.234029595739067,-166.77087229527038,0.8452309370040894
503,720,21.303627252150353,-166.948847847667,
504,720,21.010054287666165,-166.88766970402648,0.7586860656738281
505,720,21.14436069922556,-166.91585939057978,
506,720,21.413442078825764,-166.92014100075272,0.5416789650917053
507,720,21.351145310215088,-167.0014855739898,
508,720,21.239542132506912,-167.05606012004915,0.529927670955658
509,720,21.454647404194496,-167.02010193286256,
510,720,21.229763495929248,-166.86274360988224,0.6891683340072632
511,720,20.92301044365323,-166.8129626108218,
512,720,21.330869184595947,-166.92145277183656,0.5611717700958252
513,720,21.339747627641987,-166.92499031005764,
514,720,21.19734515457972,-166.8963145826021,0.6177603006362915
515,720,21.21041922027286,-166.92187903074748,
516,720,21.335054317199685,-166.80400429090415,0.5653067827224731
517,720,21.394206501363623,-166.98122500147105,
518,720,21.22942039573027,-166.90829543674036,0.5767524838447571
519,720,21.546418079414313,-166.7233338720963,
520,720,21.472047135671957,-166.98815716043669,0.513552188873291
521,720,21.200485258509048,-166.76182888849647,
522,720,21.336931845671522,-166.87985847981918,0.6461079120635986
523,720,21.30068844737515,-166.91419236693545,
524,720,21.41109174007063,-167.04089094404227,0.47550487518310547
525,720,21.420383812924637,-167.0179239360181,
526,720,21.47362076793015,-166.74962444045696,0.8022332191467285
527,720,21.49414461855089,-166.90730712658458,
528,720,21.42420204897636,-166.89859674207707,0.9039343595504761
529,720,21.440868088933254,-166.96710287074077,
530,720,21.403326988975568,-166.89929544178835,0.4252946078777313
531,720,21.19111173750845,-166.73840658843727,
532,720,21.380148862227593,-166.935865009604,1.6838064193725586
533,720,21.442812830209242,-166.8926968448695,
534,720,21.403148679308753,-166.87852221893462,2.810741901397705
535,720,21.25336382994392,-166.91271924699507,
536,720,21.323277661757967,-166.82314514400667,2.0191287994384766
537,720,21.243952958907407,-166.9283495729885,
538,720,21.213632360020082,-166.83558233135707,0.8349907398223877
539,720,21.410130621494034,-166.75632822556338,
540,720,21.470740155232416,-167.0825658637437,1.271733283996582
541,720,21.20350509154782,-166.8209763001765,
542,720,21.74475457538349,-166.87518710321223,1.8163459300994873
543,720,21.56312072109198,-166.96868297582367,
544,720,21.45444899510125,-166.80728514925414,1.4306628704071045
545,720,21.492655987733116,-166.91477833951885,
546,720,21.527171720707212,-166.8851101527448,1.1573169231414795
547,720,21.52158546347407,-166.99793426935855,
548,720,21.399170898511166,-167.0459170540323,1.6930378675460815
549,720,21.48977735838796,-166.93093715028837,
550,720,21.42138691040139,-166.90380026361433,1.4311676025390625
551,720,21.37200159317409,-166.9068692481986,
552,720,21.477540992684638,-167.12036825238283,0.7375553846359253
553,720,21.571506802575595,-167.00023456290592,
554,720,21.464436934847384,-166.94986948367048,1.2718983888626099
555,720,21.621137937357734,-167.2270877826294,
556,720,21.525640904788457,-166.99936139913123,2.474541425704956
557,720,21.426771789495163,-166.78925322030602,
558,720,21.327705863659695,-166.94973306208908,2.2155873775482178
559,720,21.591206859797175,-166.94547286386725,
560,720,21.910970214194066,-166.62936480079824,0.9059454202651978
561,720,21.362184328677397,-166.79112641724836,
562,720,21.452826945561572,-166.91237312127086,0.6988605856895447
563,720,21.718481878666914,-167.15456698613346,
564,720,21.469309098186656,-166.97787679694684,1.6131196022033691
565,720,21.527854224220395,-166.94637808736545,
566,720,21.538296629431088,-167.00921411265813,1.5786287784576416
567,720,21.404096248392896,-166.84826249942904,
568,720,21.151192068867374,-166.74003341608957,0.6708474159240723
569,720,21.5929092727742,-166.86325080900934,
570,720,21.406832693353014,-166.84998666469488,0.6848010420799255
571,720,21.599951860525156,-167.00552675666745,
572,720,21.57624393370487,-167.00106171981747,1.3891966342926025
573,720,21.542313115970366,-167.05705148398144,
574,720,21.6711727382537,-166.95322802802124,1.1275901794433594
575,720,21.276787253899837,-166.89812332646554,
576,720,21.568784708208224,-166.98288693397146,0.3942677080631256
577,720,21.731573558995862,-167.04104699567796,
578,720,21.671761219346113,-167.0019960780583,1.0031274557113647
579,720,21.748049613155747,-167.04170644536538,
580,720,21.747658715130186,-167.10306919058652,1.6837955713272095
581,720,21.344365984455013,-166.9604518495526,
582,720,21.842467472155107,-167.21768967738083,1.3905346393585205
583,720,21.550336950068477,-167.09398397282973,
584,720,21.597927243290894,-167.15781850600547,0.5556772351264954
585,720,21.4648287630464,-166.7991138291714,
586,720,21.46688976280027,-166.84701855899047,0.7813307046890259
587,720,21.508779867788437,-166.95077084812576,
588,720,21.800390241266662,-166.99167209062904,1.227466344833374
589,720,21.54511551638603,-166.95370668151764,
590,720,21.490535347216408,-166.77955755791527,0.942767322063446
591,720,21.338460573773094,-166.97377926201756,
592,720,21.45401404910125,-166.8742186983164,0.4796828329563141
593,720,21.432030181264686,-166.89010912974953,
594,720,21.380260836157746,-166.91615107496128,0.48195579648017883
595,720,21.82743463702381,-167.07597278383673,
596,720,21.469412018933607,-166.94366021654116,0.47750505805015564
597,720,21.243342442648878,-166.9347685736299,
598,720,21.54790263152163,-166.9465474514364,0.557091236114502
599,720,21.33911949980459,-166.8868878267931,
600,720,21.36286578187545,-166.92604769337296,0.32168152928352356
601,720,21.597116833622756,-166.92518225462817,
602,720,21.44052251470292,-166.82652671745248,0.7433216571807861
603,720,21.39305864682809,-166.97570714764302,
604,720,21.477160253909407,-166.7548911834555,0.8230463266372681
605,720,21.387644080127735,-166.87424658095364,
606,720,21.466683657807184,-166.90636059879012,0.40085333585739136
607,720,21.47948638883081,-166.92548185232596,
608,720,21.320318347068174,-166.88111415669943,0.61049884557724
609,720,21.38026093472416,-166.9679029273436,
610,720,21.509302302833614,-166.90180395886213,0.7787753939628601
611,720,21.44127092520145,-166.94108341945605,
612,720,21.299582171036025,-166.900329763386,0.5832282900810242
613,720,21.394601196418787,-166.85608810683127,
614,720,21.280356744673696,-166.7641137238283,0.559881329536438
615,720,21.55609513542391,-167.01280191207465,
616,720,21.09509264286309,-166.7282913522492,0.42459988594055176
617,720,21.544079170668045,-167.06790404900553,
618,720,21.273413354620484,-166.99403147763186,0.702992856502533
619,720,21.143214232045278,-166.8916894177508,
620,720,21.307312710880165,-166.9398651012318,0.9586721658706665
621,720,21.010055948511877,-166.84682033242458,
622,720,21.550802902858955,-167.00561916182727,0.6559568047523499
623,720,21.321722633212445,-166.9267438466397,
624,720,21.517526108147432,-166.82991532250674,0.24586531519889832
625,720,21.409200228707626,-166.99469799452712,
626,720,21.488627353148377,-166.99514924270304,0.5169917941093445
627,720,21.298115056861675,-166.898235504742,
628,720,21.609438988776674,-166.99469146746762,0.5016891956329346
629,720,21.353967252506866,-166.94892886835936,
630,720,21.294454349291367,-166.8931652983018,0.29074639081954956
631,720,21.43938947988879,-166.83576277099047,
632,720,21.439778441306608,-167.07001725622968,0.38609579205513
633,720,21.60411498933913,-166.85495428069854,
634,720,21.357272492526366,-167.02216250229665,0.30390650033950806
635,720,21.384195066679098,-166.86141179008825,
636,720,21.4176927580493,-167.1050715354892,0.3047097325325012
637,720,21.359047727030724,-167.0073758868114,
638,720,21.304570061247148,-166.95298948406764,0.2700043320655823
639,720,21.585268733406046,-166.98138460776244,
640,720,21.46902931589618,-167.05458138862986,0.28562527894973755
641,720,21.362140245770146,-166.94393963290014,
642,720,21.39852518463653,-166.88536220270504,0.26337096095085144
643,720,21.147566337712,-166.95236488947904,
644,720,21.18420839705943,-166.89918835091828,0.2285054326057434
645,720,21.434542538701308,-166.81520036276547,
646,720,21.383015128099046,-166.9723681431769,0.2923479378223419
647,720,21.4125724539748,-166.98125001455847,
648,720,21.216237480626887,-166.68931806609615,0.2723120152950287
649,720,21.65674078054075,-167.03175925804553,
650,720,21.33475006856043,-166.8792045958316,0.2588261067867279
651,720,21.644051605988547,-166.96632966988707,
652,720,21.52109633867271,-166.87287417410653,0.2281593531370163
653,720,21.483088237128474,-167.0801123117931,
654,720,21.38661959672784,-166.70400317047424,0.18042686581611633
655,720,21.410829806367204,-166.79884759117755,
656,720,21.38053229649916,-166.82527359058878,0.23006795346736908
657,720,21.6767897229705,-167.03228566845377,
658,720,21.31617703868322,-166.83388183424216,0.2846464514732361
659,720,21.56633350221238,-166.99036154826854,
660,720,21.56527710170395,-166.85043536804045,0.22662362456321716
661,720,21.4180964304224,-166.80558974570852,
662,720,21.639356402699047,-166.86107556727788,0.44456198811531067
663,720,21.268867742695914,-166.93631273839782,
664,720,21.771100496068936,-167.0710529591389,0.5293835401535034
665,720,21.285096281438285,-166.9197471265647,
666,720,21.527902447420086,-166.90475082896322,0.2315608263015747
667,720,21.250446543742875,-166.94863775361955,
668,720,21.349859775186623,-166.89947713459023,0.862114429473877
669,720,21.295727265859774,-167.0038196598011,
670,720,21.364984712449626,-167.0332907414627,1.4047353267669678
671,720,21.614398392681103,-167.12030590117158,
672,720,21.256828932766137,-166.84904758348208,0.8482614159584045
673,720,21.22747219140632,-166.7749357703647,
674,720,21.221411340988,-166.800873875893,0.3709561228752136
675,720,21.140093899289827,-167.00843045773917,
676,720,21.530394919404767,-166.9103626396245,0.8706895709037781
677,720,21.463689484242472,-167.0878970480748,
678,720,21.121367044590894,-166.91345445489614,0.8628837466239929
679,720,21.524565561694704,-167.0473069493584,
680,720,21.444654279809463,-166.91951784498642,0.3765738010406494
681,720,21.55459183684019,-167.00525077510855,
682,720,21.22182525777705,-166.93996630977657,0.7021709680557251
683,720,21.57414746909005,-166.98316320625463,
684,720,21.539707812948087,-166.8552754450329,1.1116008758544922
685,720,21.22424272414449,-167.01325996619028,
686,720,21.244710877622346,-167.03211437968298,0.783685028553009
687,720,21.509568464442545,-167.01365842968573,
688,720,21.319198962303673,-167.0537541501542,0.37603113055229187
689,720,21.544370023659667,-167.0775479177522,
690,720,21.180524777372508,-166.92898779388537,0.7209462523460388
691,720,21.049800728556274,-167.01819707407125,
692,720,21.590528695154553,-167.04253321023117,0.789885938167572
693,720,21.296426093566858,-166.8259574631134,
694,720,21.542152828007712,-166.98139596126023,0.32381489872932434
695,720,21.51133064401815,-166.92234057507792,
696,720,21.371976347961745,-166.96131154821467,0.6565073132514954
697,720,21.675365196584053,-167.08135614904612,
698,720,21.35422989314574,-166.9142973384666,1.3390443325042725
699,720,21.38709467153542,-166.86268609762715,
700,720,21.443324850503622,-166.95875212708154,1.183931589126587
701,720,21.46596209525783,-167.02082757657973,
702,720,21.397955524882196,-167.11255358427496,0.34962132573127747
703,720,21.300997250939847,-166.89531768971702,
704,720,21.42372427585169,-167.0244489730966,0.620203971862793
705,720,21.2935539517889,-166.95941959496892,
706,720,21.507217065867422,-167.19892408987747,1.5488195419311523
707,720,21.437035323382933,-166.75563451407746,
708,720,21.42057912041475,-166.88243927817828,1.5539724826812744
709,720,21.47226319528777,-167.09286968186186,
710,720,21.492939850263753,-166.9417998599674,0.4897022247314453
711,720,21.515897345123523,-167.00380925413702,
712,720,21.53915354091889,-166.84049575618334,0.2560110092163086
713,720,21.32480012737378,-166.96314258593537,
714,720,21.40425577111758,-166.89096115928285,0.6916309595108032
715,720,21.477554130065016,-167.01503136098287,
716,720,21.55201448224761,-167.12753406918185,0.49820518493652344
717,720,21.28914621633146,-166.9883081277667,
718,720,21.325460424459052,-166.9307325169747,0.1350705921649933
719,720,21.348463415565895,-166.9683031794176,
720,720,21.05814843648109,-166.8541348420742,0.7811588644981384
721,720,21.273836097497036,-166.80895883490155,
722,720,21.308480934019656,-166.91589762012103,1.230786681175232
723,720,21.154499787625348,-166.84397158264258,
724,720,21.1721607453079,-166.91808726632985,0.9418072700500488
725,720,21.325553355889387,-166.94277343233063,
726,720,21.37699376801737,-167.02342786396048,0.40752530097961426
727,720,21.282753750838673,-166.9867937883529,
728,720,21.31830708591415,-167.09208838548696,0.45847395062446594
729,720,21.34998930275739,-167.02737037970994,
730,720,21.36169209178003,-166.8584853805094,0.565497636795044
731,720,21.513039585808542,-166.94458996550964,
732,720,21.49185786116954,-166.87120520853577,0.3910793960094452
733,720,21.590200926994385,-167.08119577530547,
734,720,21.506853916270106,-166.92545050429982,0.4066401720046997
735,720,21.274453129571057,-166.82647586184066,
736,720,21.510812575420584,-166.93429623358216,0.234572172164917
737,720,21.152616827143166,-166.9477793569311,
738,720,21.40590886398893,-166.96836545305743,0.277129203081131
739,720,21.116333889112415,-167.03062121870974,
740,720,21.561229330905192,-167.05156516737085,0.2862773835659027
741,720,21.49426384889564,-167.0721066286262,
742,720,21.46914208111724,-167.1141869602378,0.18794937431812286
743,720,21.609076746076404,-167.03956177653924,
744,720,21.485724458278384,-166.90245721249127,0.23833322525024414
745,720,21.367869395940925,-166.9560133363366,
746,720,21.627684091430087,-167.05297729390003,0.24014844000339508
747,720,21.507385795717695,-166.927154781906,
748,720,21.47464493073099,-167.00670314902092,0.19399239122867584
749,720,21.397396265952988,-166.97521342111102,
750,720,21.322099512523092,-166.88650621085773,0.17308174073696136
751,720,21.730572855637465,-167.05149428422646,
752,720,21.551024275395086,-166.99014914052242,0.2448057234287262
753,720,21.454382029288865,-166.92398122322314,
754,720,21.49010135351427,-166.95053105704048,0.10999703407287598
755,720,21.676052919266283,-167.22527269143902,
756,720,21.482490605206415,-167.00755631314047,0.4473267197608948
757,720,21.547526584386162,-167.05374309496656,
758,720,21.272297985035575,-166.97798672193997,0.48969316482543945
759,720,21.175321804482696,-167.01771479410706,
760,720,21.442646815331617,-166.90421191711053,0.14585399627685547
761,720,21.4497577947168,-166.99315829775836,
762,720,21.492542323767434,-166.90100644763186,0.37493813037872314
763,720,21.54840118078037,-167.0397002495761,
764,720,21.65902869546195,-167.06868340253715,0.4567122161388397
765,720,21.49307817080906,-167.0045050129558,
766,720,21.795152033322964,-167.12803388623206,0.3353824019432068
767,720,21.17131884041435,-166.63215336097767,
768,720,21.631323084692117,-167.07345445008076,0.46055537462234497
769,720,21.35198680255314,-167.02988278488252,
770,720,21.26315928951329,-166.9450440268195,0.3314872086048126
771,720,21.49747357281697,-167.03904298666674,
772,720,21.296509518595172,-166.80223489950677,0.30303141474723816
773,720,21.173656942674874,-166.94836442798032,
774,720,21.50729251202422,-166.89038674911512,0.5971311926841736
775,720,21.22826849393865,-166.92724645588248,
776,720,21.183528963952348,-166.96153653369814,0.3870871663093567
777,720,21.417020264241966,-166.86641788059669,
778,720,21.21687763713159,-166.9739826564748,0.09638069570064545
779,720,21.3846416203111,-166.7974126264727,
780,720,21.32483707981318,-166.78829234350343,0.10957318544387817
781,720,21.281763127917152,-166.8169378293276,
782,720,21.646628386795925,-167.23012256808687,0.13367493450641632
783,720,21.32311731448905,-166.78578821851306,
784,720,21.551847366738926,-166.94799939425448,0.09531340003013611
785,720,21.33848438001639,-166.99874233666702,
786,720,21.478562328556478,-166.81581412554806,0.3334287703037262
787,720,21.337446525029325,-167.07153890056105,
788,720,21.51142643361094,-167.03915324291387,0.41739553213119507
789,720,21.431491356998283,-166.88048826602937,
790,720,21.459011607825282,-166.97343529444336,0.12885011732578278
791,720,21.30395412438308,-166.81936132603317,
792,720,21.39081250713067,-166.91765895802158,0.3542981743812561
793,720,21.342383649824733,-167.0091450605275,
794,720,21.44704908521864,-166.89831137693477,0.6186720132827759
795,720,21.259148400659083,-166.90119421579362,
796,720,21.106161812637648,-166.75308775957913,0.3035304546356201
797,720,21.151892829854777,-166.75095457428154,
798,720,21.687016472297234,-167.04098704230984,0.22270271182060242
799,720,21.344081557070353,-167.04916002175105,
800,720,21.368162184993615,-167.10362326254517,0.18613024055957794
801,720,21.436652130171296,-167.09821020834158,
802,720,21.300893805089853,-166.83072482662106,0.17900238931179047
803,720,21.49428701825237,-167.062867481951,
804,720,21.152874657726727,-166.9117147043746,0.10159945487976074
805,720,21.286852512719374,-167.01806771568184,
806,720,21.644984329058897,-167.13299489999332,0.2486155927181244
807,720,21.209494964129252,-166.9618752393387,
808,720,21.593949329102347,-166.99392558129244,0.1780833601951599
809,720,21.054386881285772,-166.9620883225553,
810,720,21.16671146626898,-166.86099659732577,0.22896796464920044
811,720,21.074822804436675,-166.84469595729325,
812,720,21.211941639327524,-166.9695231072237,0.32604333758354187
813,720,21.2371402564207,-166.82624169767277,
814,720,21.4421178099232,-167.04843054888755,0.10419075936079025
815,720,21.377784296006645,-166.8440989822844,
816,720,21.361864602002758,-166.8743491626518,0.3317284882068634
817,720,21.416401222860348,-166.93107130093682,
818,720,21.37193584635151,-166.79707644513718,0.3784281611442566
819,720,21.36322410774776,-166.97042049900935,
820,720,21.105325497772558,-166.9751921535958,0.22260040044784546
821,720,21.581518330035752,-166.96490586029043,
822,720,21.160248580714743,-166.82085811002128,0.35770660638809204
823,720,21.37903713930548,-167.19360558172315,
824,720,21.397834233170908,-167.0251404734059,0.25428080558776855
825,720,21.484760401564333,-167.1099922953424,
826,720,21.308720048588622,-166.98575907748165,0.3421957194805145
827,720,21.50210350185249,-167.10547385191433,
828,720,21.37345139869501,-167.03621547246738,0.4767768681049347
829,720,21.36848800870648,-167.07431251520293,
830,720,21.16302985859421,-167.00312282194704,0.26319557428359985
831,720,21.142562540712326,-166.6993820451957,
832,720,21.435290416890567,-167.05891778174376,0.2734158933162689
833,720,21.11526869017917,-166.7276293389721,
834,720,21.14724785949055,-166.69887124220148,0.5666444301605225
835,720,21.211410344593663,-166.8794923836881,
836,720,21.26795877384205,-166.83204361810922,0.3571571111679077
837,720,21.494598526652048,-167.0327017722487,
838,720,21.553197527272445,-166.92722322931968,0.08059415221214294
839,720,21.343449858282323,-167.1204506460593,
840,720,21.541235773077002,-167.01124934545496,0.13053452968597412
841,720,21.360390846965977,-166.60664277226232,
842,720,21.14469349458051,-166.81510202074114,0.102088563144207
843,720,21.4288983419619,-167.02088309063546,
844,720,21.560276310756855,-166.80338415179554,0.28611883521080017
845,720,21.402896256396918,-166.8310913423222,
846,720,21.34806540623814,-166.92061066478465,0.28327709436416626
847,720,21.176974337873737,-167.00128698372535,
848,720,21.523543464516166,-167.009416953167,0.14156705141067505
849,720,21.072936583743076,-166.80108919337889,
850,720,21.28834827156675,-166.79451436322123,0.25201916694641113
851,720,21.21161474414969,-166.862644465943,
852,720,21.715942794562217,-167.07531649905334,0.16095107793807983
853,720,21.52337182044909,-167.1518941235564,
854,720,21.59558115928827,-166.97343459490074,0.11635084450244904
855,720,21.55578441836823,-167.10663804650295,
856,720,21.58136888308463,-167.1718012212026,0.1854991316795349
857,720,21.500752081329317,-166.94762337314856,
858,720,21.567508499879036,-166.93984227570698,0.17670117318630219
859,720,21.56279395058688,-167.1760372686083,
860,720,21.215985971310523,-167.01415968627003,0.07641637325286865
861,720,21.33623574188494,-166.9320594647215,
862,720,21.18183304302764,-166.96017391556626,0.1686720848083496
863,720,21.47872427737194,-166.97117351138323,
864,720,21.398086072100934,-167.13465838068262,0.08777480572462082
865,720,21.3863408741288,-166.98227924236676,
866,720,21.352194440073642,-166.6988836098641,0.48095446825027466
867,720,21.437439594033606,-167.00309111118776,
868,720,21.45946106013917,-166.9287098832888,0.6203033328056335
869,720,21.758003675113873,-167.07467221875885,
870,720,21.38292135800776,-167.05607536883105,0.23243895173072815
871,720,21.344641758664743,-166.95791828032844,
872,720,21.63407234423852,-167.13126003549417,0.4460482895374298
873,720,21.419503004319132,-167.08284816229312,
874,720,21.25175398115955,-166.96512355140888,0.9905101656913757
875,720,21.355424909211656,-166.9498512241648,
876,720,21.420430942165403,-167.05468870865562,0.7517228126525879
877,720,21.651378834683943,-167.17273424921413,
878,720,21.293403063572953,-166.80794296888675,0.3283993899822235
879,720,21.452392075991337,-167.0793121970993,
880,720,21.52688586726282,-166.91992195376383,0.527690589427948
881,720,21.524791737702103,-166.99374196174622,
882,720,21.429507443744452,-166.96388471071336,0.6136638522148132
883,720,21.48081556794216,-166.8582334054169,
884,720,21.284388228342486,-166.94871559219123,0.28207725286483765
885,720,21.54724536591655,-166.96304651970158,
886,720,21.220085315945436,-167.03769582505998,0.5130440592765808
887,720,21.63291311997267,-167.01990754934081,
888,720,21.26807678301258,-166.842322814919,1.0040647983551025
889,720,21.43163615845869,-166.97364827008985,
890,720,21.462114691321574,-166.94853265556128,0.695778489112854
891,720,21.602455053761645,-167.11205473471162,
892,720,21.164504381594625,-166.71358554634622,0.19557465612888336
893,720,21.43539639039312,-166.8073889001624,
894,720,21.387425116670368,-166.92640483166736,0.8221756815910339
895,720,21.466673044682942,-166.95657932100823,
896,720,21.339294480743735,-166.80441148895983,1.4970933198928833
897,720,21.269502974957433,-166.98555552058494,
898,720,21.462374948668682,-166.9235807480841,1.2159168720245361
899,720,21.410352559160113,-166.63897894749158,
900,720,21.44780989925087,-167.03112605525808,0.39372390508651733
901,720,21.499175027531134,-167.1661795062835,
902,720,21.588177455156064,-166.90641936602523,0.8083236217498779
903,720,21.51034216425256,-166.87216211570606,
904,720,21.480086911855587,-166.99127632588466,1.9077346324920654
905,720,21.310307678398328,-167.0369110077874,
906,720,21.56894820642617,-166.98206931086395,1.8360168933868408
907,720,21.37549154912627,-166.95094068749367,
908,720,21.5852728554456,-167.0478249952124,0.8319369554519653
909,720,21.345159605243392,-166.86335472117895,
910,720,21.635734148932553,-166.9408415318709,0.46462786197662354
911,720,21.424185020034738,-166.94585307374237,
912,720,21.417356059956173,-166.93879953557797,1.194846510887146
913,720,21.569719771210018,-166.9437631179843,
914,720,21.522450800379495,-166.9326282282694,1.205629587173462
915,720,21.497138524557645,-167.03412268530465,
916,720,21.36054581535746,-166.86387838739896,0.6719765663146973
917,720,21.499846155980627,-167.01906763598043,
918,720,21.45817209177136,-166.88404226661945,0.2859032154083252
919,720,21.497991327276303,-166.91814598868422,
920,720,21.555256042939334,-167.0468525454756,0.6636625528335571
921,720,21.459024996908134,-167.00404260692187,
922,720,21.445623836794447,-167.06176667403872,0.8544842004776001
923,720,21.57864463637316,-167.15369767517396,
924,720,21.47115793031837,-166.93145438643333,0.3667221665382385
925,720,21.598231482149462,-167.00459785052252,
926,720,21.270783533095162,-166.86888660128764,0.34599974751472473
927,720,21.08311976786833,-166.93994751576932,
928,720,21.353091144876313,-166.92475280409317,0.845725953578949
929,720,21.48991249049004,-167.00083134316492,
930,720,21.582415935314867,-166.9919023808113,0.5586181282997131
931,720,21.389941942267736,-167.06923978414747,
932,720,21.641765304810566,-167.10140288000346,0.1585150957107544
933,720,21.4904172699314,-166.98155461898193,
934,720,21.47213393450223,-167.00348173148757,0.8558212518692017
935,720,21.373485060629633,-166.88528007657771,
936,720,21.666078692414708,-167.01752356133633,1.8141463994979858
937,720,21.52446990148934,-167.12522825650174,
938,720,21.20834882298426,-166.8567518179236,1.4045705795288086
939,720,21.30807210500598,-167.09783749214188,
940,720,21.349298996230896,-166.9598420853238,0.42457833886146545
941,720,21.459850412320172,-166.94357986666228,
942,720,21.488538274393783,-167.0567608615183,0.45181018114089966
943,720,21.543284965921263,-167.02805406848205,
944,720,21.475480842102364,-166.83726095564165,1.1084434986114502
945,720,21.759820140219915,-167.10874909526447,
946,720,21.602122146922895,-166.92786095925678,1.030341625213623
947,720,21.63267057778204,-167.01264631795985,
948,720,21.299300942248543,-166.84505408682185,0.41867366433143616
949,720,21.32109563810099,-166.87470930345023,
950,720,21.473063789627435,-166.90558063524682,0.40044525265693665
951,720,21.51954046599305,-166.95603900492992,
952,720,21.55402398919486,-167.0725586515451,0.9746812582015991
953,720,21.32747819922306,-166.74139617895085,
954,720,21.421580919371635,-167.0474614900747,0.8893022537231445
955,720,21.254205123188527,-166.9883673565193,
956,720,21.687273068000692,-167.0741578023259,0.2780967950820923
957,720,21.448477594679634,-166.89505675098593,
958,720,21.590578485271113,-166.96761223011148,0.5396110415458679
959,720,21.396983798626433,-166.85691081302238,
960,720,21.599412411335813,-166.98402385457783,1.1230924129486084
961,720,21.562888690688844,-167.15339164025343,
962,720,21.221363073614544,-167.07998962055515,1.000393271446228
963,720,21.741403853257875,-167.02849844849183,
964,720,21.470062958576072,-166.93304217565748,0.4042496681213379
965,720,21.76963560259039,-167.01755229075295,
966,720,21.416533730697985,-167.0005480466068,0.5257899165153503
967,720,21.619851204597566,-167.11327845326326,
968,720,21.465216066251887,-167.04495439954687,1.089117407798767
969,720,21.62401878425042,-167.11629672792708,
970,720,21.546287004359314,-166.94082309722538,1.0179014205932617
971,720,21.534530794977112,-166.99302157707348,
972,720,21.58719206875802,-167.04636413758564,0.5729522705078125
973,720,21.399970762957683,-166.93099723649902,
974,720,21.388031634219306,-166.9385416943187,0.5521462559700012
975,720,21.535222335637254,-167.08259741782982,
976,720,21.48030134704465,-167.0572448920857,0.8865253329277039
977,720,21.709931395973644,-167.14414431179654,
978,720,21.664414801194877,-166.9183910096613,0.79648357629776
979,720,21.44054503205184,-167.19454913481925,
980,720,21.63321015277345,-167.1631682496493,0.549717128276825
981,720,21.60136331823532,-166.9192561219683,
982,720,21.568580977372655,-166.9520818328102,0.6305733323097229
983,720,21.466112961365035,-166.9876699203691,
984,720,21.31985440877664,-166.9376052508927,0.6747868061065674
985,720,21.39979904210869,-166.9430368055885,
986,720,21.33238589587026,-167.0684106660852,0.477631539106369
987,720,21.48175191808297,-167.02218405936526,
988,720,21.629959677217215,-167.0498413353866,0.43202075362205505
989,720,21.427291253498222,-166.96305864023606,
990,720,21.435563412317745,-167.059871590574,0.6868173480033875
991,720,21.508139621304696,-166.98395761129328,
992,720,21.214016949929405,-166.9957226719338,0.5337730646133423
993,720,21.361140357556124,-166.9420786719685,
994,720,21.4912241259628,-167.1148765871046,0.2295166552066803
995,720,21.53188270949336,-167.06728155899845,
996,720,21.747891365640363,-167.12097404421502,0.5623777508735657
997,720,21.552046464237183,-166.89752975879765,
998,720,21.512513932130453,-166.83087213061327,1.1014853715896606
999,720,21.62345780837621,-167.1785484847636,
1000,720,21.45692391916951,-166.86738669459433,0.8048077821731567
