episode,minibatches,minibatches_possible,first_mb_kl,policy_loss,value_loss,mean_V,std_V,std_barrier,lyap_violation_rate,lyap_in_ball_rate,lyap_mean_dV,lyap_worst_slack,lyap_v_rmse,grad_norm_control,grad_norm_aux,lr_scale,certifiable_frac,cert_violation,cert_mean_dV,cert_mean_V,cert_worst_slack,cert_in_ball_rate,cert_certifiable_frac,cert_alpha_q05,cert_alpha_q25,cert_alpha_q50,cert_alpha_used,cert_alpha_next,cert_alpha_nonpos_frac,v_critic_violation,v_critic_mean,v_critic_min,v_agreement,v_critic_alpha_q05,v_critic_alpha_q25,v_critic_alpha_q50,v_critic_alpha_nonpos_frac,softplus_beta,lyap_penalty,dynamics_loss,barrier_loss,approx_kl,clip_fraction,mean_std,mean_raw_log_std,mean_abs_action,alpha
4,48,48,0.0,0.002623695860772083,0.0035121371038258076,,,,,,,,,6.3773043602705,0.0,0.9998272961280055,,0.9053464569151402,-0.00028611265940980957,0.2617483859260877,0.008071518745661402,0.0,0.961669921875,-0.011163432442117482,-0.004657169614802115,0.000602808260528794,0.010000000000000009,0.009500000000000008,0.46960351802408695,0.9967861299713453,1.0140929333865643,0.9885826893150806,0.21240106729480127,-0.0011547317274865538,-0.0003200756389010924,-0.00010334849753235176,0.7167267960806688,0.30555442790567455,,,,0.005607922186754877,0.061848958333333336,0.1765147913247347,0.006936402308686714,0.013957573556884503,0.8576958985908947
8,48,48,0.0,0.013268423227903744,0.00346841248635125,,,,,,,,,4.57499456902345,0.0,0.9993093549498943,,0.938403689612945,-0.00010531456796310697,0.37156710028648376,0.00888161857922872,0.0,0.962890625,-0.008935135905630887,-0.004352501331595704,-0.000564747535558278,0.009500000000000008,0.009025000000000007,0.5353907799969116,0.9857064560055733,1.099847935140133,1.0162889721492927,0.21687885490488648,-0.0027932164096758547,-0.0005123028264885457,-0.00013868585195571845,0.6377519505719343,0.3110758370942032,,,,0.005488928420769905,0.060302734375,0.18195662119736275,0.020434592326637357,0.01861247329118972,0.7356422544596414
12,48,48,0.0,-0.0018882824030394356,0.002232371776093108,,,,,,,,,3.8013600955406823,0.0,0.9984466876110786,,0.8969161361455917,-0.0002683581314310383,0.3442158065736294,0.0087340150688154,0.0,0.962646484375,-0.008429138387631005,-0.004116295890222925,0.00010129221709576086,0.009025000000000007,0.008573750000000007,0.49208130066593486,0.9709701041380564,1.1172020062804222,0.9823101833462715,0.4418565925831596,-0.005698730596729244,-0.0008998769535537576,-7.355208148851489e-05,0.5352483211706082,0.3162041890176367,,,,0.006296698753430974,0.0771484375,0.18796772447725138,0.034892195176022746,0.01898235663732824,0.6309573444801939
16,48,48,0.0,-0.002183203692159926,0.0018843639530435514,,,,,,,,,2.985191355148951,0.0,0.997240145460068,,0.9121376872062683,-0.00012918174911173233,0.3947329831620057,0.008813352692717066,0.0,0.963134765625,-0.007066547152741502,-0.004212948595522903,-0.000527419677079403,0.008573750000000003,0.008145062500000006,0.5306689832359552,0.9513978312412897,1.17019019027551,0.9533274509012699,0.5096526059011618,-0.009927629987942055,-0.00127057090139715,0.00011303886496231523,0.4759986624121666,0.3212092197867761,,,,0.005684481740596918,0.06982421875,0.19416992956151566,0.049343821980680026,0.022353851818479598,0.5411695265464641
20,48,48,0.0,0.004736399452667683,0.0015839493019787672,,,,,,,,,2.7288330097993216,0.0,0.9956909192082986,,0.8472628792126974,-0.0003226233828475718,0.2960692550987005,0.007930041872896254,0.0,0.962158203125,-0.009994048809555048,-0.004261334737141927,0.00015291712218612474,0.008145062500000008,0.007737809375000006,0.4942509091148774,0.9512177320818106,1.1877159848809242,0.9911731965839863,0.3769720569252968,-0.010597162598666424,-0.0013120185782706055,0.00026212890357631596,0.4426972878475984,0.32627123906500305,,,,0.006112567077555771,0.07185872395833333,0.20051495109995207,0.06368569750338793,0.01922252882892887,0.46415888336127836
24,48,48,0.0,-0.01044743942717711,0.0008897890705460062,,,,,,,,,1.994878612458706,0.0,0.993800537755042,,0.932893785337607,-0.00016951268113037563,0.35659922907749814,0.007239443996998792,0.0,0.962158203125,-0.007397584937280044,-0.0035356610702971616,7.711176753133486e-06,0.007737809375000011,0.007350918906250005,0.49475731203953427,0.9477304679652055,1.2258758842945099,1.0161481698354085,0.3167277254785101,-0.011792704889861247,-0.001610018647625111,0.0003830897994703264,0.4386942933003108,0.33159822509809034,,,,0.006237100464204559,0.07063802083333333,0.20695652471234402,0.07780369433263938,0.01632039510877803,0.3981071705534976
28,48,48,0.0,0.0021483718689220646,0.0019055282718909439,,,,,,,,,2.274376486738523,0.0,0.9915708666785624,,0.8513271113236746,-0.00023746710166960838,0.36193570122122765,0.00866859521678028,0.0,0.96142578125,-0.007966740512832379,-0.004325764666039807,-0.0004115685039020415,0.007350918906250004,0.006983372960937505,0.5191859391828378,0.9444202408194542,1.2615833456317584,1.0338357674578826,0.3770614642029007,-0.010516098739268879,-0.0012999988296845306,0.0004367146918108726,0.41783094592392445,0.33681304083871116,,,,0.006163888533289234,0.068359375,0.21359667585541806,0.09195048284406464,0.02017854470371579,0.3414548873833602
32,48,48,0.0,6.184676506867011e-05,0.002378744202966724,,,,,,,,,2.194662551085154,0.0,0.9890041063950216,,0.822126217186451,-0.00021962807090858405,0.3008324106534322,0.0069763473778342204,0.0,0.963134765625,-0.010361629266602298,-0.00443212205330686,0.000271819027299595,0.006983372960937504,0.0066342043128906295,0.4826325085014105,0.9306830031176409,1.2406380772590637,1.0079640957216423,0.39708674388627213,-0.010934179357718676,-0.0016879656492771271,0.00037342830053906556,0.44566520986457664,0.3415122878842331,,,,0.00559620728866624,0.06705729166666667,0.2191880764439702,0.10354782175272703,0.023909679614007473,0.29286445646252396
36,48,48,0.0,-0.00401324825361371,0.0015211611983734958,,,,,,,,,1.8311555149654548,0.0,0.98610278998693,,0.8251585041483244,-0.00023959011063349558,0.3188780080527067,0.006624446745263413,0.0,0.9638671875,-0.007824904527903223,-0.003987603151472285,0.0001908241721662781,0.006634204312890634,0.006302494097246098,0.4875784379740556,0.8776312619447708,1.232696774105231,0.9640948375066122,0.34548118865738314,-0.013741146879813945,-0.0023633072244895934,0.0004985336823513838,0.4455137047916651,0.3457596671687606,,,,0.007727423845305263,0.09423828125,0.22441047026465336,0.11413804301992059,0.03865551032746831,0.2511886431509579
40,48,48,0.0,-0.0045663645141758025,0.001391041071959383,,,,,,,,,1.7534659107526143,0.0,0.9828697807033038,,0.7892437651753426,-0.0003032237879475967,0.323993597800533,0.006922841508639976,0.0,0.963623046875,-0.00902741841855459,-0.004029448410922972,0.0002924281930821356,0.006302494097246093,0.005987369392383793,0.48159155063331127,0.8290602266788483,1.2717266802986462,0.998301071425279,0.3827662893260519,-0.015594619636734327,-0.0033589389834863446,0.0004435991467820107,0.4613273839155833,0.3503390954741789,,,,0.008641625790914986,0.10945638020833333,0.22934549488127232,0.12394462479278445,0.029669593670405447,0.2154434690031886
44,48,48,0.0,-0.003575125301722437,0.0013379716729104985,,,,,,,,,1.4039902091026306,0.0,0.97930826913398,,0.8309195985396703,-0.00016952760343258433,0.3235084004700184,0.006192416777291025,0.0,0.962158203125,-0.008391150389797986,-0.0044380375620676205,1.1418315428575928e-05,0.005987369392383792,0.005688000922764603,0.49695638318856555,0.7910303895672163,1.2867205664515495,1.0161601019402344,0.30572045656541985,-0.01797759117713819,-0.0037549046392086893,0.0005681455453820187,0.45726008464892703,0.3551594818552687,,,,0.009698358012731964,0.11686197916666667,0.2342895952363809,0.13358351277808347,0.034319061087444425,0.18478497974222916
48,48,48,0.0,0.012536723244314393,0.0016220817997236736,,,,,,,,,1.8008642954130967,0.0,0.9754217700608883,,0.7670437706013521,-0.00031524661608273163,0.3044859742124875,0.006514426262583584,0.0,0.961669921875,-0.010220503686772039,-0.003926508332369849,0.0006291467127539363,0.005688000922764607,0.005403600876626373,0.46818153870602447,0.7676809603969256,1.2775387739141781,1.000031763066848,0.24528854992240667,-0.01965164680344363,-0.003971079670009203,0.0008112141592088543,0.4480948143949111,0.35948335133794235,,,,0.013171821208137166,0.16170247395833334,0.23868596709022918,0.14200486956785122,0.039147505653090775,0.15848931924611145
52,48,48,0.0,0.0003684662515297532,0.0013478534468352639,,,,,,,,,1.689643698434035,0.0,0.971214118989394,,0.8288737051188946,-7.760460769882609e-05,0.356050219386816,0.006505359255243093,0.0,0.962646484375,-0.00745546161973228,-0.004431542300153524,-0.0006420603562939201,0.005403600876626369,0.005133420832795054,0.539894895007213,0.77884491533041,1.2941226735711098,1.013604571421941,0.2559502699101965,-0.01689060069232558,-0.0037498462115763687,0.0004920255322152419,0.4584633732835452,0.36423235915057756,,,,0.011128756484443633,0.13631184895833334,0.24274664527426162,0.14966137117395797,0.04727410963581254,0.1359356390878527
56,48,48,0.0,-0.00014229914328704277,0.001786448485897078,,,,,,,,,1.5915310196578503,0.0,0.966689468363107,,0.7049782487253348,-0.0003815077573866195,0.3254993489633004,0.006530045163041602,0.0,0.962890625,-0.011038333914863566,-0.0037180878328702724,0.0011105478273710407,0.005133420832795054,0.004876749791155301,0.45163994530836743,0.7490500795344511,1.293443354467551,1.021579811970393,0.3795797989393274,-0.019122547567045938,-0.003849013441746744,0.0007516215706952304,0.44205734444161254,0.36846504438983,,,,0.009038907852906656,0.11067708333333333,0.24649600001672903,0.15663244699438414,0.04448636807501316,0.11659144011798321
60,48,48,0.0,-0.004067197810703267,0.001620173828996485,,,,,,,,,1.5759736945231755,0.0,0.9618522834659297,,0.7455051057040691,-0.0002413557434100729,0.3217439961930116,0.006073193634316946,0.0,0.9619140625,-0.008208395913243294,-0.004217060156709825,0.0003525325990191656,0.0048767497911552955,0.0046329123015975355,0.4808312313010295,0.7200967085858186,1.3202952121694882,1.0088235835234325,0.30345077098657686,-0.019719072559382766,-0.004137406016525347,0.0009083649193447249,0.440418131959935,0.3723525377703569,,,,0.011469454248678327,0.134033203125,0.24964458992083868,0.16241741428772608,0.04857541430586328,0.09999999999999998
64,48,48,0.0,-0.007973694106719146,0.0015861502397456206,,,,,,,,,1.9891206597288449,0.0,0.9567073380153511,,0.7220629043877125,-0.0002964332293231564,0.2602747182051341,0.005106564698508009,0.0,0.96240234375,-0.010479305162637806,-0.004045682236513433,0.0009643674281960557,0.00463291230159754,0.004401266686517659,0.4454621858894825,0.7365634056429068,1.2652945245305698,1.0113782584667206,0.24178576469421387,-0.01636991698372488,-0.0036099462740821764,0.0008031443884609265,0.448422400901715,0.37623014617530903,,,,0.011448671977026,0.14208984375,0.25204151930908364,0.166784497598807,0.0724165871894608,0.08576958985908946
68,48,48,0.0,-0.0051922253527057665,0.0017467844130199712,,,,,,,,,2.3395814647277198,0.0,0.9512597094513798,,0.7263238405187925,-0.0002744519230570101,0.3236340718964736,0.00554577288373063,0.0,0.96240234375,-0.008884584084929278,-0.004094682793947868,0.00024502651429732697,0.004401266686517661,0.004181203352191775,0.4879042903582255,0.7138977025945982,1.2962166741490364,1.0093148859838645,0.3603094043210149,-0.018429294092735898,-0.004034757395857014,0.0007639109138798025,0.4506268097708623,0.3803044871686593,,,,0.011979411181528121,0.1474609375,0.2533668236186107,0.16918454909076294,0.08281518053263426,0.07356422544596418
72,48,48,0.0,0.002479197341017425,0.0014957918368357543,,,,,,,,,1.9668348257740338,0.0,0.9455147739257063,,0.6776165527602037,-0.0003224421404108095,0.29298768068353337,0.005524548634033029,0.0,0.96142578125,-0.01032168975022311,-0.0037771150455228053,0.001231818645464955,0.004181203352191773,0.003972143184582186,0.4313355553895235,0.6694066151976585,1.2658179700374603,0.9482858292758465,0.3773949009676774,-0.02137778701338296,-0.004161751101491973,0.0010367681457713236,0.43966253101825714,0.382746728041196,,,,0.01432026820111787,0.163818359375,0.25439656401673955,0.17103909018139044,0.08925887802615762,0.06309573444801937
76,48,48,0.0,-0.007453239969133089,0.0020981851375836413,,,,,,,,,2.401325893898805,0.0,0.9394782009960968,,0.661696390559276,-0.0003169616848026635,0.2859887157877286,0.005291092937113717,0.0,0.962890625,-0.008920080503836894,-0.004305930682069932,0.0005530851074126986,0.003972143184582187,0.003773536025353077,0.4776509093741576,0.6754246304432551,1.2511577755212784,0.9554397265116373,0.3004819393778841,-0.019519084288428228,-0.004216470420942642,0.0007959934539485403,0.45345149623850983,0.38474366198314713,,,,0.015388442572051039,0.17415364583333334,0.25566824277242023,0.17332071531563997,0.10539810235301654,0.05411695265464634
80,36,48,0.0,-0.0003337369352165196,0.0026454064839830003,,,,,,,,,2.141798300875558,0.0,0.9331559480312315,,0.6406199352608787,-0.00033276424498277873,0.29543576803472305,0.0052113609078029794,0.0,0.962890625,-0.010824100114405155,-0.0043267305267767776,0.0008112609225968805,0.0037735360253530756,0.003584859224085423,0.46175311754147214,0.6474093107713593,1.2487326562404633,0.9153616113795174,0.3581649263699849,-0.023424073381142482,-0.005083985827190595,0.0009405158424568879,0.449188220832083,0.38614624243623685,,,,0.020592712273355573,0.2131076388888889,0.2564827369319068,0.1747785367899471,0.08758518575794166,0.046415888336127815
84,48,48,0.0,-0.003072817790477226,0.002088705611337597,,,,,,,,,2.2322280506292977,0.0,0.9265542543314921,,0.6030708340307077,-0.0004322533756446016,0.2665802181387941,0.005029759272777786,0.0,0.962890625,-0.017532199271954596,-0.004429102501793143,0.0012610853314072301,0.003584859224085422,0.003405616262881152,0.44818338192999363,0.6486139316111803,1.2007850110530853,0.9152529574930668,0.27529052443181473,-0.021991837595123798,-0.005050821089146969,0.0007523246692168565,0.45989248094459373,0.3867673600792926,,,,0.012668127184345698,0.1494140625,0.2567520613471667,0.17526213638484478,0.1162754325196147,0.03981071705534971
88,48,48,0.0,-0.006869623146485537,0.0016046804630605038,,,,,,,,,2.4865050092339516,0.0,0.9196796349715254,,0.7179019947846731,-0.00015345674928350186,0.350808572024107,0.005185631346345569,0.0,0.961669921875,-0.008110863282733286,-0.004426544745607923,-0.000978152046930821,0.003405616262881153,0.003235335449737094,0.5654688440263271,0.6474641561508179,1.2549896215399106,0.8878520888586839,0.2502088323235512,-0.020224212338992704,-0.004680286394432187,0.0007061664658370622,0.46091705933213234,0.3882375651686586,,,,0.013662743833265267,0.16455078125,0.2571214859684308,0.17592279861370722,0.13492680977409086,0.034145488738336054
92,48,48,0.0,-0.006639867729973048,0.001675722400250379,,,,,,,,,2.5811793903509774,0.0,0.9125388743706608,,0.7103206974764665,-0.00012315603537160769,0.35798216549058753,0.0049738103795486195,0.0,0.963134765625,-0.007196668865314375,-0.0036567453547225646,8.893852886634097e-05,0.0032353354497370954,0.0030735686772502394,0.4944477379322052,0.6152777920166651,1.256025177737077,0.927640492717425,0.3593888034423192,-0.02262910655311619,-0.005133543857179272,0.000974170283446559,0.44890065863728523,0.39044982446117354,,,,0.012742494824124151,0.15177408854166666,0.25747137889266014,0.17654639637718597,0.13543392485007644,0.02928644564625234
96,48,48,0.0,-0.00874366849893704,0.0019157223796355538,,,,,,,,,2.43897328649958,0.0,0.9051390195974939,,0.6686355558534464,-0.0002648691097419942,0.29160742461681366,0.004392246143349136,0.0,0.96240234375,-0.00776102455953757,-0.003618663404874193,0.0003421301402113386,0.0030735686772502386,0.002919890243387727,0.47288181943198043,0.5976297793289026,1.1973161573211353,0.9281142813464006,0.3879016265273094,-0.025630182935856283,-0.006497940155289446,0.0008655191519058766,0.4618842906008164,0.3922371283422631,,,,0.017541670645490132,0.179443359375,0.25790893969436485,0.177324827760458,0.14414475625380874,0.025118864315095777
100,48,48,0.0,-0.01377044249481211,0.001714757083391305,,,,,,,,,2.2711034454405308,0.0,0.8974873734152906,,0.6374928851922353,-0.00033185222673637327,0.2872536548723777,0.0044208319498769315,0.039876302083333336,0.961181640625,-0.00957734371574285,-0.00340233820558448,0.0009225837887546126,0.002919890243387726,0.002773895731218341,0.4413555208593607,0.5857518408447504,1.2250650748610497,0.8780724629759789,0.4329849847902854,-0.024704566807486117,-0.006070574090699665,0.0010055693679002313,0.4523626795659463,0.39342965642834393,,,,0.012145174046357473,0.14892578125,0.2578675374388695,0.17724987864494324,0.12297627469524741,0.021544346900318822
104,48,48,0.0,-0.009183913721547773,0.0013774796267777372,,,,,,,,,2.3049930358926454,0.0,0.8895914870750401,,0.5661990183095137,-0.00035844367092371005,0.25076987594366074,0.004347390243007491,0.0,0.962890625,-0.011828974432622394,-0.0041299507186825695,0.0016251993486851763,0.002773895731218338,0.0026352009446574238,0.40655547256271046,0.5996203484634558,1.1924594541390736,0.8782473467290401,0.3630264373496175,-0.02484464334944884,-0.006614232086576521,0.0005518948658694475,0.4738476201891899,0.39360734773433187,,,,0.015129120069711158,0.16715494791666666,0.2577389720827341,0.17701608718683323,0.1284684268757701,0.01847849797422293
108,48,48,0.0,-0.003007424452031652,0.0020031778015739596,,,,,,,,,2.5648148246109486,0.0,0.8814591528632786,,0.5782122562328974,-0.00039856028555126005,0.29724118299782276,0.004769563859251018,0.0,0.9619140625,-0.0136027250943395,-0.004171787610782,0.0010709354179804602,0.0026352009446574246,0.0025034408974245526,0.44612513730923337,0.5803232553104559,1.2183440551161766,0.8663869549830755,0.2574906811739008,-0.023608407587744296,-0.006227629501760627,0.0008828259204468244,0.4585422668606043,0.39372791182108524,,,,0.01767631818074733,0.214111328125,0.25794100016355515,0.1773749782393376,0.1253361003473401,0.015848931924611124
112,48,48,0.0,-0.007402403163723648,0.002209952314539502,,,,,,,,,2.8403492184976735,0.0,0.8730983964120406,,0.6452708927293619,-0.00022240735457520108,0.32844167451063794,0.004565815150272101,0.0,0.962646484375,-0.008508948929375038,-0.004204458833555691,0.00022589463029968707,0.00250344089742455,0.002378268852553325,0.4878040061642726,0.603663711498181,1.2692255328098934,0.8945573096474012,0.20887049698891738,-0.023069406820771594,-0.005944642980466597,0.00039905626165174607,0.4788915831595659,0.3945122018136428,,,,0.017455520418783028,0.20231119791666666,0.25783592214186984,0.17718860196570554,0.14571501221507788,0.01359356390878526
116,48,48,0.0,-0.006894539013349761,0.002481527497972517,,,,,,,,,2.2618748570481935,0.0,0.864517468778542,,0.583462463070949,-0.0003836967177145804,0.3202952388674021,0.004627714316787508,0.0,0.962646484375,-0.010548715547580892,-0.0032634500093990937,0.00106018259581712,0.0023782688525533233,0.0022593554099256587,0.4372760287175576,0.574681873122851,1.2746024032433827,0.9371592675646147,0.27209388841098797,-0.026022937847301364,-0.006814955685210104,0.0006386650114412381,0.4722435778627793,0.39568159563109373,,,,0.01824095623548298,0.199462890625,0.2577383021513621,0.1770122085387508,0.11281638778746128,0.011659144011798314
120,24,48,0.0,0.015696854330599308,0.003554755943090034,,,,,,,,,2.94871224462986,0.0,0.8557248383023651,,0.5298704405625662,-0.0004406441197109719,0.2569106513013442,0.0040708166391899185,0.044108072916666664,0.9599609375,-0.011673572395617763,-0.00359294437415277,0.0017198188397742342,0.00225935540992566,0.002146387639429376,0.4220506561299165,0.5678291792670885,1.1826534221569698,0.8706004669268926,0.42532753199338913,-0.03155671440375348,-0.008276653301436454,0.00035190524651322147,0.49072248488664627,0.39576705973293974,,,,0.024390561059893418,0.23372395833333334,0.25777414192756015,0.1770740437010924,0.1171744658301274,0.010000000000000004
124,48,48,0.0,-0.00951626943424344,0.0019416146339305367,,,,,,,,,1.815506350249052,0.0,0.8467291822482462,,0.53134492225945,-0.0004071210241818335,0.2883182217677434,0.004754921489317591,0.0,0.96142578125,-0.011587434147562211,-0.004252935192198493,0.0014809229548215324,0.002146387639429374,0.0020390682574579068,0.4384184790154298,0.5495634526014328,1.2224129711588223,0.9053910461564859,0.3986703148111701,-0.030938917227710288,-0.008203762389409045,0.0006126651501290326,0.4767852369695902,0.3965412888642473,,,,0.014741081657120958,0.17830403645833334,0.2575959439078967,0.1767574983338515,0.07508598857869704,0.010000000000000005
128,48,48,0.0,-0.00472751113314492,0.001843826292315498,,,,,,,,,2.0797160441676774,0.0,0.8375393782426485,,0.6013637433449427,-0.00031391346631911193,0.3310992121696472,0.004485915322826865,0.0,0.9619140625,-0.007639342492135863,-0.003472145734122023,0.0004066614568121925,0.0020390682574579068,0.0019371148445850113,0.4784941338002682,0.5380053209761778,1.1737125093738239,0.9129405071338018,0.4105631501103441,-0.03136094294798871,-0.008366046487935819,0.0008339929077768223,0.47199604101479053,0.3973408809824085,,,,0.019223307698363595,0.20670572916666666,0.25677829049527645,0.1753056508799394,0.0929488957238694,0.010000000000000005
132,48,48,0.0,-0.0050041441766855614,0.0018830709256387006,,,,,,,,,1.9080671158929665,0.0,0.8281644955126305,,0.5780173807094494,-0.0003402508749180318,0.2552733803167939,0.003844342839632494,0.0,0.963623046875,-0.010997863738642385,-0.004180025522752355,0.0005764136471005562,0.0019371148445850124,0.0018402591023557607,0.47359801456332207,0.5283574399848779,1.1438578367233276,0.8777209632098675,0.3231200883165002,-0.032294347727050386,-0.008738586320153749,0.0009863996280804106,0.4656072265158097,0.39722933343459293,,,,0.01825082927340797,0.1953125,0.25526085682213306,0.17259301462521157,0.08548289413253467,0.010000000000000005
136,48,48,0.0,-0.015504581659721831,0.001662249639290773,,,,,,,,,1.9660982203980286,0.0,0.8186137859355996,,0.5269415738681952,-0.00042295437257659313,0.301764373977979,0.004341853370230335,0.0,0.962890625,-0.009856740924684951,-0.003536270354137135,0.001317907270276919,0.0018402591023557598,0.0017482461472379726,0.4363203588873148,0.5323316237578789,1.1815881952643394,0.8651075847446918,0.3475931951155265,-0.030227923455337685,-0.008732110455942651,0.0009023699712997768,0.47113150047759217,0.3972308594150922,,,,0.01599388717295369,0.18448893229166666,0.2540730554610491,0.1704602430885037,0.08322917856276035,0.010000000000000005
140,48,48,0.0,-0.012977893697097898,0.0024010182799732624,,,,,,,,,1.9937542155385017,0.0,0.8088966749088414,,0.48151958733797073,-0.0004954006368886136,0.2467170109351476,0.004145615040518654,0.0,0.962890625,-0.016274729122718174,-0.003910889106919058,0.0020910284074489027,0.0017482461472379718,0.0016608338398760739,0.40384949184954166,0.5189640019088984,1.1420072317123413,0.8727963405350844,0.471044576416413,-0.03379300384161373,-0.009873296628938988,0.0010241572971760131,0.4690475768099229,0.3974693902820185,,,,0.01730904107777557,0.17757161458333334,0.2530423278609912,0.16860235140969357,0.08356246895467241,0.010000000000000005
144,24,48,0.0,0.012053193291649222,0.003303631383460015,,,,,,,,,2.479601683715979,0.0,0.7990227520477756,,0.45102717851599056,-0.00048114178450002026,0.20528754529853663,0.0035869993444066495,0.0,0.96142578125,-0.021862037751513224,-0.0034799496315827128,0.00273007556097582,0.0016608338398760739,0.0015777921478822702,0.3811949013421933,0.5093538537621498,1.0844330837329228,0.835985004901886,0.34705739344159764,-0.04341275834788879,-0.012711797918503484,0.0013050121215959127,0.472792062908411,0.3963060081108736,,,,0.029173805572402973,0.24527994791666666,0.2523840479552746,0.16741164214909077,0.07944353856146336,0.010000000000000004
148,48,48,0.0,0.0025154086761176586,0.0026635144652876384,,,,,,,,,1.9809885161618392,0.0,0.7890017617221731,,0.4654828328639269,-0.00048120607152668526,0.23871700620899597,0.0038513583422172815,0.0,0.96142578125,-0.016284322773572057,-0.0033895977830979973,0.002304181285580853,0.0015777921478822702,0.0014989025404881567,0.39534659311175346,0.5174765773117542,1.0778055687745411,0.8038636843363444,0.40680775077392656,-0.04326230124570429,-0.013131247775163502,0.0007205943546371903,0.4839903364578883,0.39452124702382246,,,,0.021528727729067516,0.19580078125,0.2513712936391433,0.16557392881562313,0.07192183239385486,0.010000000000000005
152,48,48,0.0,-0.0031131916330195963,0.0017461329504537086,,,,,,,,,1.9820881634950638,0.0,0.7788435934396382,,0.4869420037915309,-0.00039465789510965504,0.22871633525937796,0.0038456383190350607,0.0,0.962646484375,-0.014159115594035635,-0.003961211468170707,0.0017196022978775243,0.0014989025404881565,0.0014239574134637487,0.4075693649550279,0.5125056772182385,1.052632508178552,0.8062317830820879,0.3389819065729777,-0.0369256881919379,-0.009881897751862804,0.0011060491009781497,0.4697779311488072,0.392700480791079,,,,0.02332263935143904,0.233154296875,0.2503697033971548,0.1637515282879273,0.07310599011058609,0.010000000000000005
156,48,48,0.0,-0.01861518252796183,0.002068689798761625,,,,,,,,,1.9532690259317558,0.0,0.768558272085852,,0.45212967072923976,-0.0005153913771209773,0.19194947897146145,0.0035910074560282132,0.011311848958333334,0.961181640625,-0.028136674237127107,-0.00436398558485962,0.002700256817964449,0.0014239574134637478,0.0013527595427905612,0.3868353233362238,0.49853436338404816,1.0082760751247406,0.7763795778155327,0.3982265004888177,-0.03872676736985644,-0.011418392037739977,0.001316610363574,0.4663412794470787,0.3898557526352791,,,,0.01746977988417105,0.18986002604166666,0.2497571101412177,0.16263345877329508,0.0738339136975507,0.010000000000000005
160,24,48,0.0,0.00849811282629768,0.003144525554186354,,,,,,,,,2.2367905726035437,0.0,0.7581559480312312,,0.3948899582028389,-0.0005728763741596291,0.1638109665364027,0.0032506837936428687,0.10432942708333333,0.9619140625,-0.036725662959118686,-0.005325013199277843,0.0042318433794813854,0.0013527595427905612,0.0012851215656510331,0.36167637382944423,0.5060266541937987,0.9227260003487269,0.707805390159289,0.31199071121712524,-0.03738078265450895,-0.010292924630145231,0.0011516409467731137,0.46854984139402706,0.385659093792574,,,,0.023964176449226215,0.25732421875,0.24910153386493525,0.16143440082669258,0.06938642930860321,0.010000000000000004
164,48,48,0.0,-0.01977944721390183,0.0018585225989227183,,,,,,,,,1.8051781778534253,0.0,0.7476468871137308,,0.4438511213908593,-0.00046349922376975883,0.20926437030235925,0.003588369358719016,0.035237630208333336,0.96240234375,-0.01844573944496612,-0.0035938980048134304,0.002373738124636778,0.0012851215656510331,0.0012208654873684815,0.3827822556098302,0.49402196581165,0.9769776463508606,0.6947018404801687,0.2855272985373934,-0.04503993301962813,-0.011809802779074138,0.0015546065762161259,0.46331259049475193,0.3815884815838051,,,,0.01378240093375401,0.16853841145833334,0.24802243833740553,0.15945303036520878,0.07265845158447821,0.010000000000000005
168,48,48,0.0,-0.01196932418194289,0.0020029068109579384,,,,,,,,,1.8977745386461418,0.0,0.7370414605076999,,0.4352450327326854,-0.0004691195329845262,0.22208139083037773,0.0034842703219813607,0.08658854166666667,0.96240234375,-0.01668004336534068,-0.004154855011923549,0.0030762456905601234,0.0012208654873684809,0.0011598222130000573,0.39774874163170654,0.5033537937949101,0.9413451924920082,0.6626761419077715,0.31624196097254753,-0.05057895191324254,-0.014434509677812457,0.0010237199188244024,0.47998530479768914,0.37789205144276644,,,,0.022669718026008923,0.20068359375,0.24673620145767927,0.15708494310577711,0.08597207705800732,0.010000000000000005
172,48,48,0.0,-0.012487542349845171,0.0018713254442748923,,,,,,,,,1.9960741897424061,0.0,0.7263501344887899,,0.4513534549623728,-0.0005453955612514013,0.2026845250899593,0.0037620924898268036,0.020426432291666668,0.962646484375,-0.030940318596549332,-0.0046047028711958165,0.002376426849271714,0.0011598222130000582,0.0011018311023500544,0.4090481928239266,0.5007554187128941,0.9382887569566568,0.6559841744601727,0.39254114652673405,-0.04967603118469318,-0.014799208710125336,0.0010935359132038986,0.4777545804778735,0.3732179952622838,,,,0.019177863063911598,0.20320638020833334,0.24616423435509205,0.15602741235246262,0.08868277600655954,0.010000000000000005
176,48,48,0.0,-0.010667562911597392,0.0020387421512471824,,,,,,,,,2.5380005116264024,0.0,0.7155834601050043,,0.39557241710523766,-0.0006096750409293842,0.24562413276483616,0.003727350068705467,0.07535807291666667,0.962646484375,-0.01670478389132768,-0.0029529710324519933,0.0036164111079415306,0.001101831102350055,0.0010467395472325517,0.3479550266638398,0.5081856213510036,0.9288052183886369,0.6121537163853645,0.37296997228016454,-0.049789472948759794,-0.015165051930428794,0.0005726082583047779,0.48660684811572236,0.36884991549658314,,,,0.01892031232273439,0.19425455729166666,0.24491083590934673,0.15370131097733974,0.09639649807165067,0.010000000000000005
180,24,48,0.0,0.013770352195327481,0.0027739211946027353,,,,,,,,,2.233429066836834,0.0,0.704752062764081,,0.38979263603687286,-0.0005669143465638626,0.23708915896713734,0.0037199323220799365,0.11783854166666667,0.9619140625,-0.019703220382022362,-0.0031222386799830324,0.0036639509295734265,0.0010467395472325521,0.000994402569870924,0.35331645235419273,0.5032528303563595,0.9147946337858835,0.5863697255651156,0.4766606278717518,-0.0506968415963153,-0.015225433045998216,0.0010388882813761786,0.482986643910408,0.36354743471471396,,,,0.025136100310191978,0.20133463541666666,0.24467334461708865,0.15325955860316753,0.0926646242539088,0.010000000000000004
184,48,48,0.0,-0.011085738204807663,0.0016204255577273823,,,,,,,,,1.8694756689170997,0.0,0.6938666317475067,,0.3547030395517747,-0.0006409245567435088,0.21507449758549532,0.003244420722088156,0.154296875,0.963134765625,-0.023016721184831113,-0.001597600060752787,0.005013473613265281,0.0009944025698709245,0.0009446824413773778,0.315835727378726,0.5010209505756696,0.9010154753923416,0.5821561925113201,0.40956210779647034,-0.04484898104177167,-0.014710756426211447,0.0008730815795085315,0.4835418028136094,0.35865795947032225,,,,0.022697418030778255,0.220458984375,0.24410557001829147,0.15220264531672,0.08734778066476186,0.010000000000000005
188,24,48,0.0,0.009452670308140418,0.003136370301945135,,,,,,,,,2.2945843314131102,0.0,0.6829379096614798,,0.35079049815734226,-0.0006982821068959311,0.25400627590715885,0.0035462635957325497,0.13704427083333334,0.962890625,-0.013920771016273648,-0.0015227435217942304,0.004288749585005765,0.0009446824413773778,0.0008974483193085088,0.310910443464915,0.49879686286052066,0.9316365147630373,0.5813359593351682,0.4141739271581173,-0.05273226539914807,-0.014887484760644535,0.0008348440169356763,0.4804547429084778,0.35320818299572126,,,,0.025613299357549597,0.18831380208333334,0.24350332406659922,0.15107915302117667,0.11130384697268407,0.010000000000000004
192,48,48,0.0,-0.01950358603304873,0.0023740641869759807,,,,,,,,,2.014427937567234,0.0,0.6719766818352602,,0.37754604282478493,-0.0006250774016128465,0.22796558371434608,0.0036154351788961017,0.09244791666666667,0.9638671875,-0.02815814254184564,-0.003011083957972005,0.0038078709573407346,0.0008974483193085079,0.0008525759033430833,0.34692148491740227,0.4906347530583541,0.922246071199576,0.5943935799101988,0.502397662649552,-0.05478641320951283,-0.015834415622521192,0.0012453454712613166,0.4737090275933345,0.34900112531017197,,,,0.01977465787786059,0.196533203125,0.24325988224397102,0.15062558619926372,0.09708257593835394,0.010000000000000005
196,36,48,0.0,-0.016161155317806535,0.0020247006129163005,,,,,,,,,2.30371927552753,0.0,0.6609937656773445,,0.3439663474758466,-0.0006856236804095614,0.2102457711266147,0.0031297458335757256,0.1552734375,0.9609375,-0.032082831331839166,-0.001967678726234428,0.00478785172648107,0.0008525759033430828,0.0008099471081759291,0.3172866842812962,0.4991395216849115,0.8968428091870414,0.5670720554060407,0.42972348713212544,-0.061814353387388915,-0.018148700900686283,0.0008871260989609356,0.4860361193617185,0.3436358308438584,,,,0.0212127625046479,0.1945529513888889,0.24289564912517866,0.14994609935416114,0.10127128308845891,0.010000000000000004
200,48,48,0.0,-0.01504562795162201,0.0024663367342630713,,,,,,,,,2.344681332508723,0.0,0.6499999999999994,,0.3139516298348705,-0.0007197711517316444,0.2148554790765047,0.0031861884902658253,0.206787109375,0.962158203125,-0.028023659125513706,-0.0006812440112753393,0.004947900825451749,0.0008099471081759292,0.0007694497527671327,0.27619259245693684,0.49604485866924125,0.9094858479996523,0.5434145753582319,0.49003920207420987,-0.057088166397685804,-0.016855280768747132,0.0011392612496668637,0.48415150058766204,0.3390617264817039,,,,0.0232575209956849,0.21256510416666666,0.24257939929763475,0.14935509581118822,0.10317535186186433,0.010000000000000005
204,48,48,0.0,-0.00850560242542997,0.002231641066221831,,,,,,,,,2.290760108580192,0.0,0.6390062343226547,,0.29325398119787377,-0.0007456889707100345,0.2351952769483129,0.0033568840056735403,0.22151692708333334,0.962646484375,-0.014604056583872685,-0.0005517908011067144,0.0059798972894592834,0.0007694497527671321,0.000730977265128776,0.274188535908858,0.4911844140539567,0.9049599344531695,0.552527766674757,0.5759683027863503,-0.04513391340151429,-0.013917117146775126,0.0010624826585778162,0.47929687052965164,0.3336764669833127,,,,0.021584447427206516,0.2138671875,0.2422052932282289,0.14865425818910202,0.10479957284405828,0.010000000000000005
208,24,48,0.0,0.002934142481535673,0.0029201098853566996,,,,,,,,,2.262688090403875,0.0,0.6280233181647401,,0.33350031077861786,-0.0006945267972090127,0.23775390100975832,0.0033800887855856367,0.1552734375,0.96142578125,-0.025910376163665205,-0.0018031803992926143,0.005139700389311959,0.0007309772651287759,0.0006944284018723371,0.3102046462396781,0.4966137061516444,0.8608666310707728,0.5309697091579437,0.549340890099605,-0.05621614881480733,-0.016090433307302494,0.0009731101763463812,0.4831917422513167,0.32784031973675803,,,,0.022307631142515067,0.19921875,0.24167260403434435,0.1476531165341536,0.1021620612591505,0.010000000000000004
212,24,48,0.0,0.01082756114192307,0.002346579329847979,,,,,,,,,2.6546308050553002,0.0,0.6170620903385197,,0.4113990552723408,-0.0005490370543460207,0.19854187592864037,0.0030826422929142914,0.0732421875,0.9619140625,-0.03426193383832773,-0.004417418851517141,0.002804863232692393,0.0006944284018723375,0.0006597069817787202,0.3910892556111018,0.49966147790352505,0.8873250087102255,0.5140453415612379,0.3443102650344372,-0.05941228304679195,-0.01860401426286747,0.000795534507536407,0.4865315742790699,0.32314447730260276,,,,0.023368674873684842,0.21207682291666666,0.24094324310620627,0.14627988450229168,0.11876794540633757,0.010000000000000004
216,48,48,0.0,-0.010360074559381852,0.0021014983552352837,,,,,,,,,2.3721082905928292,0.0,0.6061333682524933,,0.3073085757593314,-0.0006970006118838986,0.2401716923341155,0.003344443922590775,0.17537434895833334,0.962158203125,-0.016620131665452693,-0.0009098254199102485,0.004916326758878616,0.0006597069817787202,0.0006267216326897841,0.2811303200821082,0.4920462369918823,0.8717306392888228,0.5250049618383249,0.5076897653440634,-0.0532690257144471,-0.016040883065822225,0.0010361637384145677,0.48072519650061923,0.31930802282556087,,,,0.020014973042028334,0.20475260416666666,0.2403916430970033,0.14524051205565533,0.11203125724568963,0.010000000000000005
220,48,48,0.0,-0.010307814887103936,0.0019336617915541865,,,,,,,,,2.539171524345875,0.0,0.5952479372359187,,0.3132915540287892,-0.0006861770034447545,0.23712119832634926,0.003256567164498847,0.21402994791666666,0.962646484375,-0.0133541154791601,-0.000993028422878221,0.00480378827584597,0.0006267216326897835,0.0005953855510552949,0.2852910316238801,0.49325774734218913,0.8390845457712809,0.5032828326026598,0.5404501507679621,-0.057152792268122234,-0.01699827896663919,0.001251808108690966,0.48059238990147907,0.3148835045869229,,,,0.024765313472016715,0.20125325520833334,0.23973588986943165,0.14400134359796843,0.1213949831823508,0.010000000000000005
224,48,48,0.0,-0.0069188260337493075,0.002097268300227976,,,,,,,,,2.156368842969338,0.0,0.5844165398949958,,0.3703613628943761,-0.0005826784690725617,0.23007162443051735,0.003336741734528914,0.09855143229166667,0.961181640625,-0.02280758003083368,-0.0028596157159578675,0.0036770955315053775,0.0005953855510552953,0.0005656162735025301,0.34842837291459244,0.49680290929973125,0.8759716550509135,0.5071048196405172,0.44503739414115745,-0.05369386123493314,-0.016889092066170026,0.0009557604893567865,0.48577490138510865,0.3111262108976458,,,,0.02207983181385013,0.18994140625,0.23874230093012253,0.14211722556501627,0.1016813162714243,0.010000000000000005
228,24,48,0.0,0.00683296824960659,0.0019787197379628196,,,,,,,,,2.3994915137688317,0.0,0.5736498655112103,,0.2689572560290496,-0.0007443498567833254,0.21128346708913645,0.0029246855119708925,0.2568359375,0.96435546875,-0.012199803721159697,9.309669121648767e-05,0.005782061596012984,0.0005656162735025298,0.0005373354598274036,0.25291076488792896,0.49458447098731995,0.8467845047513644,0.5058092114826044,0.4047532056768735,-0.04579213277126352,-0.015337645697096983,0.0008768781995058816,0.4836263321340084,0.30658474274887176,,,,0.022227720958956827,0.16959635416666666,0.23784703016281128,0.14041414111852646,0.1048491969704628,0.010000000000000004
232,48,48,0.0,8.174517036726077e-05,0.0017752436906448565,,,,,,,,,2.3788702314098678,0.0,0.5629585394923006,,0.31104333139956,-0.0007370511229964904,0.20857817493379116,0.0030682261519056433,0.1923828125,0.962646484375,-0.03554850427705484,-0.001355134620401562,0.0053194144372052206,0.0005373354598274042,0.0005104686868360334,0.29446595286329585,0.4898224454373121,0.778622834632794,0.4810209572315216,0.5323990738640229,-0.052902887342497706,-0.01740166248055175,0.0010566566811576195,0.48064899755020934,0.3019907453933349,,,,0.015679090310489602,0.16813151041666666,0.23714426594475904,0.13907309093823036,0.10395281420399745,0.010000000000000005
236,48,48,0.0,-0.009838088066317141,0.0023236359896448753,,,,,,,,,2.59556911389033,0.0,0.5523531128862694,,0.3262187608828147,-0.0006715350230782254,0.20578392998625836,0.003190205854480155,0.20353190104166666,0.962646484375,-0.034626489000705384,-0.0018765096211836862,0.0055291890651763724,0.0005104686868360329,0.0004849452524942317,0.30602276263137657,0.4878162642319997,0.7966657367845377,0.47804448877771694,0.4165460504591465,-0.06101596883187691,-0.018807357409968972,0.0011395781543039145,0.48186812549829483,0.2969580617141222,,,,0.019849086661755184,0.19099934895833334,0.23664786325146756,0.13812219506750503,0.11181006875510018,0.010000000000000005
240,36,48,0.0,-0.00024498308387895423,0.00234928438698666,,,,,,,,,2.8418719006909265,0.0,0.5418440519687686,,0.30515123448438114,-0.0007646603205810405,0.21802893115414512,0.0030610303252211046,0.259765625,0.9625651041666666,-0.028205178044218984,-0.0017686040438194242,0.0061124779620311325,0.0004849452524942313,0.0004606979898695201,0.2940920094648997,0.478864220281442,0.7948898904853396,0.4372797914677196,0.44301430467102265,-0.05852061572174231,-0.017745984744073615,0.0018975225578590955,0.4714575666520331,0.29083717157989736,,,,0.025587876197985478,0.2309027777777778,0.23615515066517723,0.13717621523472998,0.12860173421601453,0.010000000000000004
244,48,48,0.0,-0.00168344855774194,0.0022210179522517137,,,,,,,,,2.628804405530294,0.0,0.5314417279141485,,0.2848303796102603,-0.0007410482388271097,0.22578542741636434,0.0029072324784162142,0.24235026041666666,0.961669921875,-0.011121271241184635,-0.00031713200443543127,0.005196233214519452,0.0004606979898695201,0.0004376630903760441,0.2691661734133959,0.4847450212885936,0.716669832666715,0.42568285080293816,0.5158519533773264,-0.056100408003355064,-0.01789271554055934,0.0014175209799229076,0.47542937472462654,0.2855741481527685,,,,0.024685133500800777,0.23388671875,0.2357446582367023,0.13638608530163765,0.11562067953248818,0.010000000000000005
248,48,48,0.0,-0.009715390362543985,0.0012144769959074135,,,,,,,,,2.3033851434787116,0.0,0.5211564065603621,,0.25057165293643874,-0.0008317374655841073,0.220265895438691,0.0030866680026520044,0.291748046875,0.96240234375,-0.013038085598964244,0.0004780558478690485,0.006620076679003735,0.0004376630903760445,0.00041577993585724187,0.2354266494512558,0.4702077197531859,0.7381085144976774,0.41119277353088063,0.583975917349259,-0.04596751784750571,-0.014287123524506265,0.002058553256574669,0.4617844242602587,0.2798813130305636,,,,0.016577294901556645,0.17073567708333334,0.23542836774140596,0.1357756700987617,0.10294897699107726,0.010000000000000005
252,48,48,0.0,-0.015906765571950626,0.001977313554865153,,,,,,,,,2.523609715203444,0.0,0.5109982382778273,,0.23779462681462368,-0.0009267552813980728,0.25238658487796783,0.003002786785752202,0.340087890625,0.962158203125,-0.005005122550452749,0.0009894893825427669,0.007833912211935967,0.00041577993585724176,0.00039499093906437976,0.22451396255443493,0.4782383056978385,0.7282152411838373,0.4028286648293336,0.5608152952045202,-0.0626761462384214,-0.020679466950241476,0.0019344519845011139,0.4718007588138183,0.2741293732089807,,,,0.017888735853678856,0.17659505208333334,0.23465023934841156,0.1342692874992887,0.1188029064796865,0.010000000000000005
256,36,48,0.0,-0.002647123584109876,0.0017794687042219772,,,,,,,,,2.6171042919158936,0.0,0.5009772479522246,,0.29558867133326,-0.000732034307374205,0.2082443671921889,0.002763961263958158,0.255859375,0.9625651041666666,-0.022144137946371403,-0.0010152088922647333,0.005438696677123921,0.0003949909390643797,0.00037524139211116077,0.28410374621550244,0.46725021716621185,0.7979751709434721,0.42247320380475784,0.5800763443112373,-0.0656210392092665,-0.017788930408035714,0.002315798913009025,0.46033239116271335,0.269615571386434,,,,0.02436553986303301,0.2058376736111111,0.23401892764700782,0.13304914865228865,0.1336645616425408,0.010000000000000004
260,48,48,0.0,-0.009274316194932908,0.002533829101594165,,,,,,,,,2.9255169356862702,0.0,0.49110332509115895,,0.40561814854542416,-0.0005635792228228335,0.21552778159578642,0.003088828884453202,0.09578450520833333,0.962646484375,-0.030729240466219682,-0.004192183599419271,0.003270092248082316,0.0003752413921111611,0.0003564793225056027,0.39384417918821174,0.4892776869237423,0.7892920561134815,0.3929652062555154,0.4285131252060334,-0.07125483670582373,-0.02060239841618265,0.0009440460816563245,0.48431041464209557,0.2648906888864509,,,,0.021713949119051296,0.198486328125,0.2333180938536922,0.13169518671929836,0.13167368217060962,0.010000000000000005
264,24,48,0.0,0.005872615419017772,0.002438624699910482,,,,,,,,,3.2141139109929404,0.0,0.48138621406439935,,0.2950534112751484,-0.0007218623917045383,0.20970223285257816,0.0029750946171892187,0.2600911458333333,0.96240234375,-0.016391976348434884,-0.0011601267532720765,0.005886206985451281,0.0003564793225056026,0.0003386553563803226,0.2829033825546503,0.47763530910015106,0.73415806889534,0.35051967079440755,0.6333942661682764,-0.06642991894235213,-0.019316210430891562,0.0018651337647194548,0.4744069141646226,0.26062802582652767,,,,0.023334142490057275,0.20865885416666666,0.2327639932433764,0.1306233604749044,0.12391933022687833,0.010000000000000004
268,48,48,0.0,-0.0011447373932848375,0.002294630804196155,,,,,,,,,2.9401592016220093,0.0,0.4718355044873697,,0.295368492603302,-0.0007226195411931258,0.19404957660784325,0.0027206269733142108,0.2572428385416667,0.962890625,-0.027485399613700185,-0.0008472068727011598,0.005850185378221795,0.00033865535638032287,0.00032172258856130644,0.2778295964623491,0.47846402786672115,0.7303738581637541,0.37635370902717113,0.4476276505738497,-0.07422972020382683,-0.021570101748996724,0.0017530230964742561,0.4755850111444791,0.256180714815988,,,,0.020987676752459567,0.21101888020833334,0.23225479759275913,0.1296322230870525,0.14947233659525713,0.010000000000000005
272,14,48,0.0,-0.012472428913627352,0.003946330631151795,,,,,,,,,2.956330725124904,0.0,0.4624606217573512,,0.33153567782470156,-0.0006680551658584071,0.2521769532135555,0.003005166188813746,0.2513950892857143,0.9623325892857143,-0.014914346792336022,-0.0017477501720090263,0.004912208665960601,0.00032172258856130644,0.0003056364591332411,0.32181295113904135,0.4655079905475889,0.8033183429922376,0.3923745708806174,0.4345572995288031,-0.07178940916700023,-0.016964769789150784,0.002302136732656176,0.45809123132910046,0.2530422066795221,,,,0.02546771545894444,0.13950892857142858,0.2321380472608975,0.12940005106585367,0.13754730245896749,0.009999999999999998
276,24,48,0.0,0.006592374217386047,0.00373616412980482,,,,,,,,,3.5523666540781655,0.0,0.4532708177517542,,0.24657066414753595,-0.0007777536520734429,0.19801958464086056,0.002794638552586548,0.30078125,0.96142578125,-0.029456996572359156,0.0004507644883536462,0.006448929489124566,0.00030563645913324095,0.000290354636176579,0.23349707449475923,0.4708914669851462,0.7616404891014099,0.37309346348047256,0.4944498601059119,-0.07958371844142675,-0.022150323532211285,0.002661678575047214,0.46722079813480377,0.25067766965928434,,,,0.02793838605672742,0.21858723958333334,0.23199143260717392,0.12911441177129745,0.15598665984968343,0.010000000000000004
280,48,48,0.0,-0.007827019474158684,0.0018586437387663561,,,,,,,,,2.8855320935448012,0.0,0.44427516169763465,,0.2550151984517773,-0.0008078808095888235,0.18619415226082006,0.0026896694131816425,0.267822265625,0.96240234375,-0.04236660428189983,9.885255023315646e-05,0.005757650040322915,0.0002903546361765793,0.0002758369043677501,0.24857789122809967,0.4656830367942651,0.722730944554011,0.36906759813427925,0.3644778976837794,-0.06435656663961709,-0.0181459580999217,0.0025225160400926447,0.46060309434930485,0.2468995982915585,,,,0.020896224431150284,0.19441731770833334,0.23170232120901346,0.12854785720507303,0.12877618925025067,0.010000000000000005
284,48,48,0.0,-0.012076801484605918,0.002313856183415434,,,,,,,,,2.263303093612194,0.0,0.43548253122145875,,0.2829268469164769,-0.000790632611218219,0.22077342371145883,0.003183230379363522,0.23966471354166666,0.96240234375,-0.02403036236258534,-0.0005213848650479728,0.00613144567857186,0.00027583690436775024,0.0002620450591493626,0.2703363432859381,0.48125930440922576,0.6873635662098726,0.36698790329198044,0.4442729651927948,-0.06403606291860342,-0.020054993122660864,0.0015904884191210538,0.478054316714406,0.2434316205271045,,,,0.023416188110180276,0.197509765625,0.23091099659601846,0.12699882748226324,0.12331481417641044,0.010000000000000005
288,48,48,0.0,-0.009329505167746296,0.0017909321080272396,,,,,,,,,2.3962845827142396,0.0,0.4269016035879585,,0.3051133214806517,-0.0007616323382535484,0.22764522396028042,0.0030554756085621193,0.17952473958333334,0.962890625,-0.03350096432647357,-0.0008701699704640001,0.005285943179236104,0.00026204505914936274,0.00024894280619189443,0.2921652377893527,0.4836357658108075,0.7024938451747099,0.3644468790541093,0.5172145441174507,-0.06333065483098228,-0.017954398683893185,0.0015021430270583853,0.48099725879728794,0.23991585694179132,,,,0.018637911329278722,0.16764322916666666,0.23004803309837976,0.1253088105780383,0.11882850248366594,0.010000000000000005
292,48,48,0.0,-0.016274840066519875,0.0016464524499800366,,,,,,,,,2.2948282236854234,0.0,0.41854084713672185,,0.27471034321933985,-0.0007436540715085963,0.2048160588989655,0.002697328653691026,0.326171875,0.962158203125,-0.02999054508594175,-0.0005339674386656649,0.007226269595169772,0.0002489428061918946,0.0002364956658822997,0.2696391825253765,0.4573352790127198,0.6962537181874117,0.3561142024894555,0.5636304629345735,-0.062127519864588976,-0.017992971484394122,0.0028269107794282413,0.4540258614967267,0.23568063240334863,,,,0.015206922078505158,0.16080729166666666,0.22918772355963787,0.12361272750422359,0.11957718602692087,0.010000000000000005
296,36,48,0.0,0.0035652987038095794,0.0020051239407621324,,,,,,,,,2.3648233711719513,0.0,0.4104085129249593,,0.20538557983107036,-0.0008297957893874911,0.19134153549869856,0.0027543771106542814,0.3704427083333333,0.9622395833333334,-0.015610649340993,0.00159001178195063,0.007323906317146288,0.0002364956658822997,0.0002246708825881847,0.19489081535074446,0.48517503837744397,0.610249153441853,0.3396482989192009,0.41289113213618595,-0.08016529244681199,-0.022574499637509387,0.0017002256402823452,0.4829878310362498,0.2317062670823311,,,,0.028262146257071033,0.1787109375,0.2282932922244072,0.12184495685829057,0.1302929771029287,0.010000000000000004
300,11,48,0.0,9.52052121812647e-05,0.0020376012491231613,,,,,,,,,2.6996043920516968,0.0,0.4025126265847084,,0.1926899552345276,-0.0009489592736248266,0.2457164783369411,0.003135567700321024,0.3828125,0.9634232954545454,-0.004757000450891527,0.002001850013832816,0.008550544946708462,0.00022467088258818467,0.00021343733845877546,0.1837799461050467,0.46171891960230743,0.6353042288260027,0.3311190632256595,0.5976406173272566,-0.06979948756369678,-0.02032853171906688,0.0031749491410499268,0.4586530923843384,0.22669652029197992,,,,0.033916966428726235,0.11186079545454546,0.22785529629750687,0.1209775439717553,0.11592699113217267,0.009999999999999998
304,48,48,0.0,-0.015011426313625028,0.0016511972280568443,,,,,,,,,2.3071147575974464,0.0,0.39486098040250567,,0.2460854472592473,-0.0007781972575079029,0.20180617148677507,0.00278693059226498,0.27978515625,0.96142578125,-0.021426646863498416,0.00044268965598348586,0.0062313049857039005,0.00021343733845877533,0.00020276547153583668,0.23427006974816322,0.475514014561971,0.6516685200234255,0.34767303491632146,0.47455420158803463,-0.06312677458239098,-0.020643804358163226,0.0018258746710368239,0.47278580628335476,0.2229048330710666,,,,0.016935110082461808,0.15006510416666666,0.22718890259663263,0.11965385219082236,0.12156706644843022,0.010000000000000005
308,48,48,0.0,-0.01650432638901596,0.0017141369583744865,,,,,,,,,2.477295277019342,0.0,0.3874611256293395,,0.19749704593171677,-0.000921551985811675,0.23237062866489092,0.00286431012985607,0.349853515625,0.962646484375,-0.004902476697073628,0.0017898606480836559,0.007524744190353279,0.0002027654715358368,0.00019262719795904484,0.1897230988057951,0.45708513259887695,0.6624002183477083,0.3376057663311561,0.572253375624617,-0.057099576108157635,-0.017784991282193612,0.0032787599908867073,0.45374925682942074,0.21942866261166882,,,,0.018892729265644448,0.16853841145833334,0.2260512908299764,0.11738529258097212,0.11683935470258196,0.010000000000000005
312,48,48,0.0,-0.011814311922838291,0.0015183195464487653,,,,,,,,,2.4672343358397484,0.0,0.38032036502847405,,0.25211624428629875,-0.0008285464476405954,0.21902659628540277,0.0026820037140472173,0.31103515625,0.96337890625,-0.030336994144211833,0.0002847798831453474,0.006874415111572792,0.00019262719795904476,0.0001829958380610926,0.24754756099234024,0.4692759184787671,0.6689404472708702,0.3284244940926631,0.3712608984981974,-0.0678824045850585,-0.01943203285918571,0.0021541500527746393,0.4670181938757499,0.21644242803250344,,,,0.01468363391480428,0.13077799479166666,0.22499211349835,0.115253328345716,0.12509665281201401,0.010000000000000005
316,48,48,0.0,-0.013232240957828859,0.0017960844294672522,,,,,,,,,2.7560549726088843,0.0,0.37344574566850847,,0.20857511274516582,-0.0008612852301060533,0.22089384527256092,0.002746101366938092,0.33984375,0.962646484375,-0.005583594926671746,0.0016312665232665797,0.007463660605329399,0.0001829958380610927,0.00017384604615803794,0.2050692212457458,0.4642333444207907,0.6710394422213236,0.34498220433791477,0.48697609454393387,-0.061141863853360214,-0.017187696260710556,0.0024939823157789456,0.46190594260891277,0.21376868135744526,,,,0.018082266764395172,0.14542643229166666,0.22361980906377235,0.11248180534069736,0.12168139483158787,0.010000000000000005
320,36,48,0.0,-0.01304162435957955,0.0016803377075120807,,,,,,,,,2.6322094599405923,0.0,0.36684405196876874,,0.2308382023539808,-0.0008490780455758795,0.21796182377470863,0.0027266188990324736,0.3483072916666667,0.9615885416666666,-0.014123624216558205,0.0007953145733760417,0.007549086650316086,0.0001738460461580378,0.00016515374385013602,0.22604121888677278,0.46348092208305997,0.6367756194538541,0.30736595226658714,0.5189569211668439,-0.06289804447442293,-0.01944034505221579,0.003184844464057177,0.46100881778531605,0.2094344743290763,,,,0.023364649551998202,0.18294270833333334,0.22277377587225702,0.11076161575814088,0.12525140390627915,0.010000000000000004
324,48,48,0.0,-0.01382020975385482,0.0018254846581839956,,,,,,,,,2.7332517405351004,0.0,0.3605217990039032,,0.24213695681343475,-0.0007913272820587736,0.19902626362939677,0.0026633512255405853,0.3115234375,0.962646484375,-0.028056591967470013,0.0006314775228399109,0.006618841677360858,0.00016515374385013613,0.00015689605665762923,0.2338890271882216,0.4675007226566474,0.6440739495058855,0.32017913460731506,0.3850966176639001,-0.07024298476365705,-0.0200192245732372,0.0026592087966340236,0.4644243158400059,0.2057974049014723,,,,0.018976569204824045,0.17692057291666666,0.22211072221398354,0.10942366222540538,0.11937658442184329,0.010000000000000005
328,48,48,0.0,-0.011056991352234036,0.0018836350791389123,,,,,,,,,2.8153549631436667,0.0,0.3544852260742952,,0.28682605891178053,-0.0006515450392422887,0.21007582172751427,0.002886616329002815,0.21834309895833334,0.962890625,-0.03087345091626048,-0.0009390714819043448,0.004626663469631846,0.00015689605665762923,0.00014905125382474777,0.2817704090848565,0.46613606562217075,0.7284741948048273,0.36075376719236374,0.3373130780334274,-0.06551241044265528,-0.019313152491425473,0.002733416049826095,0.4642677176743746,0.20425139781154708,,,,0.01922632739782178,0.14339192708333334,0.22180898301303387,0.10882595926523209,0.12411840989564855,0.010000000000000005
332,48,48,0.0,-0.0059646240357930464,0.001928381539376763,,,,,,,,,2.8073604380091033,0.0,0.3487402905486196,,0.2582497016216318,-0.00075988429186206,0.23007658403366804,0.0028685824217973277,0.257568359375,0.962158203125,-0.011588782207885137,-0.0001164646507731959,0.00588847658461115,0.00014905125382474763,0.00014159869113351036,0.25079836742952466,0.481461148088177,0.6992020284136137,0.36303450477619964,0.503709557155768,-0.06834866215164463,-0.020750295584245276,0.0014805475601254632,0.4792973653723796,0.20309351829435204,,,,0.01565245064314998,0.15592447916666666,0.22131820861250162,0.10784035688266158,0.11742902485032876,0.010000000000000005
336,48,48,0.0,-0.012878317463522157,0.001336988929930764,,,,,,,,,2.684314546485742,0.0,0.343292661984648,,0.21717068242530027,-0.0008637201317469589,0.22037920262664557,0.003027120192806857,0.3634440104166667,0.962890625,-0.011711247304144004,0.0015146316452501196,0.007973784377099946,0.00014159869113351036,0.00013451875657683485,0.21343616986026367,0.4647675808519125,0.7092977700134119,0.3665082671989997,0.5387087874114513,-0.05693164491094649,-0.015795576250335824,0.0022898751963111863,0.4611028792957465,0.2021294613790647,,,,0.017925661567763502,0.17374674479166666,0.2208567140623927,0.10690550055975716,0.13475858109692732,0.010000000000000005
340,48,48,0.0,-0.011167152687751999,0.0015572197201739375,,,,,,,,,3.1308144157131514,0.0,0.33814771653407094,,0.34741444978863,-0.0006034709646579964,0.21179100560645261,0.0025931102524433904,0.14054361979166666,0.962890625,-0.01585200671494628,-0.002229873627015877,0.00350927083248583,0.00013451875657683493,0.0001277928187479931,0.34388010793675977,0.4999658639232318,0.7666953193644682,0.38014367409050465,0.3834002890313665,-0.06118051319693526,-0.01789484601855899,0.0003694656106745242,0.4974022228270769,0.20210742506439405,,,,0.017149980454026565,0.167724609375,0.22046838918079933,0.10611077879245083,0.15200071719785532,0.010000000000000005
344,48,48,0.0,-0.009773528960067779,0.0014657370847999118,,,,,,,,,2.6088208531339965,0.0,0.3333105316368935,,0.2753025044997533,-0.0007281526717027494,0.19297388351211944,0.0025753250301931985,0.281005859375,0.96240234375,-0.02050716832551795,-0.00043013647382394993,0.0059701422675667954,0.00012779281874799307,0.00012140317781059343,0.2672636875261863,0.4818085456887881,0.711512103676796,0.3776049943019946,0.528872849419713,-0.05422228388488293,-0.01806330030861621,0.0015722243931577395,0.48037248849868774,0.2006796163902916,,,,0.01790511294530006,0.13818359375,0.2202521183838447,0.10566272291665275,0.1235135478588442,0.010000000000000005
348,48,48,0.0,-0.006805727995621662,0.001378434327004167,,,,,,,,,2.5312338024377823,0.0,0.3287858810106066,,0.24933780962601304,-0.0008018363817730764,0.23047025253375372,0.002748675270898578,0.2930501302083333,0.9619140625,-0.03255688882442579,0.00015060243739147458,0.006443070713430643,0.00012140317781059345,0.00011533301892006375,0.24421783862635493,0.4809319023042917,0.7299609109759331,0.3403240678211053,0.4720660826812188,-0.05906938478195419,-0.017939890327397734,0.0009531844028363897,0.4794734821965297,0.19898006444098112,,,,0.013894137362512993,0.11710611979166667,0.21970427564034858,0.10453202823797862,0.13225492167597017,0.010000000000000005
352,48,48,0.0,-0.009812620119191706,0.0022141227649020343,,,,,,,,,2.733829182883104,0.0,0.324578229939112,,0.16871470709641775,-0.0009432903098058887,0.2253187137345473,0.002715479764447082,0.3675130208333333,0.962890625,-0.004006830050684584,0.002120334935170831,0.007336634841825192,0.00011533301892006383,0.00010956636797406055,0.16471030097454786,0.4668541693439086,0.6612303244570891,0.3210436049848795,0.5180822486678759,-0.07543805000993113,-0.0212254785389329,0.002856255314024262,0.46577114177246887,0.19660318728400458,,,,0.015025021153026804,0.11637369791666667,0.21877830071995655,0.1026370261485378,0.12619847292080522,0.010000000000000005
356,48,48,0.0,-0.012946498929522932,0.0017948574265271116,,,,,,,,,2.5507232124606767,0.0,0.32069173086602065,,0.293476319561402,-0.0008375732856317578,0.2496031733850638,0.0032169079349841923,0.233154296875,0.963134765625,-0.03835112193094877,-0.0013924815843135245,0.006316215731203556,0.00010956636797406051,0.00010408804957535751,0.29130070594449836,0.4753934306403001,0.7167746834456921,0.33095987886190414,0.5284531358629465,-0.056403855637957655,-0.017033379874192178,0.0015000389327421242,0.4737389124929905,0.1951164927173769,,,,0.016883073811186478,0.14827473958333334,0.21792018817116818,0.1008756800244252,0.11968132418890794,0.010000000000000005
360,48,48,0.0,-0.0010605291657460232,0.0020120238380817077,,,,,,,,,2.3722590655088425,0.0,0.3171302192966965,,0.2775418988118569,-0.0007058738301566336,0.2252633897587657,0.0027888032297293344,0.18204752604166666,0.964111328125,-0.013682580358969668,-0.0006130793474312668,0.004503176503931172,0.00010408804957535754,9.888364709658963e-05,0.2754611788938443,0.4858825945605834,0.6908362234632174,0.3461114714543025,0.4456937250991662,-0.06523042486514896,-0.02003954057969774,0.0013196426528641798,0.48443899117410183,0.19374668364242564,,,,0.0163405015070263,0.1748046875,0.21775889055182537,0.10053236285845439,0.10783209620664518,0.010000000000000005
364,48,48,0.0,-0.010568052918339768,0.001617126084359673,,,,,,,,,2.168003817399343,0.0,0.3138972100130703,,0.16180711813891926,-0.0009187770544182664,0.19764663372188807,0.0026540946758662662,0.409912109375,0.963134765625,-0.007847216606023721,0.002600881842226954,0.007933893629039327,9.888364709658965e-05,9.393946474176014e-05,0.1561988143560787,0.4705017215261857,0.6127853877842426,0.3390299528837204,0.4439964797347784,-0.05298066472945114,-0.017823436064645648,0.0023738327543962137,0.46885095598797005,0.1915160770258581,,,,0.011755682935472578,0.12613932291666666,0.21741613621513048,0.09981212470059593,0.10301113035529852,0.010000000000000005
368,48,48,0.0,-0.011463933701937398,0.0015290186541581836,,,,,,,,,2.488714322447777,0.0,0.310995893604979,,0.2437453685949246,-0.0008536488700580472,0.20533762530734143,0.002613925639404139,0.2853190104166667,0.96337890625,-0.019669291034612495,0.0002989329046651316,0.006255068874452263,9.393946474176017e-05,8.924249150467212e-05,0.23986909134934345,0.4620362377415101,0.666672445833683,0.328243775293231,0.47429592659076053,-0.06608650996349752,-0.020009448810014874,0.002833545157007696,0.46039342569808167,0.18930960963157956,,,,0.016044403399670653,0.14412434895833334,0.2165153774743279,0.09794450116654237,0.11414620901147525,0.010000000000000005
372,48,48,0.0,-0.010361715801991522,0.0015904551667820972,,,,,,,,,2.636557554205259,0.0,0.3084291333214382,,0.28880136211713153,-0.0006891513051717387,0.2183711634327968,0.0028184799351341403,0.24064127604166666,0.962646484375,-0.01422270770611552,-0.0009877908664748247,0.005031090103633081,8.924249150467215e-05,8.478036692943852e-05,0.2845860406135519,0.46954840421676636,0.7065753725667795,0.3202103345344464,0.478018457069993,-0.0648959258881708,-0.018107656554396574,0.001908410259034099,0.4674446980158488,0.18757810287437113,,,,0.013919798366259784,0.15096028645833334,0.21571923016260067,0.0962706794962287,0.11726659738148253,0.010000000000000005
376,48,48,0.0,-0.00876029470236972,0.001999526738169758,,,,,,,,,2.3006078203519187,0.0,0.3061994622449587,,0.1819830252788961,-0.000947152035223553,0.19800380213807026,0.002256783307529986,0.396484375,0.963134765625,-0.024759947142835397,0.001976773514494804,0.007643167142911504,8.478036692943857e-05,8.054134858296658e-05,0.17916160558039942,0.4652435313910246,0.611334769676129,0.30180581596990425,0.4180893637239933,-0.08283327954510848,-0.020675396216878045,0.0033192140710222398,0.46300283012290794,0.18633090048206588,,,,0.010910819730876634,0.12996419270833334,0.2150559757525722,0.09487495307500164,0.11894176124284665,0.010000000000000005
380,48,48,0.0,-0.009110805811360478,0.0014582379408238921,,,,,,,,,2.4718284234404564,0.0,0.30430908079170205,,0.20429708094646534,-0.000864464474337486,0.24438624425480762,0.0029332647730673975,0.3483072916666667,0.963134765625,-0.0045603387140242075,0.0011190178911419935,0.007216839624258379,8.054134858296666e-05,7.651428115381825e-05,0.2011642570917805,0.4696140556285779,0.6273137852549553,0.30488995524744195,0.630307157834371,-0.08199835351357858,-0.021289276094951976,0.0021807170363293458,0.46884340047836304,0.18399162798961774,,,,0.011877546984275492,0.10978190104166667,0.21447648542622724,0.09366647386923432,0.11304655640075605,0.010000000000000005
384,48,48,0.0,-0.019625000985494506,0.001723382275182909,,,,,,,,,2.6301798398296037,0.0,0.30275985453993254,,0.211078858623902,-0.000864847634754066,0.2248540868361791,0.002651842323151262,0.3556315104166667,0.9638671875,-0.0073199024045607075,0.0013416434985629166,0.00723689441413929,7.651428115381828e-05,7.268856709612733e-05,0.2087867526958386,0.4764089894791444,0.6244321304063002,0.2898522075265646,0.4607830649862687,-0.07360013488990565,-0.023017097963020205,0.0019272697585014005,0.4749272931367159,0.18143003890931278,,,,0.015423455958322544,0.15673828125,0.21405586693435907,0.09280289942398667,0.12571643370514116,0.010000000000000005
388,48,48,0.0,-0.005915296807264288,0.002026520177120498,,,,,,,,,2.889221971233686,0.0,0.30155331238892197,,0.24168364563956857,-0.0007956306138415433,0.19554344564676285,0.002740581830342611,0.3280436197916667,0.962890625,-0.01660290243065295,0.0003313591433690514,0.006747832997158791,7.26885670961274e-05,6.905413874132097e-05,0.24017775912458697,0.4605477377772331,0.5704545894016823,0.2970440157999595,0.4686767663806677,-0.09673842632522185,-0.027357939844174933,0.004027362209247561,0.45952388768394786,0.17845124520848463,,,,0.01687597615333895,0.17643229166666666,0.21358572598546743,0.09182843643551071,0.12136698079605897,0.010000000000000005
392,48,48,0.0,-0.0061960402720918255,0.001680075821544354,,,,,,,,,2.699446566402912,0.0,0.3006906450501051,,0.1500153715411822,-0.0010114926105112925,0.20285944640636444,0.0023201582225738093,0.404052734375,0.962890625,-0.012787978419510182,0.00284595086001597,0.007983254947854826,6.905413874132089e-05,6.560143180425492e-05,0.14710431545972824,0.4862860447416703,0.552385900169611,0.2681002238144477,0.2587043819949031,-0.08365516527555883,-0.028699501883238554,0.0013409549584745644,0.48447519913315773,0.1750596509567025,,,,0.015363752905007763,0.12320963541666667,0.2129470215489467,0.09048651282986005,0.11656743939965963,0.010000000000000005
396,48,48,0.0,-0.00200001053356876,0.001725275520584546,,,,,,,,,2.4041204626361528,0.0,0.30017270387199363,,0.28276778695484,-0.0007671131904013843,0.23600625867644945,0.0030332615569932386,0.21565755208333334,0.962646484375,-0.020111773987688746,-0.0011580727365677983,0.005791502912567618,6.56014318042549e-05,6.232136021404218e-05,0.2806112098818024,0.4735349503656228,0.6435465030372143,0.27343867470820743,0.5446870171775421,-0.06972519944732387,-0.020611813602348168,0.0019184363325924398,0.4728938614328702,0.1725526795274579,,,,0.022621860794364086,0.12752278645833334,0.21248000922302404,0.08950921039407451,0.11057652020826936,0.010000000000000005
400,48,48,0.0,-0.00742181675741449,0.0015658575672811519,,,,,,,,,2.764600992202759,0.0,0.30000000000000027,,0.20804513059556484,-0.0008204628744958123,0.20411619854470095,0.002703856601632045,0.3580729166666667,0.961669921875,-0.0075837223218210665,0.0014749178462807322,0.007361313997535035,6.232136021404222e-05,5.920529220334006e-05,0.2060407775764664,0.4640075409164031,0.6006046235561371,0.27252160385251045,0.542160039767623,-0.07734590644637744,-0.024512768373824656,0.002954302437198445,0.4633131430794795,0.1705551993941784,,,,0.01895616264846467,0.13509114583333334,0.21204921510070562,0.08860851374144356,0.11553972990562518,0.010000000000000005
