episode,minibatches,minibatches_possible,first_mb_kl,policy_loss,value_loss,mean_V,std_V,std_barrier,lyap_violation_rate,lyap_in_ball_rate,lyap_mean_dV,lyap_worst_slack,lyap_v_rmse,grad_norm_control,grad_norm_aux,lr_scale,certifiable_frac,cert_violation,cert_mean_dV,cert_mean_V,cert_worst_slack,cert_in_ball_rate,cert_certifiable_frac,cert_alpha_q05,cert_alpha_q25,cert_alpha_q50,cert_alpha_used,cert_alpha_next,cert_alpha_nonpos_frac,cert_nstep,cert_n_samples,v_critic_violation,v_critic_mean,v_critic_min,v_agreement,v_critic_alpha_q05,v_critic_alpha_q25,v_critic_alpha_q50,v_critic_alpha_nonpos_frac,v_critic_violation_direct,v_critic_nonpos_direct,v_bellman_delta_mean,v_bellman_delta_std,v_bellman_delta_q95,softplus_beta,lyap_penalty,dynamics_loss,barrier_loss,approx_kl,clip_fraction,mean_std,mean_raw_log_std,mean_abs_action,alpha
3,28,28,0.0,0.011946530064700969,239.9297000340053,,,,,,,,,6.511774012020656,0.0,0.1996144383094248,,0.686223423906735,-0.17222857980855874,0.44768520231757847,0.8195127929959979,0.14948141361985887,0.9537119013922555,-0.008333976696511465,-0.0002727519188608442,0.005432904831000737,0.010000000000000009,0.009500000000000008,0.2707363212747233,150.0,136.71428571428572,,,,,,,,,,,,,,,,,,0.004551851065895919,0.04339689801314047,0.1054330901908023,0.00018357244113888425,0.0062280992112521616,0.9185479914476541
5,24,24,0.0,-0.00209283324268957,174.93544260660806,,,,,,,,,6.5975561539332075,0.0,0.28956948883057376,,0.7373263239860535,-0.20778794648746648,0.42877814297874767,0.6212551817297935,0.09397786358992259,0.9333007832368215,-0.0014834386044337104,0.002930984521905581,0.005693763494491577,0.009500000000000008,0.009025000000000007,0.09471096207077305,150.0,160.0,,,,,,,,,,,,,,,,,,0.0034431056265020743,0.0302734375,0.1055085298915704,0.00059228304962744,0.005022919969633222,0.8506844975647602
7,24,24,0.0,-0.0008642873338734111,304.0310764312744,,,,,,,,,6.845798482497533,0.0,0.37946679748593054,,0.3981131340066592,-0.26651685933272046,0.4664890766143799,0.6626958698034286,0.2648111954331398,0.9552083338300387,-0.0047886014605561895,0.0032164771109819412,0.01631275067726771,0.009025000000000007,0.008573750000000007,0.17057247863461575,150.0,129.66666666666666,,,,,,,,,,,,,,,,,,0.003191120515111834,0.02623697929084301,0.10560176894068718,0.0010970294703535426,0.0076682793636185425,0.7878348449235574
9,24,24,0.0,0.0014716195485865076,207.4050318400065,,,,,,,,,7.680070996284485,0.0,0.4692830866622906,,0.5543365602691969,-0.19556830016275248,0.4139781842629115,0.5465060696005821,0.13385416567325592,0.9096028680602709,-0.006982553672666351,0.0014033013333876927,0.006535384804010391,0.00857375000000001,0.008145062500000006,0.19332191658516726,150.0,152.33333333333334,,,,,,,,,,,,,,,,,,0.004179783980362117,0.04713541680636505,0.1057197864477833,0.0017352681024931371,0.007975521769064168,0.7296286045561504
13,32,32,0.0,0.0017377999611198902,188.7882285118103,,,,,,,,,10.156160235404968,0.0,0.5823376347620787,,0.6169301522895694,-0.12344035203568637,0.41288383211940527,0.8297639451920986,0.0,0.9611338749527931,-0.011728604178642854,-0.0010830475948750973,0.0025787530466914177,0.008145062500000001,0.007737809375000006,0.3313123960979283,150.0,145.375,,,,,,,,,,,,,,,,,,0.006976323820708785,0.08067786181345582,0.10587942553684115,0.0025974541204050183,0.007287684697075747,0.6623506440781878
16,28,28,0.0,0.0029159455693193843,226.89482879638672,,,,,,,,,9.070692913872856,0.0,0.6795892357631562,,0.20792087752904212,-0.27974978142551016,0.3885982983878681,0.4446265452674457,0.23206312954425812,0.9149992082800184,-0.0037964911724494804,0.010052385606936045,0.021544082888535092,0.0077378093750000085,0.007462814993877557,0.06331638486257621,150.0,102.85714285714286,,,,,,,,,,,,,,,,,,0.006896328742316525,0.08384486633752074,0.10605731154126781,0.0035567300843207966,0.009010598978160747,0.6093744755306781
18,24,24,0.0,0.00209567587201794,273.9433657328288,,,,,,,,,7.302934467792511,0.0,0.7689655817195876,,0.3974517956376076,-0.24269898856679598,0.45389241973559064,0.7321041077375412,0.20429687450329462,0.9592122435569763,-0.010747347686750194,0.0012822449207305908,0.012074590971072515,0.007462814993877556,0.007089674244183679,0.23181392749150595,150.0,145.33333333333334,,,,,,,,,,,,,,,,,,0.0040459637239109725,0.040494791620100536,0.10622511804103851,0.004460139025468379,0.007886556559242308,0.564353114232622
21,28,28,0.0,0.007938123607475842,185.39675385611397,,,,,,,,,10.489320797579628,0.0,0.8655223292728104,,0.2737471889704466,-0.24112663151962416,0.3747090585529804,0.5353427779461656,0.2690763260637011,0.9465802141598293,-0.01510874115047045,0.0069899894297122955,0.01927756198814937,0.0070896742441836835,0.006735190531974495,0.12136744069201606,150.0,103.42857142857143,,,,,,,,,,,,,,,,,,0.00868107347715912,0.11691454771373953,0.10642055608332157,0.005510533228516579,0.01317470770196191,0.5193533806793914
25,28,28,0.0,-0.00024747755378484726,121.5484264918736,,,,,,,,,8.40706993852343,0.0,0.9733104162054252,,0.4070362203887531,-0.19317033567598887,0.31452575645276476,0.48242550449711935,0.14094741216727666,0.9099099338054657,-0.009239295940330652,0.002659937100751059,0.009937421551772527,0.006735190531974495,0.00639843100537577,0.09404726353074823,150.0,128.42857142857142,,,,,,,,,,,,,,,,,,0.007309269792001162,0.0873312536360962,0.10663661999361855,0.006669549953325519,0.014156219250123416,0.47322692272150974
28,28,28,0.0,-0.010518823850101658,221.2688696725028,,,,,,,,,9.291870406695775,0.0,0.994930386400296,,0.420084539268698,-0.2717198415526322,0.490504506443228,0.6107154893023627,0.17464524933270045,0.9327225259372166,-0.006613787001697347,0.0013134293258190155,0.010131994528429849,0.006398431005375767,0.006078509455106981,0.19592411297240428,150.0,118.71428571428571,,,,,,,,,,,,,,,,,,0.008849277152746384,0.11305917400334563,0.10686368548444339,0.00788507773540914,0.011871456767299346,0.43489020844142706
33,32,32,0.0,-0.001984426169656217,149.54903376102448,,,,,,,,,9.324091203510761,0.0,0.9936703794983613,,0.5207821978256106,-0.18308234540745616,0.4052259651944041,0.7841977998614311,0.09760690852999687,0.9308224879205227,-0.010045086397440173,-0.0037696268409490585,0.004746347665786743,0.006078509455106983,0.005774583982351631,0.39841120410710573,150.0,116.625,,,,,,,,,,,,,,,,,,0.005777542854048079,0.07207862345967442,0.10709862667135894,0.009140060981735587,0.013835016725352034,0.3942849363582592
36,28,28,0.0,0.00513277725050492,126.99048662185669,,,,,,,,,11.267456216471535,0.0,0.9924805064079044,,0.176501412343766,-0.3043503708073071,0.40853270994765417,0.3155294092638152,0.3966238796710968,0.9452287959200996,0.0016551768619267801,0.01042110100388527,0.026084914803504944,0.005774583982351635,0.005197755362297957,0.0234868804857667,150.0,93.14285714285714,,,,,,,,,,,,,,,,,,0.005541702724128429,0.06690848226259861,0.10731715017131396,0.010304982740698116,0.015501865917550666,0.36251727242186843
38,24,24,0.0,-0.0010163587673256795,116.49332443873088,,,,,,,,,7.904386917750041,0.0,0.9913048113793638,,0.2819189342359702,-0.2208331935107708,0.3521876595914364,0.3622240362068017,0.236328125,0.9222005208333334,-0.006636133303459246,0.003815899913509687,0.012037513156731924,0.005197755362297955,0.004937867594183059,0.07897833144913118,150.0,134.16666666666666,,,,,,,,,,,,,,,,,,0.006368042736236627,0.08479817770421505,0.1074730201313893,0.011134471627883613,0.014578731070893506,0.3357340352600601
40,24,24,0.0,0.001109265877554814,168.00092538197836,,,,,,,,,8.167625238498053,0.0,0.9900449044956686,,0.11068153691788514,-0.2749578431248665,0.38801030442118645,0.48796452830235165,0.3902994766831398,0.9501953149835268,0.0018090811120904011,0.009254893908898035,0.021485620488723118,0.0049378675941830616,0.004593665438877059,0.0340533055520306,150.0,114.5,,,,,,,,,,,,,,,,,,0.009342939796624705,0.12317708305393656,0.10764335002750158,0.01203946916696926,0.015580397448502481,0.3109295777245942
45,32,32,0.0,0.009094434266444296,92.04541635513306,,,,,,,,,8.1097631752491,0.0,0.9882982909373537,,0.18511763378046453,-0.2246424243785441,0.348301119171083,0.20538330636918545,0.2666713148355484,0.8784819189459085,0.0017919731544679962,0.006973649840801954,0.01698081661015749,0.004593665438877059,0.004511371503945995,0.0,150.0,96.875,,,,,,,,,,,,,,,,,,0.006270083726121811,0.0806458496954292,0.10784656438045204,0.01311735188937746,0.01630483742337674,0.28165808502699285
48,28,28,0.0,-0.024504657917922095,104.08298465183803,,,,,,,,,10.335642278194427,0.0,0.9867273950557838,,0.20972309155123575,-0.25478517317346167,0.4100271984934807,0.4114770685305952,0.2918600205864225,0.9304070728165763,0.0005882848835686413,0.006590257265738079,0.019241945019790103,0.004511371503945995,0.00457406985040348,0.0610787303053907,150.0,111.0,,,,,,,,,,,,,,,,,,0.008473405396216549,0.10537329662059035,0.1080354026385716,0.014117283513769507,0.016682300849684646,0.25925482741576134
50,24,24,0.0,-0.010063051401327053,74.24682108561198,,,,,,,,,8.732416808605194,0.0,0.9851862646894594,,0.2473817119995753,-0.2005387358367443,0.37549956142902374,0.6270671288172404,0.2830729161699613,0.9457031264901161,-0.0009826345946445751,0.004826517775654793,0.013625065485636393,0.004574069850403483,0.004345366357883306,0.10370856601124008,150.0,147.5,,,,,,,,,,,,,,,,,,0.007946429386114081,0.11044921881208818,0.10816178439805905,0.014785520538377265,0.015888993628323078,0.24010075102753495
54,28,28,0.0,-0.010389409427131926,97.74426201411656,,,,,,,,,7.884728567940848,0.0,0.9833408576833519,,0.3416840944971357,-0.19630771396415575,0.38370114990643095,0.6101174503564835,0.11986312908785683,0.8721070289611816,-0.010109275196945029,0.00273179475750242,0.007057214421885354,0.004345366357883309,0.004128098039989141,0.17735609518630163,150.0,133.0,,,,,,,,,,,,,,,,,,0.008451639213100342,0.10612517675118786,0.10828993549304348,0.015462289098650217,0.015290795925206371,0.22010955151085315
56,24,24,0.0,-0.00023676486064990362,141.4162861506144,,,,,,,,,7.3651590545972185,0.0,0.9816238383793349,,0.07113693639015158,-0.25715743626157445,0.3464994467794895,0.26103889631728333,0.34296874950329465,0.939843753973643,0.0033426100126234815,0.010268354167540869,0.02021610861023267,0.004128098039989143,0.004096213925356304,0.010145246788548926,150.0,115.16666666666667,,,,,,,,,,,,,,,,,,0.006534186613862403,0.08785807349098225,0.10842693162461121,0.016184919125710923,0.011865842582968375,0.2038475778942305
58,24,24,0.0,-0.0012104293564334512,203.01351515452066,,,,,,,,,6.886981417735417,0.0,0.9798249958553918,,0.31312189685801667,-0.24457479330400625,0.40176984791954357,0.23862223327159882,0.2776367167631785,0.9571614588300387,-0.014576055644890099,0.0030081340422232947,0.01693705345193545,0.004096213925356306,0.0037603013716314532,0.0658908187566946,150.0,127.16666666666667,,,,,,,,,,,,,,,,,,0.0067161808935149265,0.0833333336437742,0.10857018921524286,0.016939606439943116,0.011420459176103273,0.18878705957153988
64,32,32,0.0,-0.0005884499405510724,104.13940966129303,,,,,,,,,6.532128982245922,0.0,0.9773108479477595,,0.34613492898643017,-0.22374089993536472,0.45897268410772085,0.6232854314148426,0.06783039681613445,0.8631510473787785,-0.010634265418048017,0.0012622680515050888,0.007155034691095352,0.0037603013716314545,0.0035722863030498804,0.2096878499723971,150.0,124.625,,,,,,,,,,,,,,,,,,0.005924504854192492,0.07370605517644435,0.10871435049921274,0.017698088951874524,0.012833041459089145,0.17049551652897646
67,28,28,0.0,0.0028241786307522227,99.23570728302002,,,,,,,,,13.087856888771057,0.0,0.9751780452001338,,0.2920257007437093,-0.19121146481484175,0.33323901678834644,0.44159782232184497,0.15383848547935486,0.9192044011184147,-0.01653230860496738,0.0013571280453886306,0.009214218173708235,0.0035722863030498812,0.0035690136344299953,0.21198496488588198,150.0,129.57142857142858,,,,,,,,,,,,,,,,,,0.004664260889902445,0.05947066417762211,0.10884131437965802,0.018365299262638603,0.011034287844917603,0.1570346064172853
71,28,28,0.0,0.0006997996409024511,102.00219876425606,,,,,,,,,7.116113926683154,0.0,0.9727821502698087,,0.13817197856094157,-0.20457687016044343,0.3108914207134928,0.26674108845846994,0.3092164397239685,0.9457945397921971,0.0014850934000735702,0.006130115794284003,0.018900773354939053,0.003569013634429994,0.003363869000572304,0.02748480678669044,150.0,100.14285714285714,,,,,,,,,,,,,,,,,,0.003620728866995445,0.036846235926662176,0.1089516609374966,0.018944541857178723,0.010228016513532825,0.14374494882596164
73,24,24,0.0,-0.007058922356615464,222.3132168451945,,,,,,,,,8.07131278514862,0.0,0.9706168047496367,,0.1252358052879572,-0.30264448933303356,0.41787777841091156,0.37091631442308426,0.41767577826976776,0.9494140644868215,0.0008437969080053639,0.009432855372627577,0.02702538917462031,0.003363869000572303,0.003025950429909546,0.03691415892293056,150.0,103.0,,,,,,,,,,,,,,,,,,0.006501237333092528,0.08372395858168602,0.10903996943185727,0.019407694538434345,0.010886179516091943,0.13312488918163812
75,24,24,0.0,-0.00042278187659879524,126.5588657061259,,,,,,,,,7.216037670771281,0.0,0.9683723518303854,,0.29853028804063797,-0.24444624284903207,0.44263722747564316,0.4625982716679573,0.18144531299670538,0.9460611989100774,-0.01854580993919323,0.001560031125942866,0.01135832816362381,0.0030259504299095462,0.0028746529084140685,0.1825459754715363,150.0,148.0,,,,,,,,,,,,,,,,,,0.010457557820094129,0.13011067733168602,0.10909316409379244,0.019686472058917086,0.0130906782966728,0.12328945305118526
77,24,24,0.0,5.778080473343531e-07,115.62220573425293,,,,,,,,,8.011551290750504,0.0,0.9660493452972257,,0.29334796654681367,-0.2028659445544084,0.3882373807330926,0.589359683295091,0.17939452826976776,0.9514322926600774,-0.005268791215106224,0.0016020840654770534,0.015270339945952097,0.0028746529084140698,0.002730920262993365,0.20995576431353888,150.0,147.83333333333334,,,,,,,,,,,,,,,,,,0.008483012124391584,0.11627604238068064,0.10914285108447075,0.019946705006683867,0.01473278303941091,0.11418067145145831
80,28,28,0.0,0.004214947244950703,103.68747016361782,,,,,,,,,7.854155531951359,0.0,0.9634413769365082,,0.405843444700752,-0.18829554026680334,0.4211883012737547,0.33996198432786123,0.1917711134467806,0.9195784713540759,-0.007606271970351892,-0.00022940656968525479,0.005548000335693359,0.0027309202629933653,0.0025943742498436965,0.2840224653482437,150.0,119.71428571428571,,,,,,,,,,,,,,,,,,0.010952501632605813,0.13800652538027083,0.10921125326837812,0.020304829414401735,0.013038383231365256,0.10505946507106322
82,24,24,0.0,-0.002485730995734533,132.18470891316733,,,,,,,,,6.142851501703262,0.0,0.9609564732626411,,0.26303803361952305,-0.1325943941871325,0.2254392939309279,0.31759518074492615,0.17470702777306238,0.9453125,-0.01761435663017134,-0.00020363181829452515,0.008801246682802836,0.0025943742498436974,0.0024646555373515114,0.24369679826001325,150.0,142.16666666666666,,,,,,,,,,,,,,,,,,0.007201507149147801,0.09690755202124517,0.10929326775173347,0.020733926833296817,0.01077818936513116,0.09729753816950444
84,24,24,0.0,-0.0070470433759813505,216.2742484410604,,,,,,,,,6.427692751089732,0.0,0.9583948457319383,,0.027802316239103675,-0.26628480789562065,0.3316694013774395,0.11427096936192054,0.4507812485098839,0.9292317728201548,0.004112637999545162,0.011787895113229752,0.02845238024989764,0.0024646555373515123,0.002517230371959791,0.006851310026831925,150.0,95.33333333333333,,,,,,,,,,,,,,,,,,0.005021896923911602,0.06256510425979893,0.10937136287490527,0.02114218279408912,0.009677766802875945,0.09010907229960424
86,24,24,0.0,0.0016622163821011782,156.87539275487265,,,,,,,,,6.133041848738988,0.0,0.9557571263876631,,0.28265106429656345,-0.2047208013633887,0.37864310542742413,0.3783531275888284,0.12884114185969034,0.9406250019868215,-0.016875655817178387,0.0016592306395371754,0.009970529625813166,0.002517230371959791,0.0023913688533618014,0.18325434997677803,150.0,148.0,,,,,,,,,,,,,,,,,,0.0033154081708441177,0.03323567703288669,0.10945532346765201,0.021580974959457915,0.014183488053580126,0.08345169943097487
89,28,28,0.0,0.049008894113025496,120.09445926121303,,,,,,,,,10.083567602293831,0.0,0.9528527677851254,,0.18240071247730935,-0.24058567040732928,0.43167901997055325,0.4501016259725605,0.21219308035714285,0.9342912946428571,0.0011468561803797326,0.00685365657721247,0.011563741735049657,0.0023913688533618023,0.0025687050528422203,0.06835776500936065,150.0,120.42857142857143,,,,,,,,,,,,,,,,,,0.008115619591470542,0.09095982142857142,0.10950894973107747,0.02186100637274129,0.017095321356984123,0.07687533778305068
91,24,24,0.0,-0.004808015112454693,95.01582781473796,,,,,,,,,6.6038176616032915,0.0,0.9500596687431546,,0.13547009229660034,-0.2500127429763476,0.4185626258452733,0.4080436018606027,0.2790364548563957,0.9613932321468989,0.00019517019488072643,0.005931751181681951,0.01806368927160899,0.0025687050528422207,0.002422832842029962,0.04774907941464335,150.0,139.66666666666666,,,,,,,,,,,,,,,,,,0.004698155520600267,0.053027343664628766,0.10955521712700526,0.022102516532565158,0.013622121303342283,0.07119569005211031
95,28,28,0.0,-0.002593388090774949,98.8652685029166,,,,,,,,,7.263606284345899,0.0,0.9466791755763319,,0.12339493140046086,-0.2653867421405656,0.38642067994390217,0.3548319621809891,0.266769324030195,0.9195686898061207,-0.0008979824831060666,0.007172740995883942,0.020517928259713308,0.0024228328420299607,0.0023016911999284638,0.059324936142989566,150.0,107.0,,,,,,,,,,,,,,,,,,0.007706080059246493,0.09110639430582523,0.10960040693836552,0.022338402856673514,0.012189688327323114,0.06504901740639402
99,28,28,0.0,-0.00047195453329810074,80.30315814699445,,,,,,,,,6.709090777805874,0.0,0.94325366408646,,0.1585218496620655,-0.21086269191333226,0.3436730940427099,0.25997589634997503,0.19150954910687037,0.9290932587214878,-0.0005170457968363605,0.006772899734122413,0.01694607308932713,0.0023016911999284638,0.0021866066399320403,0.08472724405250379,150.0,115.14285714285714,,,,,,,,,,,,,,,,,,0.007569294643222487,0.09102797860811863,0.10963599916015353,0.022524019237607718,0.01543378849912967,0.05951860967824653
101,24,24,0.0,0.007310035250460108,153.53834342956543,,,,,,,,,8.128494302431742,0.0,0.9402165132768009,,0.14552172056088844,-0.25795065611600876,0.3891860271493594,0.2427130105594794,0.3272460922598839,0.9337239613135656,-0.004982755199307576,0.00518686572710673,0.02200592557589213,0.002186606639932039,0.0020001561964205325,0.09298105677589774,150.0,118.33333333333333,,,,,,,,,,,,,,,,,,0.00912797018342341,0.12473958466822903,0.1096674765770634,0.022688111290335655,0.01087711394454042,0.05512129909521182
103,24,24,0.0,-0.0014438373133695375,78.80731081962585,,,,,,,,,6.243201514085134,0.0,0.9371077558850932,,0.24599025460580984,-0.18987243870894113,0.36276331419746083,0.5296342571576437,0.1494466116031011,0.9244791691501936,-0.012805785498737047,0.0019316903005043666,0.01181010032693545,0.0020001561964205334,0.0019001483865995058,0.19548662193119526,150.0,148.33333333333334,,,,,,,,,,,,,,,,,,0.004046439552136387,0.03951822927532097,0.10970416447768609,0.022879319886366527,0.010668715268063048,0.05104886741086437
105,24,24,0.0,-0.005053449422121048,191.72728729248047,,,,,,,,,7.195554445187251,0.0,0.9339281589507066,,0.17593677962819734,-0.24578523946305117,0.4265488013625145,0.575314324349165,0.3055338536699613,0.9646484404802322,-0.0029670864169020206,0.0064410244425137835,0.018428309510151546,0.0019001483865995065,0.0018051409672695305,0.14453060769786438,150.0,131.16666666666666,,,,,,,,,,,,,,,,,,0.00552334029149885,0.06962890612582366,0.10974341972420613,0.023083858812848728,0.009650178874532381,0.04727731215896514
107,24,24,0.0,0.0006214508709187309,79.33416803677876,,,,,,,,,6.352922797203064,0.0,0.9306785069916069,,0.2196757278094689,-0.22029052302241325,0.3975181815524896,0.3923700427015622,0.11367187152306239,0.9401692698399226,-0.007946210224569464,0.0035437544186909995,0.009886997441450754,0.0018051409672695314,0.0017148839189060538,0.16875004737327495,150.0,160.0,,,,,,,,,,,,,,,,,,0.0019934190107354275,0.014355468738358468,0.10977727454155684,0.02326024090871215,0.01181323267519474,0.043784404206008716
109,24,24,0.0,-0.0035671398509293795,119.86596361796062,,,,,,,,,5.636166354020436,0.0,0.9273596018107891,,0.18293399487932524,-0.1688866689801216,0.2714540089170138,0.25337882339954376,0.1462890605131785,0.9644531259934107,-0.007113693359618385,0.004560792197783788,0.013012847552696863,0.0017148839189060538,0.001629139722960751,0.12968853954225779,150.0,149.66666666666666,,,,,,,,,,,,,,,,,,0.006082172294554766,0.08095703165357311,0.10980653576552868,0.023412630893290043,0.009528407613591602,0.04054955673514581
111,24,24,0.0,-0.0017374271992594004,140.71252584457397,,,,,,,,,6.7625150581200915,0.0,0.9239722622984464,,0.03293454530648887,-0.21847165065507093,0.3175805906454722,0.13727269841668507,0.2966471364100774,0.9602539092302322,0.002151597310633709,0.009355342636505762,0.017611727118492126,0.001629139722960751,0.0017011108871825525,0.012884133107339343,150.0,129.5,,,,,,,,,,,,,,,,,,0.005825584167420554,0.06871744788562258,0.10982476299007733,0.023507542597750824,0.013748777098953724,0.03755370390973956
114,28,28,0.0,-0.014622215148327606,102.1263017654419,,,,,,,,,7.060243478843144,0.0,0.9201560089260151,,0.003680816020018288,-0.20289210762296403,0.25819533318281174,-0.00020621376045580422,0.3448818645306996,0.9385081508329937,0.005456143324928624,0.010298683707203184,0.017898306250572205,0.0017011108871825532,0.0017710764169448611,0.0,150.0,99.57142857142857,,,,,,,,,,,,,,,,,,0.00647526087569921,0.09152838640979358,0.10984955089432853,0.023636497823255404,0.017742664786055684,0.03450407350831441
116,24,24,0.0,-0.011421805364079773,66.24114020665486,,,,,,,,,6.492455720901489,0.0,0.9166274677152743,,0.18151109603544077,-0.2240911324818929,0.4456258254746596,0.5682404016455015,0.2637369781732559,0.973046878973643,-0.002492648593033664,0.004891338447729747,0.014529813081026077,0.0017710764169448616,0.001682522596097618,0.1382628253971537,150.0,153.5,,,,,,,,,,,,,,,,,,0.007284270725601043,0.09635416753978158,0.1098789277796944,0.02378927799873054,0.015788499809180696,0.03195486867278253
118,24,24,0.0,-0.0026270163119382537,68.69806671142578,,,,,,,,,5.891570836305618,0.0,0.9130331401665078,,0.10955270829920967,-0.21289587703843912,0.34023645768562955,0.272571108614405,0.3635416626930237,0.952050785223643,0.00031906368834218785,0.006512872874736786,0.019233960658311844,0.0016825225960976186,0.001598396466292737,0.04924634836303691,150.0,124.5,,,,,,,,,,,,,,,,,,0.006776521739084274,0.08714192733168602,0.1098939801255862,0.023867576227833826,0.01503572907919685,0.029594002332759998
121,28,28,0.0,-0.0021214610231774195,108.69823251451764,,,,,,,,,6.729485026427677,0.0,0.9090789116394153,,0.017686636918889626,-0.2795498381767954,0.3465062731078693,0.02850691058639703,0.3572529937539782,0.943241896373885,0.00414520046407623,0.013158098927565984,0.027946984129292623,0.001598396466292736,0.001738538298283239,0.008797704175646816,150.0,83.71428571428571,,,,,,,,,,,,,,,,,,0.007088786548722835,0.08521792771560806,0.10989163922412055,0.02385537658951112,0.013065422120104943,0.02724007715449051
124,24,24,0.0,-0.0028977642262664935,110.70981280008952,,,,,,,,,5.432614694039027,0.0,0.9051154965287406,,0.08323302182058494,-0.21680522647996744,0.32223470509052277,0.2580298651009798,0.3941367119550705,0.9058437570929527,0.0003319852706529976,0.007082082952062289,0.023402534425258636,0.0017385382982832386,0.001651611383369077,0.053247244485343494,150.0,113.0,,,,,,,,,,,,,,,,,,0.00515136266767513,0.06313411542214453,0.10989835485816002,0.023890182375907898,0.010354363359510899,0.02510681755424786
127,24,24,0.0,-0.0026288627608058355,198.48692576090494,,,,,,,,,6.289336582024892,0.0,0.9010810215510535,,0.226361949617664,-0.19735251429180303,0.29295606166124344,0.21822141172985235,0.2509765550494194,0.9332890684405962,-0.004886138582757364,0.0022316755106051764,0.008141415814558664,0.001651611383369077,0.001569030814200623,0.16383994308610758,150.0,139.66666666666666,,,,,,,,,,,,,,,,,,0.0046147377021649545,0.05594140694787105,0.10990849634011586,0.023943087396522362,0.01042251211280624,0.02314062049557652
129,24,24,0.0,-0.0008134057279676199,89.61504522959392,,,,,,,,,5.433798333009084,0.0,0.8972199619765912,,0.23229710509379706,-0.1964873286585013,0.2896506165464719,0.15523330525805554,0.14837239434321722,0.9359375014901161,-0.01111852164225032,0.0023582857102155685,0.01125388965010643,0.0015690308142006228,0.0014905792734905918,0.200809213022391,150.0,153.66666666666666,,,,,,,,,,,,,,,,,,0.003566583647625521,0.03831380206005027,0.10992728701482217,0.024041004634151857,0.011063455138355494,0.021430962021474428
132,28,28,0.0,0.013990429196772831,60.479776995522634,,,,,,,,,6.988123859677996,0.0,0.8928913857593402,,0.0,-0.21154130037341798,0.251892979655947,-0.0025997867258930846,0.4458061435392925,0.9303421229124069,0.005805477649638695,0.014057269585984094,0.028367977057184492,0.0014905792734905908,0.001618930211249559,0.0,150.0,79.0,,,,,,,,,,,,,,,,,,0.005797622211892823,0.06816620931827597,0.10992649889418057,0.024036821709679707,0.016028489751209105,0.019691663575387947
134,24,24,0.0,-0.006230739818420261,107.77550427118938,,,,,,,,,5.739513258139293,0.0,0.8889031839100797,,0.16699479861805835,-0.2276309753457705,0.39196579655011493,0.26610286347568035,0.45169270783662796,0.9640299479166666,-0.000664717943436699,0.005463360498348872,0.02223106473684311,0.0016189302112495595,0.001537983700687081,0.12348693609237671,150.0,118.66666666666667,,,,,,,,,,,,,,,,,,0.007765188599781443,0.09970703193296988,0.10994534101337194,0.024134677601978183,0.018857313902117312,0.018236818425178377
137,28,28,0.0,-0.06161444640851447,98.77468650681632,,,,,,,,,9.114547269684929,0.0,0.8845756545212664,,0.08731364864589912,-0.31149005836674143,0.4398454635271004,0.30503739789128304,0.32933407596179415,0.887183781181063,0.0035934364498513916,0.011977473539965493,0.025057029511247362,0.001537983700687082,0.0016889008188427817,0.07377422760639872,150.0,90.14285714285714,,,,,,,,,,,,,,,,,,0.006182856475269156,0.09082031356436866,0.1099676423306976,0.024250743045870746,0.015338551419387971,0.01680057222850528
139,24,24,0.0,-0.002517935742313663,84.1238865852356,,,,,,,,,6.428245395421982,0.0,0.8804666128521057,,0.03710587594347695,-0.2813054410119851,0.36416276047627133,0.09128230965385835,0.4339192683498065,0.9248372415701548,0.0027222853435281045,0.010423591981331507,0.028168044984340668,0.001688900818842781,0.0017214423893289602,0.006568349393395086,150.0,98.33333333333333,,,,,,,,,,,,,,,,,,0.006250886751028399,0.07994791686845322,0.10997344367206097,0.024280953453853726,0.014552372158505023,0.015559324584099235
141,24,24,0.0,-0.005714568464706342,73.93694043159485,,,,,,,,,6.457170496384303,0.0,0.8763007069947691,,0.06147782364860177,-0.20855762188633284,0.27405588887631893,0.0992906210012734,0.5445638050635656,0.9725585952401161,0.001979888756371414,0.012514886756738028,0.028388993193705876,0.0017214423893289609,0.001732460640866487,0.011695925029926002,150.0,95.66666666666667,,,,,,,,,,,,,,,,,,0.006705757909609626,0.07949218763193737,0.10999976626286904,0.024417831872900326,0.016002635859573882,0.014409781894369035
143,24,24,0.0,-0.010844252654351294,63.3246955871582,,,,,,,,,6.452993770440419,0.0,0.8720789648241927,,0.0,-0.2580375379572312,0.29569748044013977,-0.002361489590839483,0.49622395634651184,0.9566080768903097,0.00706048773524041,0.016228958343466122,0.02769600103298823,0.0017324606408664874,0.0018602821569023101,0.0,150.0,94.83333333333333,,,,,,,,,,,,,,,,,,0.00971159698383417,0.10638020932674408,0.11001379042863846,0.02449068093361954,0.019966658825675648,0.013345168880626373
145,24,24,0.0,-0.007060127177586158,57.16480827331543,,,,,,,,,7.2559718290964765,0.0,0.8678024279920842,,0.0,-0.20951703314979872,0.2374239390095075,-0.002842608819870899,0.5898762991031011,0.967740885913372,0.008457723966178795,0.017370011036594708,0.037211883813142776,0.001860282156902309,0.0020046891879786127,0.0,150.0,78.66666666666667,,,,,,,,,,,,,,,,,,0.012678926160636669,0.15260416766007742,0.11002178924779098,0.02453219541348517,0.021748004015535116,0.012359210830389654
147,18,24,0.0,-0.011047230826483833,92.33086564805772,,,,,,,,,7.684695137871636,0.0,0.863472151669916,,0.02242807128156225,-0.28266306552622056,0.35903609295686084,0.045884379929500736,0.5235677063465118,0.9490885436534882,0.003255346673540771,0.01107445690366957,0.027252483699056838,0.002004689187978613,0.002070022391940084,0.0,150.0,100.83333333333333,,,,,,,,,,,,,,,,,,0.016964802363266546,0.11901041741172473,0.1100451039771239,0.024653285431365173,0.024513867994149525,0.011446096614916072
149,24,24,0.0,-0.008981691285346946,61.735922972361244,,,,,,,,,8.52999879916509,0.0,0.8590892042885763,,0.07993187832956512,-0.2631574360032876,0.3652792138357957,0.18234437455733618,0.4007812465230624,0.9515950530767441,0.0008972112491392181,0.008051831896106402,0.02048651874065399,0.0020700223919400827,0.0019665212723430797,0.03149298923866203,150.0,124.83333333333333,,,,,,,,,,,,,,,,,,0.016689030550575506,0.1803385422875484,0.11005953264733155,0.024728188368802268,0.027814005812009174,0.010600444439045368
152,14,28,0.0,0.016669207784746374,124.14952904837472,,,,,,,,,9.914584858076912,0.0,0.8543045282749465,,0.037112991724695475,-0.319643035531044,0.4204892941883632,0.16966573784260877,0.35236672844205585,0.8777409408773694,0.003354264373358871,0.012437819370201655,0.024648453508104597,0.00196652127234308,0.0021331122816102424,0.010293205468250173,150.0,94.71428571428571,,,,,,,,,,,,,,,,,,0.025073485981140817,0.14545036852359772,0.11007897875138692,0.02482900209724903,0.023498149854796275,0.009999999999999998
154,24,24,0.0,-0.005176828980135421,53.743081410725914,,,,,,,,,6.57008924583594,0.0,0.8498155799583543,,0.16724156122654676,-0.2060856862614552,0.34808406109611195,0.3893434020380179,0.2691080719232559,0.9638997415701548,-0.002039708420246219,0.005872424691915512,0.015954906741778057,0.002133112281610242,0.00202645666752973,0.11746647022664547,150.0,133.16666666666666,,,,,,,,,,,,,,,,,,0.009725793832330965,0.1174153657630086,0.11007888149470091,0.024828468216583133,0.018734291894361377,0.010000000000000004
156,24,24,0.0,-0.007156896598947545,45.16768797238668,,,,,,,,,7.190887888272603,0.0,0.8452773301373128,,0.10971197749798496,-0.23728304480512938,0.31164033773044747,0.19820821098983288,0.3597981780767441,0.9405598988135656,-0.000710228781827027,0.01059552344183127,0.017472540338834126,0.0020264566675297292,0.0019251338341532435,0.06167201278731227,150.0,120.33333333333333,,,,,,,,,,,,,,,,,,0.009135263098869473,0.10927734399835269,0.11006999108940363,0.02478244590262572,0.022461627377197146,0.010000000000000004
158,24,24,0.0,-0.006100652506574988,150.58232975006104,,,,,,,,,7.888672490914662,0.0,0.8406908985570566,,0.07978981298704942,-0.35371064643065137,0.4752125342686971,0.4914645906537771,0.4662434880932172,0.938932292163372,0.00039045303136238846,0.010436482727527618,0.03040088216463725,0.0019251338341532427,0.0019151533306199758,0.05264970221711943,150.0,97.66666666666667,,,,,,,,,,,,,,,,,,0.009493184431145588,0.11923828162252903,0.11006190224240224,0.024740633321925998,0.0168937377166003,0.010000000000000004
160,12,24,0.0,0.0020804180142780146,137.4567584991455,,,,,,,,,6.846743563810985,0.0,0.8360574168509505,,0.027342313590149086,-0.22944201529026031,0.32271425426006317,0.04443735351863628,0.30976562201976776,0.9262369771798452,0.0025327829256032905,0.007621094584465027,0.01633894940217336,0.0019151533306199754,0.0019446275452862114,0.0,150.0,117.5,,,,,,,,,,,,,,,,,,0.021609208750305697,0.19069010391831398,0.11005483133097489,0.02470391569659114,0.022737444533656042,0.009999999999999998
162,24,24,0.0,0.0030063993375127516,94.36986414591472,,,,,,,,,6.53620308637619,0.0,0.8313780282612733,,0.08459557554063697,-0.27590949026246864,0.37111253167192143,0.28899177039663,0.3571614548563957,0.9293619816501936,0.0004945813819479857,0.011544964586695036,0.027496151626110077,0.0019446275452862111,0.00181567162857327,0.05000191263388842,150.0,101.83333333333333,,,,,,,,,,,,,,,,,,0.015448255328616748,0.19586588504413763,0.11006647162139416,0.024764422482500475,0.022955889891212184,0.010000000000000004
164,24,24,0.0,-0.0026526825095061213,66.35287348429362,,,,,,,,,5.379855295022328,0.0,0.8266538873571405,,0.04053374236294379,-0.265254561478893,0.31717323636015254,0.10568703116344598,0.5463541646798452,0.9704427098234495,0.0033845149519038387,0.016549836844205856,0.0350626694659392,0.0018156716285732696,0.0017541739733148449,0.009891257892983655,150.0,83.66666666666667,,,,,,,,,,,,,,,,,,0.0065593722053260235,0.08177083389212687,0.11005994149794181,0.024730534059926867,0.014991862699389458,0.010000000000000004
166,24,24,0.0,-0.00707544448475043,127.78577899932861,,,,,,,,,6.052537937959035,0.0,0.8218861597496314,,0.0,-0.2560468620310227,0.30503393337130547,-0.0026396470493637025,0.5041015644868215,0.9545247405767441,0.004801677248906344,0.01445959322154522,0.0319252572953701,0.0017541739733148438,0.0018870033881823838,0.0,150.0,88.66666666666667,,,,,,,,,,,,,,,,,,0.008107561870322874,0.09716796937088172,0.11006772952775161,0.024770941119641066,0.017345009294028085,0.010000000000000004
168,24,24,0.0,-0.007193469442427158,89.97045977910359,,,,,,,,,6.9214228590329485,0.0,0.8170760218041918,,0.009505943899663786,-0.21833603953321776,0.2609998192638159,0.011996681346014762,0.46643880009651184,0.9590169290701548,0.0051726048210791005,0.015798026074965794,0.03036329026023547,0.0018870033881823848,0.002010732524963686,0.0,150.0,90.0,,,,,,,,,,,,,,,,,,0.0069925293695026385,0.08912760438397527,0.1100800900409619,0.02483515829468767,0.014558039217566451,0.010000000000000004
170,24,24,0.0,-0.008162311433504025,85.08848031361897,,,,,,,,,5.585589384039243,0.0,0.8122246603503843,,0.09230453815932076,-0.2429139477511247,0.3486054912209511,0.21573915953437486,0.38968099157015484,0.9677083368102709,0.0007949440884355378,0.008768400177359581,0.02238411207993825,0.0020107325249636853,0.0020088784968255004,0.04223118396475911,150.0,106.0,,,,,,,,,,,,,,,,,,0.007569891963309298,0.09733072916666667,0.11010175415625174,0.024947750149294734,0.016092145582661033,0.010000000000000004
172,24,24,0.0,-0.003113302014147242,50.59930531183878,,,,,,,,,6.674005339543025,0.0,0.8073332723890548,,0.0,-0.2779243675371011,0.3333909983436267,-0.00280907767591998,0.5076822911699613,0.9475260426600774,0.006064982735551894,0.013155106455087662,0.02875126029054324,0.002008878496825501,0.002172215841485125,0.0,150.0,96.5,,,,,,,,,,,,,,,,,,0.006869670842813018,0.08333333333333333,0.11011996710052092,0.02504235055918495,0.017100785121632118,0.010000000000000004
174,24,24,0.0,-0.006188979488797486,74.00125010808308,,,,,,,,,5.451232711474101,0.0,0.802403064796991,,0.015499657252803445,-0.30565533352394897,0.36904243628184,0.04374605607396612,0.5102864603201548,0.9680013060569763,0.004610799776855856,0.012584865093231201,0.03029167155424754,0.0021722158414851245,0.0022061614604348793,0.0,150.0,93.83333333333333,,,,,,,,,,,,,,,,,,0.006656158608772482,0.08854166744276881,0.11010789964348078,0.024979670920098822,0.019942230467374127,0.010000000000000004
176,24,24,0.0,-0.007537769270129502,41.9902552763621,,,,,,,,,6.24873889485995,0.0,0.7974352540291458,,0.0,-0.272463779275616,0.3057379486660163,-0.0027020454387335726,0.5647135376930237,0.958040364086628,0.007048129686154425,0.017768949270248413,0.03634615118304888,0.0022061614604348806,0.002367060020144,0.0,150.0,80.66666666666667,,,,,,,,,,,,,,,,,,0.008373397378212152,0.08997395867481828,0.11009999023129542,0.024938643754770357,0.01925265424263974,0.010000000000000004
178,24,24,0.0,-0.009712426418748995,43.129871686299644,,,,,,,,,5.255993316570918,0.0,0.7924310658184893,,0.0,-0.21189343743026257,0.24981982943912348,-0.002766226364959342,0.5015625009934107,0.9717122440536817,0.005610227681851636,0.016971970597902935,0.03147261589765549,0.0023670600201440013,0.002506275126615117,0.0,150.0,86.83333333333333,,,,,,,,,,,,,,,,,,0.007675278718428065,0.09567057310293119,0.1100833872333169,0.024852462656175096,0.018043406462917726,0.010000000000000004
180,24,24,0.0,-0.00498721453671654,50.47357940673828,,,,,,,,,6.393394023180008,0.0,0.7873917348735837,,0.0022815304497877755,-0.33035021151105565,0.3842076398432255,0.033920186455361545,0.48798828075329465,0.9282226587335268,0.006181334960274398,0.01626717858016491,0.03271610538164774,0.002506275126615117,0.0026181421154105934,0.0022815304497877755,150.0,89.5,,,,,,,,,,,,,,,,,,0.009139120173737561,0.11507161442811291,0.11008332452426355,0.024852134753018618,0.019045177614316344,0.010000000000000004
182,24,24,0.0,-0.00987263893087705,41.35065086682638,,,,,,,,,7.153536796569824,0.0,0.782318504573935,,0.0,-0.23958626513679823,0.2664302848279476,-0.002472905946585039,0.5315104151765505,0.9683593759934107,0.007480829313863069,0.01869798389573892,0.03364142527182897,0.0026181421154105942,0.0027452310685971005,0.0,150.0,82.0,,,,,,,,,,,,,,,,,,0.01804500224534422,0.16552734452610215,0.11007449279228847,0.024806279921904206,0.02781663315060238,0.010000000000000004
184,24,24,0.0,-0.008273780501137177,53.67578482627869,,,,,,,,,6.1031810740629835,0.0,0.777212626663207,,0.04258052888326347,-0.2844067731251319,0.356159017731746,0.11395583239694436,0.4112955729166667,0.9432942743102709,0.0031768288026796654,0.01231095256904761,0.027938681344191234,0.0027452310685971005,0.0026940121916365256,0.0,150.0,98.0,,,,,,,,,,,,,,,,,,0.013622799626318738,0.18232421887417635,0.11006807225445907,0.024772899380574625,0.023779604273537796,0.010000000000000004
187,21,28,0.0,-0.008096477992477872,76.03886804126557,,,,,,,,,8.798572267804827,0.0,0.7716995750713738,,0.010218576439434574,-0.29880476281756446,0.35131722546759103,-0.0014557765320032125,0.4953290337607974,0.927848049572536,0.006044461946224882,0.01627519442921593,0.03451562495458694,0.002694012191636527,0.0028103103104375558,0.0,150.0,73.85714285714286,,,,,,,,,,,,,,,,,,0.019318386091895047,0.10302992732751937,0.11004669361171268,0.0246617082683813,0.027393367851064318,0.010000000000000002
189,24,24,0.0,0.005301889585098252,72.6041186650594,,,,,,,,,7.243413309256236,0.0,0.7665300425953111,,0.11388278426602483,-0.2719027480731408,0.396710105240345,0.36013835792740184,0.3675130208333333,0.9259114588300387,0.0009773719074625358,0.008220123127102852,0.02332596480846405,0.0028103103104375553,0.0024069660904963643,0.027014680167970557,150.0,111.66666666666667,,,,,,,,,,,,,,,,,,0.016378598840674385,0.161621094836543,0.11004068019489448,0.02463038234661023,0.025149606478710968,0.010000000000000004
191,24,24,0.0,-0.004742697735006611,49.04237484931946,,,,,,,,,6.226038108269374,0.0,0.7613317580749145,,0.12402644256750743,-0.25363647130628425,0.3661036789417267,0.23528265580534935,0.4209635406732559,0.9583007842302322,0.00014923306268125694,0.007858513544003168,0.02534651259581248,0.0024069660904963643,0.002286617785971546,0.04983718111179769,150.0,104.83333333333333,,,,,,,,,,,,,,,,,,0.018763080957190443,0.15865885466337204,0.11003692075610161,0.024610795623933274,0.027148038769761722,0.010000000000000004
193,24,24,0.0,-0.010535293297531704,53.07848858833313,,,,,,,,,6.2470088104406996,0.0,0.7561060041091053,,0.0,-0.32073425377408665,0.3449736001590888,-0.00236596831625017,0.5837239573399226,0.9421549489100774,0.009214577672537416,0.023249022662639618,0.03928759197394053,0.0022866177859715447,0.0024244955479766467,0.0,150.0,74.83333333333333,,,,,,,,,,,,,,,,,,0.007113577376003377,0.07799479167442769,0.11002324738850196,0.024539639785264928,0.02855086768977344,0.010000000000000004
195,24,24,0.0,-0.006993665437524517,70.66681830088298,,,,,,,,,6.366995374361674,0.0,0.7508540700744812,,0.027664368351300556,-0.33328982815146446,0.40177634358406067,0.09895584330661222,0.5151692728201548,0.9420572941501936,0.004036331850026424,0.01330034869412581,0.0338772584994634,0.0024244955479766476,0.002500930306607802,0.0017356816679239273,150.0,88.83333333333333,,,,,,,,,,,,,,,,,,0.016893717322091106,0.18203125024835268,0.10998319213589032,0.024331425549462438,0.02984969279107948,0.010000000000000004
197,24,24,0.0,-0.003987456245037417,89.90724277496338,,,,,,,,,6.246142278114955,0.0,0.7455772518071769,,0.029014100243027013,-0.21868033024171987,0.26752719034751254,0.04321969218775242,0.48050130407015484,0.9729817733168602,0.003911136484627302,0.012323865046103796,0.030437377591927845,0.0025009303066078005,0.0025112739223460342,0.0,150.0,91.33333333333333,,,,,,,,,,,,,,,,,,0.009896036906866357,0.11458333395421505,0.1099591925740242,0.02420657322121163,0.023025183007121086,0.010000000000000004
199,24,24,0.0,-0.012601238015728692,53.457878828048706,,,,,,,,,6.064224809408188,0.0,0.7402768512831429,,0.0,-0.3005425160129865,0.3391427931686242,-0.0023011874242608124,0.5250325525800387,0.9288411463300387,0.0075685500632971525,0.016760443647702534,0.03395626445611318,0.0025112739223460342,0.002657890967434091,0.0,150.0,86.16666666666667,,,,,,,,,,,,,,,,,,0.009520149091258645,0.11477864595750968,0.1099042696878314,0.023920840428521235,0.029774766725798447,0.010000000000000004
201,24,24,0.0,-0.010171418015185433,64.13545242945354,,,,,,,,,6.495427072048187,0.0,0.7349541762968966,,0.06821306860850503,-0.31451258063316345,0.3944935475786527,0.1543879092981418,0.4833984375,0.9534830749034882,0.0022627739526797086,0.011110361044605574,0.03295580794413885,0.0026578909674340925,0.002678463592982515,0.006899579272915919,150.0,91.16666666666667,,,,,,,,,,,,,,,,,,0.015317904374872645,0.13271484399835268,0.10984739723304908,0.02362491050735116,0.03387879285340508,0.010000000000000004
203,24,24,0.0,-0.012181134545244277,57.965661923090614,,,,,,,,,6.725308259328206,0.0,0.7296105401388452,,0.06915526685770601,-0.25976645573973656,0.33482425287365913,0.14799796106914678,0.5689453110098839,0.9655598973234495,0.002503082706728795,0.013388104115923246,0.032317218681176506,0.002678463592982516,0.002642317927140845,0.007533256391373773,150.0,89.0,,,,,,,,,,,,,,,,,,0.015711412153905258,0.16136067733168602,0.10982672652850549,0.023517349346851308,0.03088559986402591,0.010000000000000004
205,24,24,0.0,-0.008048790701044103,39.49595642089844,,,,,,,,,6.583305329084396,0.0,0.7242472612712532,,0.027361043612472713,-0.2667396316925685,0.3061537394920985,0.037600666410677754,0.5917643209298452,0.95166015625,0.005367705021247578,0.02092924403647582,0.03649021312594414,0.002642317927140843,0.002743613516635115,0.0,150.0,77.83333333333333,,,,,,,,,,,,,,,,,,0.01895218014639492,0.13147786539047956,0.10983165136228006,0.023543076667313773,0.028874416447555024,0.010000000000000004
207,24,24,0.0,-0.010516490088775754,39.120776414871216,,,,,,,,,7.535596092542012,0.0,0.7188656630029278,,0.0,-0.296804732332627,0.32592055201530457,-0.002530986021156423,0.5562174469232559,0.9508463566501936,0.00836863910080865,0.020722996443510056,0.03537320593992869,0.002743613516635115,0.00289603645754473,0.0,150.0,79.83333333333333,,,,,,,,,,,,,,,,,,0.02336598690211152,0.1835937506208817,0.10981803356359403,0.023472219860802095,0.03400085105871161,0.010000000000000004
209,24,24,0.0,-0.008340277010574937,50.302328983942665,,,,,,,,,8.30682729681333,0.0,0.7134670731627147,,0.05227418034337461,-0.20040680343906084,0.2524070932219426,0.04279072092322167,0.4740559880932172,0.9553385426600774,0.0032948529017933956,0.011448238044977188,0.026717260479927063,0.0028960364575447294,0.0029763468838268025,0.009473129408434033,150.0,100.16666666666667,,,,,,,,,,,,,,,,,,0.020434351967802893,0.18968098983168602,0.10977185827990373,0.023231826334570844,0.0395551446514825,0.010000000000000004
211,24,24,0.0,-0.012636331065247456,56.28060754140218,,,,,,,,,7.043617556492488,0.0,0.7080528237718778,,0.014824213809333742,-0.2481788465132316,0.28580351546406746,0.022016368864569813,0.5130208308498064,0.9568359404802322,0.0052581637088830275,0.015124883502721786,0.0337971697251002,0.0029763468838268025,0.0030471268649512615,0.0,150.0,86.16666666666667,,,,,,,,,,,,,,,,,,0.021110637734333675,0.1929036465783914,0.10975169545660417,0.023126854638879497,0.040117855494221054,0.010000000000000004
213,24,24,0.0,-0.007329845102503896,35.7691855430603,,,,,,,,,7.694452673196793,0.0,0.702624250715438,,0.060746333406617246,-0.23884554269413152,0.30817558616399765,0.09940328324834506,0.5217447876930237,0.9568033864100774,0.003214556258171797,0.010591094071666399,0.030437567581733067,0.003047126864951261,0.0030315572661161207,0.0,150.0,93.16666666666667,,,,,,,,,,,,,,,,,,0.024767893468379043,0.18964843886593977,0.10974020666132371,0.02306710563910504,0.04280982818454504,0.010000000000000004
215,18,24,0.0,-0.0010440247133374214,77.6190480126275,,,,,,,,,7.799358659320408,0.0,0.6971826934125681,,0.16260816819137996,-0.31172634578413433,0.4858611871798833,0.5772824370198779,0.46510416600439286,0.9595052103201548,-0.0014144595669576018,0.007214430305692885,0.024013575580384996,0.00303155726611612,0.0030613623903514063,0.0912701611717542,150.0,110.5,,,,,,,,,,,,,,,,,,0.026688826425621908,0.19266493204567167,0.10972449224856165,0.02298530987981293,0.03292984370556143,0.010000000000000002
217,24,24,0.0,-0.009318407605557391,57.64580694834391,,,,,,,,,5.9153841237227125,0.0,0.6917294944861078,,0.08448907608787219,-0.26969733523825806,0.365143284201622,0.21469351773460707,0.4416341135899226,0.9509114573399226,0.0017842242353556987,0.00972228745619456,0.024380081643660862,0.0030613623903514068,0.002995898686403375,0.016657253067630034,150.0,107.0,,,,,,,,,,,,,,,,,,0.014123571430294154,0.12981770870586237,0.10970501167078812,0.022883845182756584,0.039292053785175085,0.010000000000000004
219,24,24,0.0,0.00012838615414996943,68.55777295430501,,,,,,,,,7.850478708744049,0.0,0.6862659994312955,,0.009416653503042957,-0.20416699287792048,0.2467244789004326,0.01469756337852838,0.4653645803531011,0.959016926586628,0.005319959794481595,0.013673719639579454,0.024883848925431568,0.002995898686403375,0.0030967028131716015,0.0,150.0,101.16666666666667,,,,,,,,,,,,,,,,,,0.016330098277345922,0.17438151066501936,0.10966388570765655,0.02266944060102105,0.03863792742292086,0.010000000000000004
221,24,24,0.0,-0.009082093291605512,62.68684164683024,,,,,,,,,7.609699716170629,0.0,0.6807935562837831,,0.0030411791134004793,-0.20993818528950214,0.26256748971839744,0.0004945992744372537,0.4484700486063957,0.9469726557532946,0.00472205801634118,0.012206412851810455,0.021050342669089634,0.0030967028131716015,0.0032005461485587862,0.0,150.0,105.66666666666667,,,,,,,,,,,,,,,,,,0.01261114024479563,0.1466145838300387,0.10964932416876157,0.022593375373010833,0.03676699846982956,0.010000000000000004
223,24,24,0.0,-0.0005205154496555527,51.96554938952128,,,,,,,,,8.250420580307642,0.0,0.6753135152870317,,0.0,-0.21915381960570812,0.26252693062027294,-0.0019202869443688542,0.5163411423563957,0.9589518283804258,0.005925859014193217,0.014023386562863985,0.026873537649710972,0.0032005461485587875,0.0032738655194117098,0.0,150.0,95.16666666666667,,,,,,,,,,,,,,,,,,0.023634456088378403,0.19514974051465592,0.10961485685159762,0.02241347753442824,0.03700571662435929,0.010000000000000004
225,24,24,0.0,-0.005386599184324344,92.87527179718018,,,,,,,,,7.4890547295411425,0.0,0.6698272285591571,,0.0322067504360651,-0.20829684908191362,0.2500516790896654,0.047975164372473955,0.5012695292631785,0.9714843754967054,0.003000758336080859,0.014220143357912699,0.03229495882987976,0.0032738655194117093,0.0033511156628340524,0.016748039439941447,150.0,86.16666666666667,,,,,,,,,,,,,,,,,,0.021315415023612633,0.2197591153283914,0.1096175005659461,0.022427135069544118,0.03685688258459171,0.010000000000000004
227,24,24,0.0,-0.0009519051527604461,46.91221698125204,,,,,,,,,8.749501635630926,0.0,0.664336049759317,,0.0039034741930663586,-0.2642403847227494,0.30350475509961444,-0.00018257404493245608,0.5897460927565893,0.9668294290701548,0.005736418126616627,0.01694127420584361,0.03318600977460543,0.003351115662834053,0.003393840563458226,0.0,150.0,85.0,,,,,,,,,,,,,,,,,,0.021342444883581873,0.213248698040843,0.10963081537435453,0.02249655034393072,0.040426430913309254,0.010000000000000004
229,24,24,0.0,-0.00789077568333596,32.08507251739502,,,,,,,,,6.943785180648168,0.0,0.6588413337537135,,0.0,-0.24248575357099375,0.2552911800642808,-0.0024485860485583544,0.56103515625,0.9448567728201548,0.012394923173512021,0.02540313017865022,0.04054199531674385,0.003393840563458225,0.0035822580251766004,0.0,150.0,70.16666666666667,,,,,,,,,,,,,,,,,,0.014941990113584325,0.16110026091337204,0.10961732392509778,0.02242632955312729,0.033448433658728995,0.010000000000000004
231,24,24,0.0,-0.010914878686890006,44.96315995852152,,,,,,,,,6.025967637697856,0.0,0.6533444362813019,,0.049552694971983634,-0.2254655702660481,0.27228963126738864,0.07179529219865799,0.5341145793596903,0.9628906299670538,0.004597779256679739,0.016284960011641186,0.03516265129049619,0.0035822580251766013,0.003484106238031995,0.0,150.0,82.0,,,,,,,,,,,,,,,,,,0.016826944842857,0.1640950528283914,0.109612666691343,0.022402147063985467,0.04412043187767267,0.010000000000000004
233,18,24,0.0,-0.0011833175602886411,35.27579148610433,,,,,,,,,7.024463415145874,0.0,0.6478467136192823,,0.0,-0.24629490739769405,0.2565811582737499,-0.0021787266143494183,0.5992187526490953,0.9388020833333334,0.014294303022325039,0.026875675552421145,0.04155584176381429,0.003484106238031996,0.003672711540797403,0.0,150.0,67.83333333333333,,,,,,,,,,,,,,,,,,0.020765667975259323,0.15151909697386953,0.1096156169142988,0.02241749657938878,0.0386177905731731,0.010000000000000002
235,18,24,0.0,-0.007305303743729989,43.700706481933594,,,,,,,,,7.274219142066108,0.0,0.642349522248456,,0.048763185636036925,-0.20937825656599468,0.24966319898764291,0.05933952828248342,0.5420572890175713,0.9423177109824287,0.004971290899751087,0.014471584724055396,0.032244616084628634,0.003672711540797403,0.003776172272973782,0.0,150.0,86.5,,,,,,,,,,,,,,,,,,0.0235039085511946,0.2197916673289405,0.10960457515385416,0.022359851230349805,0.04575748472577996,0.010000000000000002
237,12,24,0.0,0.021538928616791964,62.67569319407145,,,,,,,,,10.143393675486246,0.0,0.636854218518539,,0.12229677724341552,-0.2556338260571162,0.347384437918663,0.2942829852302869,0.525390625,0.9526041646798452,0.0011820234881270153,0.009611123551925024,0.027285305162270863,0.0037761722729737833,0.003590859837502428,0.033679156797006726,150.0,100.5,,,,,,,,,,,,,,,,,,0.036092963632351406,0.20572916759798923,0.10958350760241349,0.02224988505865137,0.04241518645236889,0.009999999999999998
239,12,24,0.0,0.01608453202061355,60.86378256479899,,,,,,,,,7.370754679044087,0.0,0.6313621583134982,,0.0670815350798269,-0.2397519995768865,0.31084208687146503,0.15541343639294306,0.43567708134651184,0.9428385446468989,0.0029468482631879547,0.009018328040838242,0.023702800273895264,0.0035908598375024286,0.0035967903129609617,0.028390904966120917,150.0,105.0,,,,,,,,,,,,,,,,,,0.029996828893975664,0.16119791691501936,0.10958517963687579,0.022258563277622063,0.04817786564429601,0.009999999999999998
241,24,24,0.0,-0.009608628305916985,35.91924476623535,,,,,,,,,6.539914439121882,0.0,0.6258746967170089,,0.1678063434859117,-0.19413394605120024,0.2836676674584548,0.2520691292981307,0.22975260019302368,0.9459309925635656,-0.00117050280444649,0.006459932153423627,0.0141847791771094,0.003596790312960964,0.0034169507973129134,0.090788000728935,150.0,139.83333333333334,,,,,,,,,,,,,,,,,,0.007698856255350013,0.08033854172875483,0.10960305264840524,0.022351825920244057,0.051107422759135566,0.010000000000000004
243,24,24,0.0,-0.013565020092452565,54.26701728502909,,,,,,,,,6.178641527891159,0.0,0.6203931876781108,,0.08671653488030036,-0.28722656269868213,0.3713747610648473,0.16662263994415602,0.46474609275658924,0.9423177118102709,0.0019979182761744596,0.00962384045124054,0.029508857677380245,0.0034169507973129125,0.0033634772030985307,0.006738299115871389,150.0,97.16666666666667,,,,,,,,,,,,,,,,,,0.014928675571961017,0.13059895858168602,0.10962456030150254,0.022464116802439094,0.049246458957592644,0.010000000000000004
245,6,24,0.0,0.03457300985852877,82.28414154052734,,,,,,,,,10.727982123692831,0.0,0.6149189836771357,,0.1013629138469696,-0.2999811718861262,0.3909514347712199,0.24785149097442627,0.43958333134651184,0.9523437519868215,0.001865464000729844,0.011703794201215109,0.02801700433095296,0.0033634772030985307,0.003239844393441556,0.015363096725195646,150.0,103.66666666666667,,,,,,,,,,,,,,,,,,0.03144583280663937,0.13723958283662796,0.10961346824963887,0.022406219504773617,0.05271621483067671,0.01
247,24,24,0.0,-0.005111329800759752,68.86956977844238,,,,,,,,,7.921588917573293,0.0,0.6094534353920106,,0.058779824913168945,-0.2797190994024277,0.3649020195007324,0.20838784674803415,0.46803385267655057,0.9430013050635656,0.0030586071904205405,0.011133044958114624,0.028619440893332165,0.0032398443934415575,0.003232226104238507,0.004727752995677292,150.0,97.5,,,,,,,,,,,,,,,,,,0.021961947563492384,0.2095052090783914,0.10961100179702044,0.02239339721078674,0.04646580185120305,0.010000000000000004
249,24,24,0.0,-0.0057754060059475405,50.354643980662026,,,,,,,,,7.657760302225749,0.0,0.6039978913649907,,0.06092391877124707,-0.24900983087718487,0.3088419785102208,0.10152848747869332,0.4815104156732559,0.9358723983168602,0.0030649060111803315,0.0145848219593366,0.026494520405928295,0.0032322261042385067,0.003155818208972822,0.0,150.0,102.5,,,,,,,,,,,,,,,,,,0.026188169412004452,0.17734375037252903,0.10961977392435074,0.022439293175314862,0.042847960721701384,0.010000000000000004
251,24,24,0.0,-0.007892310774574677,48.49734020233154,,,,,,,,,7.773128579060237,0.0,0.5985536976699332,,0.0,-0.20534616336226463,0.2569615462174018,-0.0020627325429813936,0.44674478967984516,0.9539388045668602,0.005704104667529464,0.011367008090019226,0.025224893043438595,0.003155818208972821,0.0032505737497951965,0.0,150.0,103.66666666666667,,,,,,,,,,,,,,,,,,0.02317229226658431,0.1958658853545785,0.10963747029503186,0.022531660506501794,0.04599440951521198,0.010000000000000004
253,24,24,0.0,-0.00798475940246135,47.687757094701134,,,,,,,,,7.1099527676900225,0.0,0.5931221975801667,,0.0,-0.2434987723827362,0.2874120157212019,-0.0019152188033331186,0.4667317693432172,0.9164388030767441,0.007297096288918207,0.013881806284189224,0.02739384522040685,0.003250573749795196,0.0033237704804635823,0.0,150.0,96.0,,,,,,,,,,,,,,,,,,0.012300033927507078,0.14368489648525914,0.10961165310194095,0.022396937633554142,0.04386503497759501,0.010000000000000004
255,18,24,0.0,0.004234936760945452,49.501496103074814,,,,,,,,,7.582960499657525,0.0,0.5877047312370676,,0.037564434887220464,-0.26035335328843856,0.3321951213810179,0.11714356299489737,0.489583326710595,0.9634114603201548,0.004049633681360219,0.011120941903856065,0.0249877091911104,0.0033237704804635823,0.003397711337426301,0.0,150.0,105.33333333333333,,,,,,,,,,,,,,,,,,0.025138020728869986,0.21914062524835268,0.10957693349983957,0.022215739202996094,0.03671123439239131,0.010000000000000002
257,24,24,0.0,-0.0034741011137763658,40.884462197621666,,,,,,,,,6.106903841098149,0.0,0.5823026353193907,,0.03554026638933768,-0.18482902956505617,0.23298319801688194,0.21523127345669005,0.39570312201976776,0.9139973943432173,0.004413766577878657,0.01178698055446148,0.0196459765235583,0.0033977113374263016,0.003536755379197835,0.021415071096271276,150.0,107.5,,,,,,,,,,,,,,,,,,0.018120993772754446,0.12174479228754838,0.10956823856880267,0.02217033862446745,0.059501985708872475,0.010000000000000004
259,24,24,0.0,-0.0041748412962382036,48.25954143206278,,,,,,,,,5.742133051156998,0.0,0.5769172427134722,,0.06459819191756348,-0.20340275205671787,0.23434138732651869,0.11046716539810102,0.4959309846162796,0.9583333358168602,-0.00875858548291338,0.01434385341902574,0.03126573438445727,0.0035367553791978332,0.003359917610237943,0.06459819191756348,150.0,88.16666666666667,,,,,,,,,,,,,,,,,,0.013118505895060176,0.15927734474341074,0.10954687340805928,0.022058903006836772,0.044669474164644875,0.010000000000000004
261,24,24,0.0,-0.011673871660605073,63.71202039718628,,,,,,,,,7.184950451056163,0.0,0.5715498821843531,,0.1118297955642144,-0.29186242322127026,0.3861861042678356,0.2553492660323779,0.38805338243643445,0.9625976607203484,-0.001143804001458193,0.009554760530591011,0.02477428565422694,0.0033599176102379435,0.003191921729726046,0.04988904444811245,150.0,106.66666666666667,,,,,,,,,,,,,,,,,,0.01844344212440774,0.17314453174670538,0.10952272855987151,0.021932688852151234,0.05586956829453508,0.010000000000000004
263,18,24,0.0,-0.006801087512738175,52.4116513994005,,,,,,,,,8.680579900741577,0.0,0.5662018780479307,,0.09679508292012745,-0.24956362611717647,0.33035822709401447,0.19923876391516793,0.3899739583333333,0.945572919315762,0.0022688615879613077,0.01043304055929184,0.02647877898481157,0.0031919217297260456,0.0031869026288150683,0.014522006838685937,150.0,102.5,,,,,,,,,,,,,,,,,,0.025471568741421733,0.1990017377667957,0.10951577168371943,0.02189634285039372,0.05671351465086142,0.010000000000000002
265,24,24,0.0,-0.010335194082775464,64.32620565096538,,,,,,,,,6.480368494987488,0.0,0.5608745498442017,,0.09541649231687188,-0.25166083065172035,0.33734826495250064,0.24668479959170023,0.5116210902730624,0.9729492217302322,0.0015068279365853716,0.010534007723132769,0.028854394952456158,0.0031869026288150696,0.0029504130054076095,0.023544529336504638,150.0,96.16666666666667,,,,,,,,,,,,,,,,,,0.019726901402464136,0.1388671874689559,0.10949855390936136,0.021806468566258747,0.05093953370427092,0.010000000000000004
267,24,24,0.0,-0.008404298928023005,39.72671103477478,,,,,,,,,7.660279870033264,0.0,0.5555692120116861,,0.029884637566283345,-0.26770285703241825,0.3208228101332982,0.024105710506167572,0.47285156200329465,0.9532877629001936,0.004221236963833992,0.013846189404527346,0.03166317567229271,0.0029504130054076095,0.0029636058744917765,0.0,150.0,90.5,,,,,,,,,,,,,,,,,,0.018998473067767918,0.17975260503590107,0.10945914344241221,0.02160070836544037,0.04914165257165829,0.010000000000000004
269,12,24,0.0,-0.0006398475573708614,74.12553596496582,,,,,,,,,7.604225754737854,0.0,0.5502871735631079,,0.019802109493563574,-0.3267427533864975,0.38916794459025067,0.07729450384310137,0.45130208134651184,0.9169270843267441,0.005181846344688286,0.01482690746585528,0.02876182148853938,0.0029636058744917765,0.0030945717354171087,0.0,150.0,97.0,,,,,,,,,,,,,,,,,,0.01886701473267749,0.18268229253590107,0.10945414068798225,0.0215745372697711,0.04525690494726101,0.009999999999999998
271,24,24,0.0,-0.007689924425600718,45.68817027409872,,,,,,,,,8.296251575152079,0.0,0.5450297377624179,,0.0,-0.26985158771276474,0.3024337887763977,-0.0018453256877061601,0.5363932276765505,0.9625976582368215,0.007793708723814537,0.018162529294689495,0.031293327609697975,0.003094571735417108,0.0032338358739124914,0.0,150.0,86.83333333333333,,,,,,,,,,,,,,,,,,0.014379970341299972,0.15061848983168602,0.10944521271934111,0.02152786838511626,0.04671324805046121,0.010000000000000004
273,18,24,0.0,-0.010553518103228675,59.813042322794594,,,,,,,,,6.095465395185682,0.0,0.5397982018032319,,0.09898955064515273,-0.26394202146265244,0.40157448914315963,0.47429394721984863,0.3404947883552975,0.9509114623069763,0.0010653587135796745,0.007888020740614997,0.020093941026263766,0.00323383587391249,0.002881960545785857,0.036651227778444685,150.0,120.83333333333333,,,,,,,,,,,,,,,,,,0.02220350780084522,0.09539930563833979,0.10941868399580319,0.021389272788332567,0.04193306921256913,0.010000000000000002
275,24,24,0.0,-0.010816733100606749,48.75302028656006,,,,,,,,,6.752216746409734,0.0,0.5345938564887655,,0.0,-0.24736199217538038,0.26708079626162845,-0.002546280719495068,0.5603515605131785,0.968717448413372,0.00905155629152432,0.022193389013409615,0.0393436998128891,0.002881960545785857,0.0030669283457420175,0.0,150.0,74.16666666666667,,,,,,,,,,,,,,,,,,0.016420429456047714,0.15042317813883224,0.10938554629683495,0.021216176450252533,0.03602627292275429,0.010000000000000004
277,24,24,0.0,-0.015447915492889782,30.094175974527996,,,,,,,,,6.603550573190053,0.0,0.5294179859133515,,0.0,-0.28705880232155323,0.3255268434683482,-0.0022123897166845077,0.5114583298563957,0.9364583343267441,0.00661341188242659,0.017749456067879994,0.03227507943908373,0.0030669283457420166,0.003188028245169067,0.0,150.0,87.33333333333333,,,,,,,,,,,,,,,,,,0.01584035507403314,0.16933593867967525,0.10936331780006488,0.021100057211394112,0.039388188471396766,0.010000000000000004
279,24,24,0.0,-0.010849612362411184,35.62970884641012,,,,,,,,,7.098900149265925,0.0,0.5242718671456061,,0.0,-0.22629096172749996,0.24621101406713328,-0.002457456590491347,0.5930012986063957,0.9701497430602709,0.009711899872248372,0.020319142068425815,0.036437450597683586,0.0031880282451690663,0.0033755617142971392,0.0,150.0,77.0,,,,,,,,,,,,,,,,,,0.013486908321889738,0.16809895914047956,0.10934244313587745,0.020990888820961118,0.038115491469701133,0.010000000000000004
281,24,24,0.0,-0.007851262188826999,51.03273820877075,,,,,,,,,7.420357962449391,0.0,0.519156769913332,,0.12014568333203594,-0.1805268737177054,0.25365896833439666,0.04770860099233687,0.4512695297598839,0.9518880248069763,0.002972901342824722,0.00569004441301028,0.024681252737840016,0.0033755617142971384,0.003353185146345673,0.0,150.0,103.16666666666667,,,,,,,,,,,,,,,,,,0.013154393391838918,0.11155599014212687,0.10932986748715241,0.02092513263535996,0.053868566174060106,0.010000000000000004
283,24,24,0.0,-0.014204052509739995,55.652812798817955,,,,,,,,,7.47112821539243,0.0,0.5140739562902327,,0.01457849187621226,-0.2408844611297051,0.29024601355195045,0.02675985751557164,0.4181315054496129,0.9543294285734495,0.005103974603116512,0.012308896208802858,0.030228278289238613,0.0033531851463456715,0.0034913611240085718,0.0,150.0,91.16666666666667,,,,,,,,,,,,,,,,,,0.016262295976048335,0.12805989617481828,0.10931631457060575,0.020854390614355605,0.04907698091119528,0.010000000000000004
285,24,24,0.0,-0.00941512694892784,48.69935154914856,,,,,,,,,6.5889595945676165,0.0,0.5090246803845134,,0.022417581640183926,-0.2676612374683221,0.30338291948040325,0.04210762204699373,0.5799479136864344,0.9657552118102709,0.005612756571887682,0.016841464365522068,0.03668876737356186,0.0034913611240085705,0.0035468539270358695,0.0,150.0,81.66666666666667,,,,,,,,,,,,,,,,,,0.018766170809006628,0.1328776041045785,0.10929993477960427,0.020768814099331696,0.039186637538174786,0.010000000000000004
287,24,24,0.0,-0.005069154780358076,36.9627214272817,,,,,,,,,6.52484009663264,0.0,0.5040101880294507,,0.05885834665969014,-0.3118121102452278,0.38473991801341373,0.23310270408789316,0.5707682246963183,0.9573893249034882,0.00356068976301079,0.015549142534534136,0.03345629697044691,0.0035468539270358686,0.0033060897123021013,0.00784539827145636,150.0,87.83333333333333,,,,,,,,,,,,,,,,,,0.02008835584274493,0.12568359433983764,0.10926500242203474,0.020586085350563128,0.03508628889297446,0.010000000000000004
289,24,24,0.0,-0.009565559914335608,43.65847476323446,,,,,,,,,7.84630012512207,0.0,0.499031716475999,,0.06346979892502229,-0.2752615896364053,0.341679019232591,0.10857086442410946,0.519498698413372,0.9447916696468989,0.0030834193263823786,0.011870203539729118,0.03287539631128311,0.003306089712302103,0.0032967472054624054,0.0,150.0,89.83333333333333,,,,,,,,,,,,,,,,,,0.01942830377568801,0.20205078134313226,0.10924344851324956,0.02047325880266726,0.045982095102469124,0.010000000000000004
291,24,24,0.0,-0.007652249226036171,70.99044370651245,,,,,,,,,6.708272000153859,0.0,0.49409049408751987,,0.0,-0.28351065206031006,0.30656689777970314,-0.0021930257159207636,0.5585937475164732,0.9624023462335268,0.010155613417737186,0.022243229672312737,0.03762361283103625,0.003296747205462405,0.00348482813493237,0.0,150.0,76.33333333333333,,,,,,,,,,,,,,,,,,0.024889262742362916,0.162955729290843,0.10922752010325591,0.02038999794361492,0.03900492765630285,0.010000000000000004
293,18,24,0.0,0.0026438625322447885,38.93387275271945,,,,,,,,,7.879436042573717,0.0,0.48918774003670074,,0.004196722629583544,-0.26420292092694175,0.2930642507142491,0.002158674663708856,0.564062496026357,0.9453125,0.007896049051649041,0.020629562437534332,0.03356446656915876,0.0034848281349323714,0.0036078974662486093,0.0,150.0,81.0,,,,,,,,,,,,,,,,,,0.01537123768745611,0.13763020891282293,0.10919849533173773,0.020238102827635076,0.043944723076290555,0.010000000000000002
295,24,24,0.0,-0.008397662449472895,41.78778473536173,,,,,,,,,7.593902409076691,0.0,0.4843246640047419,,0.03025140070045988,-0.22932606004178524,0.29012230783700943,0.06028633717020663,0.5307291646798452,0.9526367212335268,0.005086733872303739,0.010641145830353102,0.026267968118190765,0.0036078974662486084,0.0035919174443052536,0.0,150.0,100.66666666666667,,,,,,,,,,,,,,,,,,0.01684611724340357,0.15312500049670538,0.10919332969933748,0.02021101249071459,0.04846349963918328,0.010000000000000004
297,24,24,0.0,-0.010512104878822962,37.741069634755455,,,,,,,,,9.792858699957529,0.0,0.47950246588288675,,0.0,-0.27895644431312877,0.30868132536609966,-0.0020196640980429947,0.5535156230131785,0.9622721374034882,0.007809275994077325,0.019472698991497357,0.03690282627940178,0.0035919174443052545,0.0037689846944242425,0.0,150.0,79.0,,,,,,,,,,,,,,,,,,0.016046497873806704,0.17441406287252903,0.10920282701651256,0.020260583298901718,0.047554608123997845,0.010000000000000004
299,24,24,0.0,-0.00379341720448186,37.548606952031456,,,,,,,,,7.042153904835383,0.0,0.4747223354763654,,0.0064683344680815935,-0.24753281970818838,0.27381390457352,0.0036775723225825154,0.6227539032697678,0.9606119816501936,0.007687679899390787,0.02121199605365594,0.03702583163976669,0.003768984694424243,0.003919019771990013,0.0,150.0,77.0,,,,,,,,,,,,,,,,,,0.02127508449484594,0.14596354216337204,0.1092018112540245,0.020255199711148936,0.04119193134829402,0.010000000000000004
301,24,24,0.0,-0.011817209461393455,32.473369439442955,,,,,,,,,7.366194238265355,0.0,0.46998545221082993,,0.0,-0.2266470001389583,0.23636407715578875,-0.0018638704059412703,0.669531246026357,0.9729817708333334,0.01308766930984954,0.026152353112896282,0.04033937926093737,0.00391901977199001,0.004106942115626031,0.0,150.0,69.16666666666667,,,,,,,,,,,,,,,,,,0.01536275075826173,0.1384114588921269,0.1091852408523361,0.020168484033395846,0.03872428058336178,0.010000000000000004
303,12,24,0.0,0.0077431583777070045,38.40206813812256,,,,,,,,,8.708604653676352,0.0,0.46529298484134524,,0.0,-0.24116073424617449,0.2587224952876568,-0.001828016625950113,0.6274739603201548,0.9520833343267441,0.009952718818870684,0.02430454393227895,0.0406020904580752,0.004106942115626031,0.004282048038166471,0.0,150.0,71.66666666666667,,,,,,,,,,,,,,,,,,0.03494304146928092,0.15878906225164732,0.1091788038611412,0.020134857390075922,0.04159872389088074,0.009999999999999998
305,24,24,0.0,-0.005077232451488574,32.13260952631632,,,,,,,,,6.875518620014191,0.0,0.46064609116402083,,0.0,-0.2238717538615068,0.258788609256347,-0.0018593574592766042,0.5760091145833334,0.9624348978201548,0.0077890918861764176,0.013946425169706345,0.03272874280810356,0.00428204803816647,0.00434200356523024,0.0,150.0,86.5,,,,,,,,,,,,,,,,,,0.014348075967670107,0.15087890625,0.10918437068661054,0.02016402098039786,0.03877324238419533,0.010000000000000004
307,24,24,0.0,-0.013257922371849418,25.786492427190144,,,,,,,,,6.7104745507240295,0.0,0.45604591773033815,,0.030114181766596932,-0.27584023773670197,0.3188687935471535,0.12481732090721682,0.5500976542631785,0.9517903675635656,0.006576112975987296,0.01583351381123066,0.033325364192326866,0.004342003565230239,0.004440357374587956,0.0,150.0,87.0,,,,,,,,,,,,,,,,,,0.01926179538713768,0.1720703129346172,0.10918769799172878,0.020181448198854923,0.03773476229980588,0.010000000000000004
309,24,24,0.0,-0.01260888269947221,37.059589862823486,,,,,,,,,6.444735606511434,0.0,0.4514935995642588,,0.011342934798449278,-0.28079775472482044,0.3080222513526678,0.012658467074894967,0.6121419245998064,0.9361002643903097,0.008605619931283096,0.022643877814213436,0.03984880199035009,0.004440357374587954,0.004624310942584909,0.0,150.0,73.66666666666667,,,,,,,,,,,,,,,,,,0.015153152591665275,0.14830729241172472,0.10916104136655728,0.020041888191675145,0.04095349553972483,0.010000000000000004
311,24,24,0.0,-0.009639089461416006,52.64475663503011,,,,,,,,,6.771687616904576,0.0,0.44699025988217117,,0.10682718688622117,-0.27308506580690545,0.3477194694181283,0.20470577975114188,0.5486653596162796,0.9446614608168602,0.002552417562886452,0.013187441353996595,0.02937450756629308,0.004624310942584906,0.004340830273876186,0.0,150.0,95.16666666666667,,,,,,,,,,,,,,,,,,0.02497718701973402,0.12548828125,0.10911308787763119,0.019790689072882135,0.03857371878499786,0.010000000000000004
313,24,24,0.0,-0.01370430865790695,35.52216760317484,,,,,,,,,6.4629003802935285,0.0,0.44253700981575844,,0.038326445035636425,-0.2356746190538009,0.27814839283625287,0.10015590915766855,0.5761067693432173,0.9433268283804258,0.005348716115501399,0.01408581311504046,0.03496252248684565,0.004340830273876189,0.00443249649212524,0.0,150.0,84.66666666666667,,,,,,,,,,,,,,,,,,0.01661205669370247,0.12884114620586237,0.1090548060213526,0.019485277046139043,0.038234988072266184,0.010000000000000004
315,12,24,0.0,0.0035507776774466038,46.13488149642944,,,,,,,,,7.869351585706075,0.0,0.43813494813783765,,0.0038165181564788022,-0.2633320863048236,0.29599643250306445,-0.000252068789753442,0.5919921845197678,0.9479817748069763,0.006665854714810848,0.017343377073605854,0.03743312259515127,0.004432496492125239,0.004473842536173068,0.0,150.0,79.5,,,,,,,,,,,,,,,,,,0.030421499240522582,0.12018229191501935,0.10903113149106503,0.019361150916665792,0.05472497673084339,0.009999999999999998
317,6,24,0.0,0.018108684259156387,57.43397204081217,,,,,,,,,7.142287254333496,0.0,0.43378516099125936,,0.12243404984474182,-0.2680928707122803,0.35762404402097064,0.3173729081948598,0.5045572916666666,0.9641927083333334,0.0017272989462071564,0.008954415718714396,0.027752200762430828,0.004473842536173069,0.004302331208859507,0.02806986713161071,150.0,102.16666666666667,,,,,,,,,,,,,,,,,,0.04997988184913993,0.07851562649011612,0.10902962585290273,0.019353287294507027,0.04855984263122082,0.01
319,24,24,0.0,-0.011496819652772198,44.45950531959534,,,,,,,,,5.685584415992101,0.0,0.42948872162091445,,0.018281657753201824,-0.2676854779322942,0.31507129967212677,0.026416210787526023,0.5720052048563957,0.9487955768903097,0.005389102171951284,0.01615601157148679,0.035687223076820374,0.0043023312088595065,0.004342555057533684,0.0,150.0,82.66666666666667,,,,,,,,,,,,,,,,,,0.020048127422342077,0.14847005313883224,0.10903026380886634,0.019356607149044674,0.047902763510743775,0.010000000000000004
321,24,24,0.0,-0.012078420802329978,30.079192479451496,,,,,,,,,6.640400638182958,0.0,0.4252466901089283,,0.0,-0.19812531086305776,0.22706389365096888,-0.0020191477912400537,0.5431315104166666,0.9509440089265505,0.007786128165510793,0.015035183479388555,0.03434193879365921,0.004342555057533684,0.004443677669576148,0.0,150.0,82.66666666666667,,,,,,,,,,,,,,,,,,0.016673532765707932,0.132454426959157,0.10901292723913987,0.019265721086412668,0.04543647371853391,0.010000000000000004
323,24,24,0.0,-0.0128833168419078,46.05246718724569,,,,,,,,,7.4368492265542345,0.0,0.4210601131131018,,0.0,-0.198304890965422,0.21139315515756607,-0.0017412909122261528,0.5817708323399226,0.9651367217302322,0.010949886520393193,0.0240938737988472,0.03873389090100924,0.004443677669576151,0.004627595835846777,0.0,150.0,71.33333333333333,,,,,,,,,,,,,,,,,,0.019100267537093412,0.14449869841337204,0.10898083386321862,0.01909743311504523,0.0520847630687058,0.010000000000000004
325,24,24,0.0,-0.013475863068985442,38.0836816628774,,,,,,,,,6.946162064870198,0.0,0.41693002360866394,,0.0,-0.3692622780799866,0.3988023449977239,-0.001784383396928509,0.5578450535734495,0.9412109379967054,0.009145220508798957,0.022366339340806007,0.03807364900906881,0.004627595835846778,0.00480936402578426,0.0,150.0,77.66666666666667,,,,,,,,,,,,,,,,,,0.015946057639666833,0.13776041691501936,0.10897368875642617,0.019059890415519476,0.042220187839120626,0.010000000000000004
327,24,24,0.0,-0.01762054825667292,29.45619734128316,,,,,,,,,6.248154789209366,0.0,0.4128574406333991,,0.0,-0.2377581192801396,0.25534759399791557,-0.0014011834427947178,0.6294270853201548,0.9637695302565893,0.010849602753296494,0.022476333503921826,0.034192812939484916,0.00480936402578426,0.004988652673744206,0.0,150.0,77.5,,,,,,,,,,,,,,,,,,0.009731225979824861,0.09472656281044085,0.10895296062032382,0.018951086172213156,0.04154848648856083,0.010000000000000004
329,24,24,0.0,-0.014502777116528401,27.836172660191853,,,,,,,,,7.444804569085439,0.0,0.40884336903621826,,0.026672859986623127,-0.24361474315325418,0.27827607716123265,0.04040345490163114,0.5722005193432173,0.9646158864100774,0.006061475879202287,0.016545890520016353,0.03583764657378197,0.0049886526737442085,0.005067519616031182,0.0,150.0,82.16666666666667,,,,,,,,,,,,,,,,,,0.021327196862936642,0.1837239588300387,0.10890873086949189,0.018718903341020148,0.04404754315813383,0.010000000000000004
331,18,24,0.0,0.005152207191309167,32.59890185462104,,,,,,,,,7.451649096277025,0.0,0.4048887992292232,,0.001874531153589487,-0.24531782997979057,0.2681517203648885,-0.0005166757489658064,0.5929687486754524,0.9507812493377261,0.009658191378952729,0.019532408151361678,0.037430114216274686,0.005067519616031181,0.00524270796165644,0.0,150.0,77.16666666666667,,,,,,,,,,,,,,,,,,0.02028504196399202,0.15802951529622078,0.1089007601969772,0.018676957943373255,0.039099268408285245,0.010000000000000002
333,6,24,0.0,0.007038845991094907,34.15860939025879,,,,,,,,,7.288247346878052,0.0,0.4009947069433411,,0.012787993997335434,-0.24541092415650687,0.2674760123093923,0.007349234064652895,0.6231770813465118,0.9606770873069763,0.008520202866444984,0.02255286027987798,0.037995303670565285,0.00524270796165644,0.005414743432798227,0.0,150.0,75.0,,,,,,,,,,,,,,,,,,0.031399962841533124,0.06080729141831398,0.10890289023518562,0.01868802464256684,0.04574293332795302,0.01
335,24,24,0.0,-0.011479262408101931,35.951526959737144,,,,,,,,,6.97418741385142,0.0,0.39716205298757434,,0.0,-0.24401102773845196,0.2571332671989997,-0.0017650350685774658,0.6203776026765505,0.962304691473643,0.012186173582449555,0.025150793914993603,0.04000641405582428,0.005414743432798227,0.005583403173570028,0.0,150.0,71.33333333333333,,,,,,,,,,,,,,,,,,0.01507233456868562,0.161263020709157,0.10890729477008183,0.018711128815387685,0.046809945876399674,0.010000000000000004
337,12,24,0.0,-0.00241347235472252,53.18863614400228,,,,,,,,,8.058031499385834,0.0,0.3933917830119374,,0.10984767290453117,-0.23459233591953912,0.30849388738473255,0.21849186966816583,0.4182942658662796,0.9701822946468989,0.0036805868536854782,0.010231003165245056,0.02408035347859065,0.005583403173570028,0.005494155884820734,0.0014190821287532647,150.0,106.66666666666667,,,,,,,,,,,,,,,,,,0.02519228053279221,0.1875,0.10891911759972572,0.018773097234467667,0.04841235869874557,0.009999999999999998
339,6,24,0.0,0.01758389516423146,66.16923332214355,,,,,,,,,9.541048129399618,0.0,0.3896848272741313,,0.05795705054576198,-0.2674407362937927,0.30114997426668805,0.10595454772313435,0.5513020753860474,0.955078125,0.005504401478295525,0.01878436158100764,0.03785960872968038,0.005494155884820734,0.005290462340434765,0.0,150.0,79.0,,,,,,,,,,,,,,,,,,0.033152985968627036,0.10989583283662796,0.10891526813308398,0.018752870460351307,0.04672096607585748,0.01
341,24,24,0.0,-0.007427214023967584,33.61759479840597,,,,,,,,,6.657678946852684,0.0,0.38604210041001547,,0.0,-0.1833669530848662,0.18942778495450815,-0.0015306327598712717,0.6491210932532946,0.9546875009934107,0.014967531858322522,0.026052958021561306,0.036932980020840965,0.005290462340434763,0.005461588129099284,0.0,150.0,69.33333333333333,,,,,,,,,,,,,,,,,,0.019230902806157246,0.11995442708333333,0.10890473953137796,0.018697525762642424,0.04050054323549072,0.010000000000000004
343,12,24,0.0,0.005269138763348262,33.40660031636556,,,,,,,,,6.437693635622661,0.0,0.382464501207937,,0.0029227460424105325,-0.23695507645606995,0.25043976679444313,-0.0002471298794262111,0.6595052033662796,0.9706380218267441,0.012141008861362934,0.024675705780585606,0.03921459118525187,0.005461588129099284,0.005629281913496411,0.0,150.0,71.16666666666667,,,,,,,,,,,,,,,,,,0.04084722187447672,0.11549479141831398,0.10888799217840035,0.018609491332123678,0.04034460584322611,0.009999999999999998
346,28,28,0.0,0.010205358167045884,93.03565352303642,,,,,,,,,7.773668680872236,0.0,0.37858372137522406,,0.0,-0.20129861682653427,0.20910523485924518,-0.0020531431821707103,0.5658849243606839,0.9576700563941684,0.015552970048572336,0.02640236115881375,0.03873701925788607,0.005629281913496412,0.005793357761964075,0.0,150.0,58.142857142857146,,,,,,,,,,,,,,,,,,0.021447433225278343,0.16822084518415586,0.10888030034090791,0.018569082088236297,0.04801777843385935,0.010000000000000004
348,24,24,0.0,-0.0014135042353397391,45.826430002848305,,,,,,,,,7.878918449083964,0.0,0.37514616526965544,,0.044607395539060235,-0.2519106312344472,0.2841229687134425,0.04502495828395089,0.5776367137829462,0.9511067718267441,0.006408370798453689,0.0175674706697464,0.032601892948150635,0.005793357761964075,0.0058535804503434714,0.0,150.0,85.16666666666667,,,,,,,,,,,,,,,,,,0.01836882564627255,0.1870117193708817,0.10888683516532183,0.018603278944889706,0.038699046708643436,0.010000000000000004
350,12,24,0.0,0.0035550173682471118,53.12224292755127,,,,,,,,,8.49960192044576,0.0,0.37177642523508014,,0.12519402770946422,-0.25530576705932617,0.3183281719684601,0.19540643195311228,0.4938151041666667,0.950520838300387,0.0032978887708547213,0.011948258926471075,0.03142249087492625,0.005853580450343471,0.005687341249609718,0.0,150.0,90.66666666666667,,,,,,,,,,,,,,,,,,0.022388527077661518,0.14960937450329462,0.10886805318295956,0.01850447167331974,0.04772262213130792,0.009999999999999998
352,24,24,0.0,-0.007118418657531341,40.795869986216225,,,,,,,,,7.286054899295171,0.0,0.3684753327044295,,0.11557033642505606,-0.1902857025464376,0.2496088339636723,0.1271842730542024,0.4180664047598839,0.9605794300635656,0.004209794395137578,0.010549817855159441,0.025353518625100453,0.005687341249609718,0.005669100442027233,0.011874979633527497,150.0,101.0,,,,,,,,,,,,,,,,,,0.013079418407869525,0.1270833338300387,0.10885852389037609,0.018454142070064943,0.05141139170154929,0.010000000000000004
354,24,24,0.0,-0.007699112000409514,48.08368523915609,,,,,,,,,7.285506010055542,0.0,0.3652437021728901,,0.02620972281632324,-0.24425568990409374,0.26688959014912444,0.04065893253815981,0.608919270336628,0.9552734394868215,0.008403236667315165,0.021932318806648254,0.037801207353671394,0.0056691004420272315,0.005725604462131883,0.0,150.0,75.5,,,,,,,,,,,,,,,,,,0.0200335437063283,0.13824869816501936,0.10885743238031864,0.01844818207124869,0.04510685304800669,0.010000000000000004
356,12,24,0.0,-0.00411861560617884,39.463820934295654,,,,,,,,,6.939825018246968,0.0,0.3620823309969396,,0.002123917763431867,-0.2965118462840716,0.3205565462509791,0.007124017894966528,0.5372395813465118,0.9225911498069763,0.010628546200071773,0.02230990802248319,0.03720031430323919,0.005725604462131883,0.0058811610271514375,0.0,150.0,75.5,,,,,,,,,,,,,,,,,,0.02842637487143899,0.09316406274835269,0.10885059833526611,0.01841232879087329,0.062276166242857776,0.009999999999999998
358,12,24,0.0,0.0066877879823247595,46.12230428059896,,,,,,,,,9.233243902524313,0.0,0.3589919991976109,,0.0,-0.2569628854592641,0.2715052105486393,-0.001535154675366357,0.572851558526357,0.9542968769868215,0.011887929712732634,0.023636428018411,0.03753627588351568,0.0058811610271514375,0.00600225419672444,0.0,150.0,73.66666666666667,,,,,,,,,,,,,,,,,,0.021524070762097836,0.14511718849341074,0.10884087967375915,0.018361434961358707,0.04843943131466707,0.009999999999999998
360,18,24,0.0,-0.0026995520003967816,34.590971522861054,,,,,,,,,8.876650227440727,0.0,0.3559734692680339,,0.0,-0.26560842990875244,0.27856968922747505,-0.0013993593133313374,0.6324218743377261,0.9548177123069763,0.012276015813565917,0.02608214732673433,0.040367590056525335,0.00600225419672444,0.0061574183943045495,0.0,150.0,70.16666666666667,,,,,,,,,,,,,,,,,,0.025704296292840607,0.15512152844005161,0.10883168172505167,0.0183131473345889,0.06088723656204012,0.010000000000000002
362,24,24,0.0,-0.012887598830275238,35.69467115402222,,,,,,,,,7.283230274915695,0.0,0.3530274859853018,,0.14194444039215645,-0.27736828041573364,0.35426704958081245,0.25468444637954235,0.46643880009651184,0.9616536448399226,0.002562795726892849,0.011307578533887863,0.027550046642621357,0.0061574183943045495,0.005692490097967285,0.007310963158185284,150.0,99.0,,,,,,,,,,,,,,,,,,0.015685127485388268,0.14108072966337204,0.10882150381803513,0.01825965599467357,0.06694004312157631,0.010000000000000004
364,24,24,0.0,-0.0031494265422225,28.466185808181763,,,,,,,,,7.265289276838303,0.0,0.3501547762267077,,0.023100494251896937,-0.2273824910322825,0.25349824875593185,0.019108223510556854,0.6146484365065893,0.9583333358168602,0.00803791752938802,0.019221449891726177,0.034539458652337394,0.005692490097967284,0.0058551384612240765,0.0,150.0,80.66666666666667,,,,,,,,,,,,,,,,,,0.01491766594699584,0.11809895886108279,0.10880210995674133,0.018157905200496316,0.05029516931002339,0.010000000000000004
366,18,24,0.0,-0.005010380823579099,39.523151609632706,,,,,,,,,5.800596647792393,0.0,0.3473560487903991,,0.06194317537463374,-0.23074255221419865,0.2738877750105328,0.11593422293663025,0.5404947929912143,0.9549479186534882,0.005557185918506648,0.015088676578468747,0.03145449029074775,0.005855138461224079,0.005921502139839659,0.0,150.0,89.5,,,,,,,,,,,,,,,,,,0.02140179245422284,0.08723958333333333,0.10876818249622981,0.017979859374463558,0.04744549861384763,0.010000000000000002
368,24,24,0.0,-0.003917691639799159,34.59785556793213,,,,,,,,,7.086891353130341,0.0,0.3446319942204931,,0.0,-0.2071529452999433,0.22603557941814265,-0.0012390283566977207,0.5716471324364344,0.9388997430602709,0.009199793256508807,0.020838437601923943,0.035145788143078484,0.005921502139839662,0.00602901487090601,0.0,150.0,76.83333333333333,,,,,,,,,,,,,,,,,,0.012513868046274487,0.12366536476959784,0.10876718225578468,0.017974432945872348,0.0460161577599744,0.010000000000000004
370,24,24,0.0,-0.009167147412275275,37.37956786155701,,,,,,,,,5.706528554360072,0.0,0.34198328463669364,,0.0,-0.20745070092380047,0.21279204885164896,-0.0012913207538076676,0.6794921855131785,0.9755859399835268,0.016411410683455568,0.029221852620442707,0.0409821073214213,0.006029014870906012,0.006183495332777757,0.0,150.0,64.83333333333333,,,,,,,,,,,,,,,,,,0.008820790651952848,0.09817708407839139,0.10875599707166354,0.017915450191746157,0.04368404531851411,0.010000000000000004
372,24,24,0.0,-0.012312045932048932,26.250601450602215,,,,,,,,,6.593590627113978,0.0,0.3394105735684568,,0.0,-0.20622534056504568,0.22035332707067332,-0.0012741697961852576,0.6331705699364344,0.9591471354166666,0.011400422391792139,0.023025203496217728,0.03410817806919416,0.00618349533277776,0.006333916524610764,0.0,150.0,77.16666666666667,,,,,,,,,,,,,,,,,,0.013389716846480345,0.09983724014212687,0.10874073828260104,0.017835143332680065,0.04764676451062163,0.010000000000000004
374,18,24,0.0,-0.009324803327520689,35.16795635223389,,,,,,,,,7.9599635998408,0.0,0.33691449579374244,,0.17210103364454377,-0.2942897081375122,0.39522220691045123,0.314845429526435,0.4742187493377262,0.9256510436534882,0.0022637308639888135,0.009581665198008219,0.027503429187668696,0.006333916524610766,0.005877436683725327,0.008790130623512797,150.0,98.66666666666667,,,,,,,,,,,,,,,,,,0.023109821538026962,0.1471788196100129,0.10875851867927445,0.01792860020779901,0.06023673133717643,0.010000000000000002
376,24,24,0.0,-0.013254248614733418,37.29388697942098,,,,,,,,,6.127972761789958,0.0,0.33449566718239243,,0.09988628871118028,-0.2173338426897923,0.2832379552225272,0.09874844302733739,0.48743489384651184,0.9546223978201548,0.004983564838767052,0.008278533816337585,0.0233452171087265,0.005877436683725329,0.0058486807076647334,0.0,150.0,106.5,,,,,,,,,,,,,,,,,,0.010596382776081251,0.10309244816501935,0.10877042822539806,0.017990992016469438,0.0532046165317297,0.010000000000000004
378,18,24,0.0,-0.016563011333346367,41.334455808003746,,,,,,,,,7.008595652050442,0.0,0.3321546845441724,,0.18432134886582693,-0.26502806527747047,0.3611077600055271,0.3569883621401257,0.5125000013245476,0.9632812506622739,0.0013053313198017552,0.008578769862651825,0.026926234364509583,0.005848680707664731,0.005583572712960632,0.02925037323600716,150.0,102.16666666666667,,,,,,,,,,,,,,,,,,0.026018235392661557,0.1278211809694767,0.10878530600004727,0.01806881630586253,0.05658404135869609,0.010000000000000002
380,24,24,0.0,-0.009216220040495196,52.59596300125122,,,,,,,,,8.331021130084991,0.0,0.3298921254815194,,0.0,-0.2793129291385412,0.3014654728273551,-0.0016317759533800806,0.6194986974199613,0.9576497400800387,0.009137598196199784,0.02247035192946593,0.03888440504670143,0.005583572712960631,0.0057286174783602855,0.0,150.0,75.16666666666667,,,,,,,,,,,,,,,,,,0.014188210128243858,0.15393880242481828,0.10879449918866158,0.018117186225329835,0.04079174359018604,0.010000000000000004
382,24,24,0.0,-0.0071266163140535355,46.033831675847374,,,,,,,,,6.856035212675731,0.0,0.32770854824702683,,0.0,-0.2890396329263846,0.30319757883747417,-0.0014021864141492795,0.6382812509934107,0.9381184925635656,0.012704909507495662,0.024755906934539478,0.039978926380475364,0.005728617478360286,0.005890434519180332,0.0,150.0,71.5,,,,,,,,,,,,,,,,,,0.014626765633389974,0.13671875,0.10878907858083646,0.018088570175071556,0.041924677323549986,0.010000000000000004
384,24,24,0.0,-0.0034008751002450785,27.35746932029724,,,,,,,,,7.588768124580383,0.0,0.325604491605704,,0.07804275552431743,-0.3185851226250331,0.3801811176041762,0.25963466614484787,0.5274739563465118,0.9249023472269376,0.004121500707697123,0.014059750363230705,0.03063761442899704,0.005890434519180334,0.005701258169821783,0.0,150.0,91.83333333333333,,,,,,,,,,,,,,,,,,0.018082192254951224,0.14775390612582365,0.1087712390969197,0.017994569148868322,0.0538531670657297,0.010000000000000004
386,12,24,0.0,0.0029854526122411094,34.380858739217125,,,,,,,,,8.65801606575648,0.0,0.3235804747020432,,0.02343880229940017,-0.2884242149690787,0.32791100939114887,0.05123351035096372,0.6065755188465118,0.9629557281732559,0.007579941923419635,0.01722175007065137,0.03571456174055735,0.005701258169821783,0.005863705798739478,0.0,150.0,83.0,,,,,,,,,,,,,,,,,,0.029440831664639216,0.08489583370586236,0.10875795843700568,0.017924576221654814,0.05616376859446367,0.009999999999999998
388,24,24,0.0,-0.017305334680713713,29.6526194413503,,,,,,,,,7.300752609968185,0.0,0.32163699693192965,,0.0,-0.2294137633095185,0.23734547818700472,-0.0015140641092633207,0.6504557256897291,0.9783528645833334,0.014548876012365023,0.027493780478835106,0.04129223401347796,0.005863705798739477,0.0060223163291535636,0.0,150.0,66.83333333333333,,,,,,,,,,,,,,,,,,0.014158801786834374,0.14335937580714622,0.10874816992630561,0.01787313267899056,0.052232913517703615,0.010000000000000004
390,24,24,0.0,-0.006297381749997537,20.47774275143941,,,,,,,,,7.361025472482045,0.0,0.3197745378194217,,0.0,-0.25784843415021896,0.2726657123615344,-0.0013953605763769399,0.6256835907697678,0.9522460972269376,0.011926749643559257,0.023812259857853253,0.03717092548807462,0.006022316329153564,0.006176968482898231,0.0,150.0,74.33333333333333,,,,,,,,,,,,,,,,,,0.01813795154642624,0.1568684900800387,0.10874434063831966,0.017853146729369957,0.05306977514798442,0.010000000000000004
392,18,24,0.0,-0.007287687389180064,27.12475734286838,,,,,,,,,6.45229106479221,0.0,0.31799355689843734,,0.0,-0.29463747640450794,0.30927389363447827,-0.0013553219355849756,0.661718746026357,0.9643229213025835,0.012414535507559776,0.025765236881044176,0.03955159419112735,0.00617696848289823,0.006324494903221042,0.0,150.0,72.66666666666667,,,,,,,,,,,,,,,,,,0.020127538876194093,0.06202256948583656,0.10876315997706519,0.01795210140860743,0.04329758261640867,0.010000000000000002
394,24,24,0.0,-0.007332314754118367,39.509177684783936,,,,,,,,,8.391443173090616,0.0,0.3162944935993694,,0.1373042038952311,-0.24135329884787401,0.2997538981338342,0.33280758435527485,0.6315755198399226,0.9655598998069763,0.0012609243804035941,0.01729969059427579,0.034954881916443505,0.0063244949032210404,0.00600827015805999,0.0451335880983,150.0,82.33333333333333,,,,,,,,,,,,,,,,,,0.0078064023788707955,0.09674479238068064,0.1087650911261638,0.01796203906026979,0.06883376557379961,0.010000000000000004
396,18,24,0.0,-0.0034665527443091073,28.099832428826225,,,,,,,,,9.914750443564522,0.0,0.31467776714066276,,0.0,-0.2159856143924925,0.2316013905737135,-0.001201691238545916,0.587890625,0.959244794315762,0.011200695402092405,0.02134934150510364,0.03417954842249552,0.006008270158059991,0.006163281153331079,0.0,150.0,78.83333333333333,,,,,,,,,,,,,,,,,,0.021234905968109768,0.20347222230500644,0.10876486036512586,0.017960935624109373,0.058261887480815254,0.010000000000000002
398,24,24,0.0,-0.0057435374862204,19.612956047058105,,,,,,,,,8.196375489234924,0.0,0.31314377642538016,,0.006367532963243623,-0.22796102551122507,0.24406312281886736,0.0035786597970097014,0.6340820292631785,0.9656901061534882,0.01085915406777834,0.024130544314781826,0.03889109939336777,0.006163281153331079,0.006314244296453527,0.0,150.0,72.33333333333333,,,,,,,,,,,,,,,,,,0.02099495487830912,0.17711588616172472,0.10877096559852362,0.01799307274632156,0.04887244819353024,0.010000000000000004
400,12,24,0.0,0.0051867226138710976,43.10792223612467,,,,,,,,,8.775339047114054,0.0,0.31169289994277666,,0.12716754463811716,-0.2506267838180065,0.32119427373011905,0.2748965273300807,0.5944661498069763,0.9481770843267441,0.0024337085972850523,0.014490075409412384,0.034670998652776085,0.006314244296453526,0.005917882393841258,0.0,150.0,85.66666666666667,,,,,,,,,,,,,,,,,,0.0257140754450423,0.16848958283662796,0.10875424183905125,0.01790524274110794,0.062200844287872314,0.009999999999999998
402,24,24,0.0,-0.001587701418126623,44.48724969228109,,,,,,,,,9.293684085210165,0.0,0.31032549567491435,,0.2157436435421308,-0.23782466351985931,0.3841921252508958,0.5826241249839464,0.44746093700329465,0.9566406284769376,-0.0017753823991976485,0.00788876103858153,0.023763827979564667,0.00591788239384126,0.005621988274149195,0.08161668720034261,150.0,109.33333333333333,,,,,,,,,,,,,,,,,,0.021456424258455325,0.1822916672875484,0.10873727624615033,0.01781616305621962,0.07907275420924027,0.010000000000000004
404,24,24,0.0,-0.008913773655270537,34.37727936108907,,,,,,,,,9.937042474746704,0.0,0.3090419010083359,,0.01059396689136823,-0.2983059175312519,0.32565613090991974,0.011562747376350066,0.6085937495032946,0.9464518254001936,0.008822394825983793,0.020944280549883842,0.03834432239333788,0.005621988274149197,0.005778306046352365,0.0,150.0,76.5,,,,,,,,,,,,,,,,,,0.017742574360454455,0.20771484387417635,0.10872921192397673,0.017774029246841867,0.05198850358525912,0.010000000000000004
406,24,24,0.0,-0.00038711864423627657,41.281817277272545,,,,,,,,,11.53590989112854,0.0,0.30784243265081757,,0.0,-0.264279422039787,0.28120926457146805,-0.0017266190019048129,0.6012695282697678,0.9645507832368215,0.010441952074567476,0.02577815515299638,0.039268508553504944,0.005778306046352366,0.0059257510110017125,0.0,150.0,71.66666666666667,,,,,,,,,,,,,,,,,,0.022554375260369852,0.23004557316501936,0.10872497130185366,0.01775182302420338,0.07641404587775469,0.010000000000000004
408,24,24,0.0,-0.004648952046409249,46.90132610003153,,,,,,,,,8.576499273379644,0.0,0.3067273865532296,,0.053913736483082175,-0.24251645182569823,0.28030182297031087,0.015831420207784202,0.5579752599199613,0.9429036503036817,0.006139733033099522,0.014790152510007223,0.0361644613246123,0.00592575101100171,0.005913377250311433,0.0,150.0,83.16666666666667,,,,,,,,,,,,,,,,,,0.016124113154849812,0.1533528659492731,0.10872137236098449,0.01773289544507861,0.0721370071793596,0.010000000000000004
410,24,24,0.0,-0.008022069164629405,35.186733881632485,,,,,,,,,8.139924118916193,0.0,0.3056970378365111,,0.0267127186137562,-0.26048748443524045,0.28518178562323254,0.040992340424357586,0.5786783869067827,0.9514973983168602,0.00877852130603666,0.022807690625389416,0.03707372397184372,0.005913377250311435,0.0060707703852270695,0.0,150.0,75.33333333333333,,,,,,,,,,,,,,,,,,0.017635456228163093,0.1803059900800387,0.10871137958019972,0.017680482861275475,0.054049226765831314,0.010000000000000004
412,24,24,0.0,-0.016550886599967878,28.073880672454834,,,,,,,,,6.14736541112264,0.0,0.30475164072379024,,0.04930183877392361,-0.23736758902668953,0.26120881736278534,0.09792720712721348,0.6493489543596903,0.9731119821468989,0.007108704245183617,0.022515837103128433,0.03921924779812495,0.006070770385227072,0.006021363862273822,0.0,150.0,73.83333333333333,,,,,,,,,,,,,,,,,,0.02204514228894065,0.138802083209157,0.10868899275859197,0.017562731945266325,0.06224619410932064,0.010000000000000004
414,24,24,0.0,-0.01798849972935083,28.84516175587972,,,,,,,,,8.003907392422358,0.0,0.30389142847765904,,0.019826417905278504,-0.2770854414751132,0.3047618394096692,0.04196461002478221,0.5710937504967054,0.9563476592302322,0.008915676502510905,0.01968599297106266,0.035646808644135795,0.006021363862273821,0.0061760403994504005,0.0,150.0,80.66666666666667,,,,,,,,,,,,,,,,,,0.021548851305851713,0.1577799478545785,0.10866004818429549,0.017410578128571313,0.059240916122992836,0.010000000000000004
416,24,24,0.0,-0.013080776863110563,24.79215892155965,,,,,,,,,8.953592280546824,0.0,0.30311661334261714,,0.0,-0.24523630614082018,0.25617220376928646,-0.0014952960142788168,0.6657226532697678,0.9682942728201548,0.012987413676455617,0.025935644904772442,0.04029656946659088,0.0061760403994504005,0.006326661836231655,0.0,150.0,69.66666666666667,,,,,,,,,,,,,,,,,,0.013431990761697913,0.1449869804394742,0.10863025113940239,0.017253957999249298,0.059916162863373756,0.010000000000000004
418,24,24,0.0,-0.02025601388110469,42.36047339439392,,,,,,,,,7.75103822350502,0.0,0.3024273864927058,,0.08102483488619328,-0.3290382847189903,0.38184139753381413,0.17100064953168234,0.5082356780767441,0.9468424494067827,0.005453898658743128,0.01610056807597478,0.035897781451543175,0.006326661836231653,0.006295792183039419,0.0,150.0,84.0,,,,,,,,,,,,,,,,,,0.017480910964271363,0.15686849132180214,0.10861747929205497,0.017186551510045927,0.06108655625333389,0.010000000000000004
420,24,24,0.0,-0.010435434780144229,32.203213373819985,,,,,,,,,6.4897863666216535,0.0,0.3018239179843362,,0.0036468948237597942,-0.25266892711321515,0.2781750727444887,0.0008903804700821638,0.5852539067467054,0.9448893244067827,0.00860805002351602,0.019195331260561943,0.03572450205683708,0.006295792183039421,0.006443144403083745,0.0,150.0,79.83333333333333,,,,,,,,,,,,,,,,,,0.014437279968357567,0.10048828165357311,0.10861984857668479,0.017198927079637844,0.05012664493794242,0.010000000000000004
422,24,24,0.0,-0.010189913290863236,26.20105731487274,,,,,,,,,7.471458782752355,0.0,0.30130635671433387,,0.00969004623281459,-0.22240419251223406,0.24674190891285738,0.006477800826057016,0.5523763000965118,0.9254557316501936,0.009008868772070855,0.018109498545527458,0.03331273918350538,0.006443144403083745,0.006586322187651937,0.0,150.0,83.0,,,,,,,,,,,,,,,,,,0.01799968034417058,0.16907552148525914,0.10860317635039489,0.017111159938698012,0.050847877748310566,0.010000000000000004
424,18,24,0.0,-0.0060724810593658024,22.18385903040568,,,,,,,,,9.263500001695421,0.0,0.3008748303831969,,0.16625681892037392,-0.2083135156167878,0.26678209337923264,0.15929587268167072,0.5696614583333334,0.9776041706403097,0.003295150417317119,0.012340698805120256,0.029640679558118183,0.006586322187651938,0.006366695315793264,0.0,150.0,91.83333333333333,,,,,,,,,,,,,,,,,,0.024963848473918106,0.148307291790843,0.10859379006756677,0.017061883480184607,0.05515055606762568,0.010000000000000002
426,24,24,0.0,-0.008651444766049584,23.87116229534149,,,,,,,,,6.732205450534821,0.0,0.3005294454635908,,0.0,-0.20176269734899202,0.20688510251541933,-0.001350479821364085,0.6524088506897291,0.9546549494067827,0.017828200361691415,0.02870192751288414,0.04052608708540598,0.006366695315793261,0.006512059551696809,0.0,150.0,64.83333333333333,,,,,,,,,,,,,,,,,,0.0083887518994743,0.09003906277939677,0.10858040396124125,0.01699157307545344,0.050802452489733696,0.010000000000000004
428,24,24,0.0,-0.01115548491361551,18.08352788289388,,,,,,,,,5.508380124966304,0.0,0.3002702871740767,,0.04284791807488849,-0.24117210942010084,0.27523640046517056,0.048123086499496516,0.5561197896798452,0.9297200540701548,0.006961966340895742,0.01646348585685094,0.03366924822330475,0.006512059551696811,0.006541734322825579,0.0,150.0,84.66666666666667,,,,,,,,,,,,,,,,,,0.02173875959245682,0.12275390637417634,0.1085756594936053,0.01696664288950463,0.0494195904272298,0.010000000000000004
430,24,24,0.0,-0.01874333604549368,24.240547736485798,,,,,,,,,6.792852948109309,0.0,0.30009741945808427,,0.012860225591187676,-0.22093461640179157,0.24346681435902914,0.011167144764234157,0.6449869746963183,0.9700520858168602,0.00884155601185436,0.018552809953689575,0.03645609940091769,0.006541734322825577,0.006586980100981174,0.0,150.0,79.33333333333333,,,,,,,,,,,,,,,,,,0.011447501776274294,0.11777343818296988,0.10857366894682248,0.016955907301356394,0.050566795747727156,0.010000000000000004
432,18,24,0.0,-0.011757090532531341,50.494734128316246,,,,,,,,,7.910219801796807,0.0,0.30001088496813577,,0.06794354723145564,-0.30621135731538135,0.346372632516755,0.10393515725930531,0.5811197890175713,0.9361979199780358,0.005809338310629957,0.016928597456879087,0.034692669908205666,0.006586980100981174,0.006512934526085485,0.0,150.0,83.16666666666667,,,,,,,,,,,,,,,,,,0.019759667688049376,0.14817708378864658,0.10857400877608193,0.01695750157038371,0.05761465678612391,0.010000000000000002
434,24,24,0.0,-0.012370708864182234,36.37875056266785,,,,,,,,,7.022320330142975,0.0,0.2999999999999999,,0.0,-0.24179345928132534,0.2543270258853833,-0.0015352631938488532,0.6794921855131785,0.9654947941501936,0.01188525561398516,0.02472197947402795,0.04010269542535146,0.006512934526085481,0.00665407783513692,0.0,150.0,71.0,,,,,,,,,,,,,,,,,,0.012591865078623718,0.1280598963300387,0.10856164370973904,0.01689234989074369,0.04876046162098646,0.010000000000000004
