model,seed,episode,tensor,bin_left,bin_right,count
cost,2,500,actor.0.weight,-0.16041208803653717,-0.15261393422033728,75
cost,2,500,actor.0.weight,-0.15261393422033728,-0.1448157804041374,390
cost,2,500,actor.0.weight,-0.1448157804041374,-0.1370176265879375,421
cost,2,500,actor.0.weight,-0.1370176265879375,-0.12921947277173762,455
cost,2,500,actor.0.weight,-0.12921947277173762,-0.12142131895553775,420
cost,2,500,actor.0.weight,-0.12142131895553775,-0.11362316513933787,417
cost,2,500,actor.0.weight,-0.11362316513933787,-0.10582501132313799,410
cost,2,500,actor.0.weight,-0.10582501132313799,-0.0980268575069381,414
cost,2,500,actor.0.weight,-0.0980268575069381,-0.09022870369073821,400
cost,2,500,actor.0.weight,-0.09022870369073821,-0.08243054987453832,414
cost,2,500,actor.0.weight,-0.08243054987453832,-0.07463239605833845,419
cost,2,500,actor.0.weight,-0.07463239605833845,-0.06683424224213856,423
cost,2,500,actor.0.weight,-0.06683424224213856,-0.059036088425938674,413
cost,2,500,actor.0.weight,-0.059036088425938674,-0.0512379346097388,436
cost,2,500,actor.0.weight,-0.0512379346097388,-0.04343978079353891,380
cost,2,500,actor.0.weight,-0.04343978079353891,-0.035641626977339025,425
cost,2,500,actor.0.weight,-0.035641626977339025,-0.027843473161139137,417
cost,2,500,actor.0.weight,-0.027843473161139137,-0.02004531934493925,391
cost,2,500,actor.0.weight,-0.02004531934493925,-0.012247165528739362,424
cost,2,500,actor.0.weight,-0.012247165528739362,-0.004449011712539475,435
cost,2,500,actor.0.weight,-0.004449011712539475,0.0033491421036603852,413
cost,2,500,actor.0.weight,0.0033491421036603852,0.011147295919860273,431
cost,2,500,actor.0.weight,0.011147295919860273,0.01894544973606016,407
cost,2,500,actor.0.weight,0.01894544973606016,0.026743603552260048,397
cost,2,500,actor.0.weight,0.026743603552260048,0.034541757368459935,399
cost,2,500,actor.0.weight,0.034541757368459935,0.04233991118465982,395
cost,2,500,actor.0.weight,0.04233991118465982,0.05013806500085971,456
cost,2,500,actor.0.weight,0.05013806500085971,0.05793621881705957,415
cost,2,500,actor.0.weight,0.05793621881705957,0.06573437263325946,421
cost,2,500,actor.0.weight,0.06573437263325946,0.07353252644945935,417
cost,2,500,actor.0.weight,0.07353252644945935,0.08133068026565923,395
cost,2,500,actor.0.weight,0.08133068026565923,0.08912883408185912,420
cost,2,500,actor.0.weight,0.08912883408185912,0.09692698789805898,466
cost,2,500,actor.0.weight,0.09692698789805898,0.1047251417142589,431
cost,2,500,actor.0.weight,0.1047251417142589,0.11252329553045876,419
cost,2,500,actor.0.weight,0.11252329553045876,0.12032144934665867,379
cost,2,500,actor.0.weight,0.12032144934665867,0.12811960316285853,422
cost,2,500,actor.0.weight,0.12811960316285853,0.13591775697905845,435
cost,2,500,actor.0.weight,0.13591775697905845,0.1437159107952583,393
cost,2,500,actor.0.weight,0.1437159107952583,0.15151406461145822,377
cost,2,500,actor.0.weight,0.15151406461145822,0.15931221842765808,117
cost,2,500,actor.2.weight,-0.007491207681596279,-0.007128061306458421,1
cost,2,500,actor.2.weight,-0.007128061306458421,-0.006764914931320563,1
cost,2,500,actor.2.weight,-0.006764914931320563,-0.0064017685561827044,0
cost,2,500,actor.2.weight,-0.0064017685561827044,-0.006038622181044846,0
cost,2,500,actor.2.weight,-0.006038622181044846,-0.005675475805906988,3
cost,2,500,actor.2.weight,-0.005675475805906988,-0.00531232943076913,3
cost,2,500,actor.2.weight,-0.00531232943076913,-0.0049491830556312715,3
cost,2,500,actor.2.weight,-0.0049491830556312715,-0.004586036680493413,3
cost,2,500,actor.2.weight,-0.004586036680493413,-0.004222890305355555,6
cost,2,500,actor.2.weight,-0.004222890305355555,-0.0038597439302176964,5
cost,2,500,actor.2.weight,-0.0038597439302176964,-0.0034965975550798377,5
cost,2,500,actor.2.weight,-0.0034965975550798377,-0.0031334511799419795,6
cost,2,500,actor.2.weight,-0.0031334511799419795,-0.0027703048048041213,5
cost,2,500,actor.2.weight,-0.0027703048048041213,-0.002407158429666263,8
cost,2,500,actor.2.weight,-0.002407158429666263,-0.002044012054528405,6
cost,2,500,actor.2.weight,-0.002044012054528405,-0.0016808656793905466,10
cost,2,500,actor.2.weight,-0.0016808656793905466,-0.0013177193042526883,15
cost,2,500,actor.2.weight,-0.0013177193042526883,-0.0009545729291148301,8
cost,2,500,actor.2.weight,-0.0009545729291148301,-0.0005914265539769719,10
cost,2,500,actor.2.weight,-0.0005914265539769719,-0.00022828017883911363,12
cost,2,500,actor.2.weight,-0.00022828017883911363,0.0001348661962987446,9
cost,2,500,actor.2.weight,0.0001348661962987446,0.0004980125714366037,8
cost,2,500,actor.2.weight,0.0004980125714366037,0.0008611589465744619,11
cost,2,500,actor.2.weight,0.0008611589465744619,0.0012243053217123202,11
cost,2,500,actor.2.weight,0.0012243053217123202,0.0015874516968501784,12
cost,2,500,actor.2.weight,0.0015874516968501784,0.0019505980719880366,14
cost,2,500,actor.2.weight,0.0019505980719880366,0.002313744447125895,14
cost,2,500,actor.2.weight,0.002313744447125895,0.002676890822263753,11
cost,2,500,actor.2.weight,0.002676890822263753,0.0030400371974016113,6
cost,2,500,actor.2.weight,0.0030400371974016113,0.0034031835725394696,13
cost,2,500,actor.2.weight,0.0034031835725394696,0.003766329947677328,8
cost,2,500,actor.2.weight,0.003766329947677328,0.004129476322815186,6
cost,2,500,actor.2.weight,0.004129476322815186,0.004492622697953044,7
cost,2,500,actor.2.weight,0.004492622697953044,0.0048557690730909025,3
cost,2,500,actor.2.weight,0.0048557690730909025,0.005218915448228761,4
cost,2,500,actor.2.weight,0.005218915448228761,0.005582061823366619,5
cost,2,500,actor.2.weight,0.005582061823366619,0.005945208198504477,0
cost,2,500,actor.2.weight,0.005945208198504477,0.006308354573642335,1
cost,2,500,actor.2.weight,0.006308354573642335,0.006671500948780194,1
cost,2,500,actor.2.weight,0.006671500948780194,0.007034647323918052,0
cost,2,500,actor.2.weight,0.007034647323918052,0.00739779369905591,2
cost,2,500,attention_pool.weight,-0.2432696521282196,-0.23082478380784754,2
cost,2,500,attention_pool.weight,-0.23082478380784754,-0.2183799154874755,1
cost,2,500,attention_pool.weight,-0.2183799154874755,-0.20593504716710348,3
cost,2,500,attention_pool.weight,-0.20593504716710348,-0.19349017884673142,0
cost,2,500,attention_pool.weight,-0.19349017884673142,-0.18104531052635936,3
cost,2,500,attention_pool.weight,-0.18104531052635936,-0.16860044220598733,4
cost,2,500,attention_pool.weight,-0.16860044220598733,-0.1561555738856153,4
cost,2,500,attention_pool.weight,-0.1561555738856153,-0.14371070556524324,3
cost,2,500,attention_pool.weight,-0.14371070556524324,-0.13126583724487118,2
cost,2,500,attention_pool.weight,-0.13126583724487118,-0.11882096892449914,5
cost,2,500,attention_pool.weight,-0.11882096892449914,-0.10637610060412711,8
cost,2,500,attention_pool.weight,-0.10637610060412711,-0.09393123228375505,3
cost,2,500,attention_pool.weight,-0.09393123228375505,-0.08148636396338299,2
cost,2,500,attention_pool.weight,-0.08148636396338299,-0.06904149564301096,4
cost,2,500,attention_pool.weight,-0.06904149564301096,-0.056596627322638926,2
cost,2,500,attention_pool.weight,-0.056596627322638926,-0.044151759002266866,5
cost,2,500,attention_pool.weight,-0.044151759002266866,-0.031706890681894806,3
cost,2,500,attention_pool.weight,-0.031706890681894806,-0.019262022361522774,2
cost,2,500,attention_pool.weight,-0.019262022361522774,-0.006817154041150741,3
cost,2,500,attention_pool.weight,-0.006817154041150741,0.005627714279221319,4
cost,2,500,attention_pool.weight,0.005627714279221319,0.01807258259959338,5
cost,2,500,attention_pool.weight,0.01807258259959338,0.030517450919965383,3
cost,2,500,attention_pool.weight,0.030517450919965383,0.04296231924033744,4
cost,2,500,attention_pool.weight,0.04296231924033744,0.0554071875607095,6
cost,2,500,attention_pool.weight,0.0554071875607095,0.06785205588108156,1
cost,2,500,attention_pool.weight,0.06785205588108156,0.08029692420145362,2
cost,2,500,attention_pool.weight,0.08029692420145362,0.09274179252182563,5
cost,2,500,attention_pool.weight,0.09274179252182563,0.10518666084219769,6
cost,2,500,attention_pool.weight,0.10518666084219769,0.11763152916256975,5
cost,2,500,attention_pool.weight,0.11763152916256975,0.13007639748294175,4
cost,2,500,attention_pool.weight,0.13007639748294175,0.1425212658033138,3
cost,2,500,attention_pool.weight,0.1425212658033138,0.15496613412368587,2
cost,2,500,attention_pool.weight,0.15496613412368587,0.16741100244405793,5
cost,2,500,attention_pool.weight,0.16741100244405793,0.17985587076443,2
cost,2,500,attention_pool.weight,0.17985587076443,0.192300739084802,1
cost,2,500,attention_pool.weight,0.192300739084802,0.20474560740517406,1
cost,2,500,attention_pool.weight,0.20474560740517406,0.21719047572554612,2
cost,2,500,attention_pool.weight,0.21719047572554612,0.22963534404591812,1
cost,2,500,attention_pool.weight,0.22963534404591812,0.24208021236629018,3
cost,2,500,attention_pool.weight,0.24208021236629018,0.25452508068666224,2
cost,2,500,attention_pool.weight,0.25452508068666224,0.2669699490070343,2
cost,2,500,critic_body.0.parametrizations.weight.original,-0.13164889812469482,-0.125234042362469,96
cost,2,500,critic_body.0.parametrizations.weight.original,-0.125234042362469,-0.11881918660024317,673
cost,2,500,critic_body.0.parametrizations.weight.original,-0.11881918660024317,-0.11240433083801735,861
cost,2,500,critic_body.0.parametrizations.weight.original,-0.11240433083801735,-0.10598947507579153,844
cost,2,500,critic_body.0.parametrizations.weight.original,-0.10598947507579153,-0.0995746193135657,871
cost,2,500,critic_body.0.parametrizations.weight.original,-0.0995746193135657,-0.09315976355133987,805
cost,2,500,critic_body.0.parametrizations.weight.original,-0.09315976355133987,-0.08674490778911405,840
cost,2,500,critic_body.0.parametrizations.weight.original,-0.08674490778911405,-0.08033005202688823,834
cost,2,500,critic_body.0.parametrizations.weight.original,-0.08033005202688823,-0.07391519626466239,817
cost,2,500,critic_body.0.parametrizations.weight.original,-0.07391519626466239,-0.06750034050243657,821
cost,2,500,critic_body.0.parametrizations.weight.original,-0.06750034050243657,-0.06108548474021075,837
cost,2,500,critic_body.0.parametrizations.weight.original,-0.06108548474021075,-0.054670628977984914,870
cost,2,500,critic_body.0.parametrizations.weight.original,-0.054670628977984914,-0.04825577321575909,853
cost,2,500,critic_body.0.parametrizations.weight.original,-0.04825577321575909,-0.04184091745353327,810
cost,2,500,critic_body.0.parametrizations.weight.original,-0.04184091745353327,-0.03542606169130744,806
cost,2,500,critic_body.0.parametrizations.weight.original,-0.03542606169130744,-0.029011205929081615,903
cost,2,500,critic_body.0.parametrizations.weight.original,-0.029011205929081615,-0.022596350166855794,829
cost,2,500,critic_body.0.parametrizations.weight.original,-0.022596350166855794,-0.01618149440462996,788
cost,2,500,critic_body.0.parametrizations.weight.original,-0.01618149440462996,-0.009766638642404138,868
cost,2,500,critic_body.0.parametrizations.weight.original,-0.009766638642404138,-0.0033517828801783167,819
cost,2,500,critic_body.0.parametrizations.weight.original,-0.0033517828801783167,0.0030630728820475184,818
cost,2,500,critic_body.0.parametrizations.weight.original,0.0030630728820475184,0.009477928644273326,829
cost,2,500,critic_body.0.parametrizations.weight.original,0.009477928644273326,0.01589278440649916,831
cost,2,500,critic_body.0.parametrizations.weight.original,0.01589278440649916,0.022307640168724996,820
cost,2,500,critic_body.0.parametrizations.weight.original,0.022307640168724996,0.028722495930950803,872
cost,2,500,critic_body.0.parametrizations.weight.original,0.028722495930950803,0.03513735169317664,853
cost,2,500,critic_body.0.parametrizations.weight.original,0.03513735169317664,0.04155220745540247,839
cost,2,500,critic_body.0.parametrizations.weight.original,0.04155220745540247,0.04796706321762828,890
cost,2,500,critic_body.0.parametrizations.weight.original,0.04796706321762828,0.054381918979854116,894
cost,2,500,critic_body.0.parametrizations.weight.original,0.054381918979854116,0.06079677474207995,782
cost,2,500,critic_body.0.parametrizations.weight.original,0.06079677474207995,0.06721163050430576,853
cost,2,500,critic_body.0.parametrizations.weight.original,0.06721163050430576,0.0736264862665316,839
cost,2,500,critic_body.0.parametrizations.weight.original,0.0736264862665316,0.08004134202875743,844
cost,2,500,critic_body.0.parametrizations.weight.original,0.08004134202875743,0.08645619779098324,810
cost,2,500,critic_body.0.parametrizations.weight.original,0.08645619779098324,0.09287105355320907,843
cost,2,500,critic_body.0.parametrizations.weight.original,0.09287105355320907,0.0992859093154349,835
cost,2,500,critic_body.0.parametrizations.weight.original,0.0992859093154349,0.10570076507766071,855
cost,2,500,critic_body.0.parametrizations.weight.original,0.10570076507766071,0.11211562083988655,898
cost,2,500,critic_body.0.parametrizations.weight.original,0.11211562083988655,0.11853047660211236,826
cost,2,500,critic_body.0.parametrizations.weight.original,0.11853047660211236,0.12494533236433819,752
cost,2,500,critic_body.0.parametrizations.weight.original,0.12494533236433819,0.13136018812656403,140
cost,2,500,critic_body.2.parametrizations.weight.original,-0.13458646833896637,-0.1280602151300849,19
cost,2,500,critic_body.2.parametrizations.weight.original,-0.1280602151300849,-0.12153396192120343,493
cost,2,500,critic_body.2.parametrizations.weight.original,-0.12153396192120343,-0.11500770871232195,844
cost,2,500,critic_body.2.parametrizations.weight.original,-0.11500770871232195,-0.10848145550344049,862
cost,2,500,critic_body.2.parametrizations.weight.original,-0.10848145550344049,-0.10195520229455901,814
cost,2,500,critic_body.2.parametrizations.weight.original,-0.10195520229455901,-0.09542894908567753,841
cost,2,500,critic_body.2.parametrizations.weight.original,-0.09542894908567753,-0.08890269587679607,865
cost,2,500,critic_body.2.parametrizations.weight.original,-0.08890269587679607,-0.0823764426679146,842
cost,2,500,critic_body.2.parametrizations.weight.original,-0.0823764426679146,-0.07585018945903313,872
cost,2,500,critic_body.2.parametrizations.weight.original,-0.07585018945903313,-0.06932393625015165,866
cost,2,500,critic_body.2.parametrizations.weight.original,-0.06932393625015165,-0.06279768304127019,797
cost,2,500,critic_body.2.parametrizations.weight.original,-0.06279768304127019,-0.05627142983238871,829
cost,2,500,critic_body.2.parametrizations.weight.original,-0.05627142983238871,-0.04974517662350725,822
cost,2,500,critic_body.2.parametrizations.weight.original,-0.04974517662350725,-0.04321892341462577,893
cost,2,500,critic_body.2.parametrizations.weight.original,-0.04321892341462577,-0.03669267020574431,877
cost,2,500,critic_body.2.parametrizations.weight.original,-0.03669267020574431,-0.03016641699686283,879
cost,2,500,critic_body.2.parametrizations.weight.original,-0.03016641699686283,-0.023640163787981353,816
cost,2,500,critic_body.2.parametrizations.weight.original,-0.023640163787981353,-0.01711391057909989,778
cost,2,500,critic_body.2.parametrizations.weight.original,-0.01711391057909989,-0.010587657370218412,834
cost,2,500,critic_body.2.parametrizations.weight.original,-0.010587657370218412,-0.0040614041613369345,875
cost,2,500,critic_body.2.parametrizations.weight.original,-0.0040614041613369345,0.002464849047544515,874
cost,2,500,critic_body.2.parametrizations.weight.original,0.002464849047544515,0.008991102256425992,849
cost,2,500,critic_body.2.parametrizations.weight.original,0.008991102256425992,0.01551735546530747,802
cost,2,500,critic_body.2.parametrizations.weight.original,0.01551735546530747,0.022043608674188947,879
cost,2,500,critic_body.2.parametrizations.weight.original,0.022043608674188947,0.028569861883070424,853
cost,2,500,critic_body.2.parametrizations.weight.original,0.028569861883070424,0.035096115091951874,871
cost,2,500,critic_body.2.parametrizations.weight.original,0.035096115091951874,0.04162236830083335,875
cost,2,500,critic_body.2.parametrizations.weight.original,0.04162236830083335,0.04814862150971483,837
cost,2,500,critic_body.2.parametrizations.weight.original,0.04814862150971483,0.054674874718596306,884
cost,2,500,critic_body.2.parametrizations.weight.original,0.054674874718596306,0.061201127927477755,823
cost,2,500,critic_body.2.parametrizations.weight.original,0.061201127927477755,0.06772738113635923,853
cost,2,500,critic_body.2.parametrizations.weight.original,0.06772738113635923,0.07425363434524071,859
cost,2,500,critic_body.2.parametrizations.weight.original,0.07425363434524071,0.08077988755412219,841
cost,2,500,critic_body.2.parametrizations.weight.original,0.08077988755412219,0.08730614076300366,841
cost,2,500,critic_body.2.parametrizations.weight.original,0.08730614076300366,0.09383239397188511,893
cost,2,500,critic_body.2.parametrizations.weight.original,0.09383239397188511,0.10035864718076659,869
cost,2,500,critic_body.2.parametrizations.weight.original,0.10035864718076659,0.10688490038964807,879
cost,2,500,critic_body.2.parametrizations.weight.original,0.10688490038964807,0.11341115359852955,864
cost,2,500,critic_body.2.parametrizations.weight.original,0.11341115359852955,0.119937406807411,909
cost,2,500,critic_body.2.parametrizations.weight.original,0.119937406807411,0.1264636600162925,637
cost,2,500,critic_body.2.parametrizations.weight.original,0.1264636600162925,0.13298991322517395,58
cost,2,500,critic_body.4.parametrizations.weight.original,-0.18314482271671295,-0.1742410619811314,60
cost,2,500,critic_body.4.parametrizations.weight.original,-0.1742410619811314,-0.16533730124554982,199
cost,2,500,critic_body.4.parametrizations.weight.original,-0.16533730124554982,-0.15643354050996827,219
cost,2,500,critic_body.4.parametrizations.weight.original,-0.15643354050996827,-0.1475297797743867,216
cost,2,500,critic_body.4.parametrizations.weight.original,-0.1475297797743867,-0.13862601903880514,212
cost,2,500,critic_body.4.parametrizations.weight.original,-0.13862601903880514,-0.1297222583032236,203
cost,2,500,critic_body.4.parametrizations.weight.original,-0.1297222583032236,-0.12081849756764203,174
cost,2,500,critic_body.4.parametrizations.weight.original,-0.12081849756764203,-0.11191473683206046,211
cost,2,500,critic_body.4.parametrizations.weight.original,-0.11191473683206046,-0.1030109760964789,202
cost,2,500,critic_body.4.parametrizations.weight.original,-0.1030109760964789,-0.09410721536089733,232
cost,2,500,critic_body.4.parametrizations.weight.original,-0.09410721536089733,-0.08520345462531578,205
cost,2,500,critic_body.4.parametrizations.weight.original,-0.08520345462531578,-0.07629969388973422,202
cost,2,500,critic_body.4.parametrizations.weight.original,-0.07629969388973422,-0.06739593315415265,180
cost,2,500,critic_body.4.parametrizations.weight.original,-0.06739593315415265,-0.0584921724185711,179
cost,2,500,critic_body.4.parametrizations.weight.original,-0.0584921724185711,-0.049588411682989525,197
cost,2,500,critic_body.4.parametrizations.weight.original,-0.049588411682989525,-0.040684650947407974,215
cost,2,500,critic_body.4.parametrizations.weight.original,-0.040684650947407974,-0.031780890211826424,197
cost,2,500,critic_body.4.parametrizations.weight.original,-0.031780890211826424,-0.022877129476244845,214
cost,2,500,critic_body.4.parametrizations.weight.original,-0.022877129476244845,-0.013973368740663294,217
cost,2,500,critic_body.4.parametrizations.weight.original,-0.013973368740663294,-0.005069608005081716,183
cost,2,500,critic_body.4.parametrizations.weight.original,-0.005069608005081716,0.0038341527304998346,213
cost,2,500,critic_body.4.parametrizations.weight.original,0.0038341527304998346,0.012737913466081385,206
cost,2,500,critic_body.4.parametrizations.weight.original,0.012737913466081385,0.021641674201662964,195
cost,2,500,critic_body.4.parametrizations.weight.original,0.021641674201662964,0.030545434937244514,220
cost,2,500,critic_body.4.parametrizations.weight.original,0.030545434937244514,0.039449195672826065,217
cost,2,500,critic_body.4.parametrizations.weight.original,0.039449195672826065,0.048352956408407644,206
cost,2,500,critic_body.4.parametrizations.weight.original,0.048352956408407644,0.057256717143989194,201
cost,2,500,critic_body.4.parametrizations.weight.original,0.057256717143989194,0.06616047787957074,219
cost,2,500,critic_body.4.parametrizations.weight.original,0.06616047787957074,0.07506423861515232,199
cost,2,500,critic_body.4.parametrizations.weight.original,0.07506423861515232,0.0839679993507339,217
cost,2,500,critic_body.4.parametrizations.weight.original,0.0839679993507339,0.09287176008631542,211
cost,2,500,critic_body.4.parametrizations.weight.original,0.09287176008631542,0.101775520821897,197
cost,2,500,critic_body.4.parametrizations.weight.original,0.101775520821897,0.11067928155747858,207
cost,2,500,critic_body.4.parametrizations.weight.original,0.11067928155747858,0.1195830422930601,212
cost,2,500,critic_body.4.parametrizations.weight.original,0.1195830422930601,0.12848680302864168,209
cost,2,500,critic_body.4.parametrizations.weight.original,0.12848680302864168,0.13739056376422326,237
cost,2,500,critic_body.4.parametrizations.weight.original,0.13739056376422326,0.14629432449980478,189
cost,2,500,critic_body.4.parametrizations.weight.original,0.14629432449980478,0.15519808523538636,187
cost,2,500,critic_body.4.parametrizations.weight.original,0.15519808523538636,0.16410184597096794,226
cost,2,500,critic_body.4.parametrizations.weight.original,0.16410184597096794,0.17300560670654952,222
cost,2,500,critic_body.4.parametrizations.weight.original,0.17300560670654952,0.18190936744213104,85
cost,2,500,critic_body.6.parametrizations.weight.original,-0.2934001088142395,-0.2789219130830067,1
cost,2,500,critic_body.6.parametrizations.weight.original,-0.2789219130830067,-0.2644437173517739,2
cost,2,500,critic_body.6.parametrizations.weight.original,-0.2644437173517739,-0.2499655216205411,3
cost,2,500,critic_body.6.parametrizations.weight.original,-0.2499655216205411,-0.23548732588930826,4
cost,2,500,critic_body.6.parametrizations.weight.original,-0.23548732588930826,-0.22100913015807547,0
cost,2,500,critic_body.6.parametrizations.weight.original,-0.22100913015807547,-0.20653093442684267,1
cost,2,500,critic_body.6.parametrizations.weight.original,-0.20653093442684267,-0.19205273869560985,2
cost,2,500,critic_body.6.parametrizations.weight.original,-0.19205273869560985,-0.17757454296437705,3
cost,2,500,critic_body.6.parametrizations.weight.original,-0.17757454296437705,-0.16309634723314426,2
cost,2,500,critic_body.6.parametrizations.weight.original,-0.16309634723314426,-0.14861815150191143,3
cost,2,500,critic_body.6.parametrizations.weight.original,-0.14861815150191143,-0.13413995577067864,2
cost,2,500,critic_body.6.parametrizations.weight.original,-0.13413995577067864,-0.11966176003944584,1
cost,2,500,critic_body.6.parametrizations.weight.original,-0.11966176003944584,-0.10518356430821302,3
cost,2,500,critic_body.6.parametrizations.weight.original,-0.10518356430821302,-0.09070536857698022,3
cost,2,500,critic_body.6.parametrizations.weight.original,-0.09070536857698022,-0.0762271728457474,1
cost,2,500,critic_body.6.parametrizations.weight.original,-0.0762271728457474,-0.0617489771145146,1
cost,2,500,critic_body.6.parametrizations.weight.original,-0.0617489771145146,-0.04727078138328181,0
cost,2,500,critic_body.6.parametrizations.weight.original,-0.04727078138328181,-0.03279258565204901,1
cost,2,500,critic_body.6.parametrizations.weight.original,-0.03279258565204901,-0.018314389920816188,1
cost,2,500,critic_body.6.parametrizations.weight.original,-0.018314389920816188,-0.003836194189583364,1
cost,2,500,critic_body.6.parametrizations.weight.original,-0.003836194189583364,0.010642001541649404,1
cost,2,500,critic_body.6.parametrizations.weight.original,0.010642001541649404,0.025120197272882228,1
cost,2,500,critic_body.6.parametrizations.weight.original,0.025120197272882228,0.03959839300411505,3
cost,2,500,critic_body.6.parametrizations.weight.original,0.03959839300411505,0.05407658873534782,2
cost,2,500,critic_body.6.parametrizations.weight.original,0.05407658873534782,0.06855478446658064,1
cost,2,500,critic_body.6.parametrizations.weight.original,0.06855478446658064,0.08303298019781347,1
cost,2,500,critic_body.6.parametrizations.weight.original,0.08303298019781347,0.09751117592904629,0
cost,2,500,critic_body.6.parametrizations.weight.original,0.09751117592904629,0.11198937166027906,1
cost,2,500,critic_body.6.parametrizations.weight.original,0.11198937166027906,0.12646756739151188,0
cost,2,500,critic_body.6.parametrizations.weight.original,0.12646756739151188,0.1409457631227447,2
cost,2,500,critic_body.6.parametrizations.weight.original,0.1409457631227447,0.15542395885397747,3
cost,2,500,critic_body.6.parametrizations.weight.original,0.15542395885397747,0.1699021545852103,0
cost,2,500,critic_body.6.parametrizations.weight.original,0.1699021545852103,0.18438035031644312,1
cost,2,500,critic_body.6.parametrizations.weight.original,0.18438035031644312,0.1988585460476759,1
cost,2,500,critic_body.6.parametrizations.weight.original,0.1988585460476759,0.2133367417789087,2
cost,2,500,critic_body.6.parametrizations.weight.original,0.2133367417789087,0.22781493751014148,3
cost,2,500,critic_body.6.parametrizations.weight.original,0.22781493751014148,0.24229313324137436,1
cost,2,500,critic_body.6.parametrizations.weight.original,0.24229313324137436,0.2567713289726071,0
cost,2,500,critic_body.6.parametrizations.weight.original,0.2567713289726071,0.2712495247038399,3
cost,2,500,critic_body.6.parametrizations.weight.original,0.2712495247038399,0.2857277204350728,0
cost,2,500,critic_body.6.parametrizations.weight.original,0.2857277204350728,0.30020591616630554,3
cost,2,500,encoder.layers.0.linear1.weight,-0.2476034164428711,-0.23507561407438138,3
cost,2,500,encoder.layers.0.linear1.weight,-0.23507561407438138,-0.2225478117058917,1
cost,2,500,encoder.layers.0.linear1.weight,-0.2225478117058917,-0.21002000933740197,5
cost,2,500,encoder.layers.0.linear1.weight,-0.21002000933740197,-0.19749220696891226,10
cost,2,500,encoder.layers.0.linear1.weight,-0.19749220696891226,-0.18496440460042257,23
cost,2,500,encoder.layers.0.linear1.weight,-0.18496440460042257,-0.17243660223193286,35
cost,2,500,encoder.layers.0.linear1.weight,-0.17243660223193286,-0.15990879986344314,98
cost,2,500,encoder.layers.0.linear1.weight,-0.15990879986344314,-0.14738099749495343,193
cost,2,500,encoder.layers.0.linear1.weight,-0.14738099749495343,-0.13485319512646374,416
cost,2,500,encoder.layers.0.linear1.weight,-0.13485319512646374,-0.12232539275797402,741
cost,2,500,encoder.layers.0.linear1.weight,-0.12232539275797402,-0.1097975903894843,1056
cost,2,500,encoder.layers.0.linear1.weight,-0.1097975903894843,-0.09726978802099462,1334
cost,2,500,encoder.layers.0.linear1.weight,-0.09726978802099462,-0.0847419856525049,1499
cost,2,500,encoder.layers.0.linear1.weight,-0.0847419856525049,-0.07221418328401519,1647
cost,2,500,encoder.layers.0.linear1.weight,-0.07221418328401519,-0.0596863809155255,1579
cost,2,500,encoder.layers.0.linear1.weight,-0.0596863809155255,-0.047158578547035784,1628
cost,2,500,encoder.layers.0.linear1.weight,-0.047158578547035784,-0.03463077617854607,1575
cost,2,500,encoder.layers.0.linear1.weight,-0.03463077617854607,-0.02210297381005638,1651
cost,2,500,encoder.layers.0.linear1.weight,-0.02210297381005638,-0.009575171441566666,1604
cost,2,500,encoder.layers.0.linear1.weight,-0.009575171441566666,0.00295263092692305,1660
cost,2,500,encoder.layers.0.linear1.weight,0.00295263092692305,0.015480433295412765,1671
cost,2,500,encoder.layers.0.linear1.weight,0.015480433295412765,0.02800823566390248,1627
cost,2,500,encoder.layers.0.linear1.weight,0.02800823566390248,0.04053603803239214,1661
cost,2,500,encoder.layers.0.linear1.weight,0.04053603803239214,0.053063840400881856,1595
cost,2,500,encoder.layers.0.linear1.weight,0.053063840400881856,0.06559164276937157,1621
cost,2,500,encoder.layers.0.linear1.weight,0.06559164276937157,0.07811944513786129,1600
cost,2,500,encoder.layers.0.linear1.weight,0.07811944513786129,0.090647247506351,1556
cost,2,500,encoder.layers.0.linear1.weight,0.090647247506351,0.10317504987484072,1438
cost,2,500,encoder.layers.0.linear1.weight,0.10317504987484072,0.11570285224333038,1274
cost,2,500,encoder.layers.0.linear1.weight,0.11570285224333038,0.1282306546118201,907
cost,2,500,encoder.layers.0.linear1.weight,0.1282306546118201,0.1407584569803098,527
cost,2,500,encoder.layers.0.linear1.weight,0.1407584569803098,0.15328625934879953,293
cost,2,500,encoder.layers.0.linear1.weight,0.15328625934879953,0.16581406171728924,149
cost,2,500,encoder.layers.0.linear1.weight,0.16581406171728924,0.17834186408577896,47
cost,2,500,encoder.layers.0.linear1.weight,0.17834186408577896,0.19086966645426867,21
cost,2,500,encoder.layers.0.linear1.weight,0.19086966645426867,0.20339746882275833,14
cost,2,500,encoder.layers.0.linear1.weight,0.20339746882275833,0.21592527119124805,2
cost,2,500,encoder.layers.0.linear1.weight,0.21592527119124805,0.22845307355973776,4
cost,2,500,encoder.layers.0.linear1.weight,0.22845307355973776,0.24098087592822748,1
cost,2,500,encoder.layers.0.linear1.weight,0.24098087592822748,0.2535086782967172,1
cost,2,500,encoder.layers.0.linear1.weight,0.2535086782967172,0.2660364806652069,1
cost,2,500,encoder.layers.0.linear2.weight,-0.23435842990875244,-0.22296253900702406,3
cost,2,500,encoder.layers.0.linear2.weight,-0.22296253900702406,-0.21156664810529568,1
cost,2,500,encoder.layers.0.linear2.weight,-0.21156664810529568,-0.2001707572035673,3
cost,2,500,encoder.layers.0.linear2.weight,-0.2001707572035673,-0.18877486630183893,15
cost,2,500,encoder.layers.0.linear2.weight,-0.18877486630183893,-0.17737897540011055,22
cost,2,500,encoder.layers.0.linear2.weight,-0.17737897540011055,-0.1659830844983822,53
cost,2,500,encoder.layers.0.linear2.weight,-0.1659830844983822,-0.15458719359665382,79
cost,2,500,encoder.layers.0.linear2.weight,-0.15458719359665382,-0.14319130269492544,216
cost,2,500,encoder.layers.0.linear2.weight,-0.14319130269492544,-0.13179541179319706,371
cost,2,500,encoder.layers.0.linear2.weight,-0.13179541179319706,-0.12039952089146869,649
cost,2,500,encoder.layers.0.linear2.weight,-0.12039952089146869,-0.10900362998974031,1105
cost,2,500,encoder.layers.0.linear2.weight,-0.10900362998974031,-0.09760773908801196,1235
cost,2,500,encoder.layers.0.linear2.weight,-0.09760773908801196,-0.08621184818628358,1402
cost,2,500,encoder.layers.0.linear2.weight,-0.08621184818628358,-0.0748159572845552,1466
cost,2,500,encoder.layers.0.linear2.weight,-0.0748159572845552,-0.06342006638282682,1474
cost,2,500,encoder.layers.0.linear2.weight,-0.06342006638282682,-0.052024175481098445,1492
cost,2,500,encoder.layers.0.linear2.weight,-0.052024175481098445,-0.040628284579370066,1456
cost,2,500,encoder.layers.0.linear2.weight,-0.040628284579370066,-0.029232393677641688,1552
cost,2,500,encoder.layers.0.linear2.weight,-0.029232393677641688,-0.01783650277591331,1517
cost,2,500,encoder.layers.0.linear2.weight,-0.01783650277591331,-0.006440611874184932,1515
cost,2,500,encoder.layers.0.linear2.weight,-0.006440611874184932,0.004955279027543419,1530
cost,2,500,encoder.layers.0.linear2.weight,0.004955279027543419,0.016351169929271825,1469
cost,2,500,encoder.layers.0.linear2.weight,0.016351169929271825,0.027747060831000203,1436
cost,2,500,encoder.layers.0.linear2.weight,0.027747060831000203,0.039142951732728526,1436
cost,2,500,encoder.layers.0.linear2.weight,0.039142951732728526,0.050538842634456904,1521
cost,2,500,encoder.layers.0.linear2.weight,0.050538842634456904,0.06193473353618528,1429
cost,2,500,encoder.layers.0.linear2.weight,0.06193473353618528,0.07333062443791366,1501
cost,2,500,encoder.layers.0.linear2.weight,0.07333062443791366,0.08472651533964204,1509
cost,2,500,encoder.layers.0.linear2.weight,0.08472651533964204,0.09612240624137042,1437
cost,2,500,encoder.layers.0.linear2.weight,0.09612240624137042,0.1075182971430988,1222
cost,2,500,encoder.layers.0.linear2.weight,0.1075182971430988,0.11891418804482717,1067
cost,2,500,encoder.layers.0.linear2.weight,0.11891418804482717,0.13031007894655555,748
cost,2,500,encoder.layers.0.linear2.weight,0.13031007894655555,0.14170596984828393,425
cost,2,500,encoder.layers.0.linear2.weight,0.14170596984828393,0.1531018607500123,206
cost,2,500,encoder.layers.0.linear2.weight,0.1531018607500123,0.1644977516517407,95
cost,2,500,encoder.layers.0.linear2.weight,0.1644977516517407,0.17589364255346907,59
cost,2,500,encoder.layers.0.linear2.weight,0.17589364255346907,0.18728953345519744,30
cost,2,500,encoder.layers.0.linear2.weight,0.18728953345519744,0.19868542435692582,13
cost,2,500,encoder.layers.0.linear2.weight,0.19868542435692582,0.2100813152586542,4
cost,2,500,encoder.layers.0.linear2.weight,0.2100813152586542,0.22147720616038258,3
cost,2,500,encoder.layers.0.linear2.weight,0.22147720616038258,0.2328730970621109,2
cost,2,500,encoder.layers.0.self_attn.in_proj_weight,-0.3331722617149353,-0.31634477071645783,6
cost,2,500,encoder.layers.0.self_attn.in_proj_weight,-0.31634477071645783,-0.29951727971798037,8
cost,2,500,encoder.layers.0.self_attn.in_proj_weight,-0.29951727971798037,-0.2826897887195029,8
cost,2,500,encoder.layers.0.self_attn.in_proj_weight,-0.2826897887195029,-0.26586229772102543,14
cost,2,500,encoder.layers.0.self_attn.in_proj_weight,-0.26586229772102543,-0.24903480672254796,33
cost,2,500,encoder.layers.0.self_attn.in_proj_weight,-0.24903480672254796,-0.23220731572407047,49
cost,2,500,encoder.layers.0.self_attn.in_proj_weight,-0.23220731572407047,-0.215379824725593,90
cost,2,500,encoder.layers.0.self_attn.in_proj_weight,-0.215379824725593,-0.19855233372711553,132
cost,2,500,encoder.layers.0.self_attn.in_proj_weight,-0.19855233372711553,-0.18172484272863806,234
cost,2,500,encoder.layers.0.self_attn.in_proj_weight,-0.18172484272863806,-0.1648973517301606,418
cost,2,500,encoder.layers.0.self_attn.in_proj_weight,-0.1648973517301606,-0.14806986073168313,596
cost,2,500,encoder.layers.0.self_attn.in_proj_weight,-0.14806986073168313,-0.13124236973320563,930
cost,2,500,encoder.layers.0.self_attn.in_proj_weight,-0.13124236973320563,-0.11441487873472816,1429
cost,2,500,encoder.layers.0.self_attn.in_proj_weight,-0.11441487873472816,-0.0975873877362507,2038
cost,2,500,encoder.layers.0.self_attn.in_proj_weight,-0.0975873877362507,-0.08075989673777323,2592
cost,2,500,encoder.layers.0.self_attn.in_proj_weight,-0.08075989673777323,-0.06393240573929576,3058
cost,2,500,encoder.layers.0.self_attn.in_proj_weight,-0.06393240573929576,-0.04710491474081829,3205
cost,2,500,encoder.layers.0.self_attn.in_proj_weight,-0.04710491474081829,-0.030277423742340825,3386
cost,2,500,encoder.layers.0.self_attn.in_proj_weight,-0.030277423742340825,-0.013449932743863358,3544
cost,2,500,encoder.layers.0.self_attn.in_proj_weight,-0.013449932743863358,0.0033775582546141103,3571
cost,2,500,encoder.layers.0.self_attn.in_proj_weight,0.0033775582546141103,0.020205049253091578,3531
cost,2,500,encoder.layers.0.self_attn.in_proj_weight,0.020205049253091578,0.037032540251569046,3435
cost,2,500,encoder.layers.0.self_attn.in_proj_weight,0.037032540251569046,0.053860031250046514,3452
cost,2,500,encoder.layers.0.self_attn.in_proj_weight,0.053860031250046514,0.07068752224852404,3114
cost,2,500,encoder.layers.0.self_attn.in_proj_weight,0.07068752224852404,0.0875150132470015,2833
cost,2,500,encoder.layers.0.self_attn.in_proj_weight,0.0875150132470015,0.10434250424547897,2378
cost,2,500,encoder.layers.0.self_attn.in_proj_weight,0.10434250424547897,0.12116999524395644,1798
cost,2,500,encoder.layers.0.self_attn.in_proj_weight,0.12116999524395644,0.1379974862424339,1243
cost,2,500,encoder.layers.0.self_attn.in_proj_weight,0.1379974862424339,0.15482497724091138,767
cost,2,500,encoder.layers.0.self_attn.in_proj_weight,0.15482497724091138,0.17165246823938884,467
cost,2,500,encoder.layers.0.self_attn.in_proj_weight,0.17165246823938884,0.1884799592378663,335
cost,2,500,encoder.layers.0.self_attn.in_proj_weight,0.1884799592378663,0.20530745023634378,209
cost,2,500,encoder.layers.0.self_attn.in_proj_weight,0.20530745023634378,0.22213494123482125,95
cost,2,500,encoder.layers.0.self_attn.in_proj_weight,0.22213494123482125,0.23896243223329872,70
cost,2,500,encoder.layers.0.self_attn.in_proj_weight,0.23896243223329872,0.2557899232317762,35
cost,2,500,encoder.layers.0.self_attn.in_proj_weight,0.2557899232317762,0.27261741423025365,17
cost,2,500,encoder.layers.0.self_attn.in_proj_weight,0.27261741423025365,0.2894449052287311,12
cost,2,500,encoder.layers.0.self_attn.in_proj_weight,0.2894449052287311,0.3062723962272086,8
cost,2,500,encoder.layers.0.self_attn.in_proj_weight,0.3062723962272086,0.32309988722568606,6
cost,2,500,encoder.layers.0.self_attn.in_proj_weight,0.32309988722568606,0.3399273782241635,3
cost,2,500,encoder.layers.0.self_attn.in_proj_weight,0.3399273782241635,0.356754869222641,3
cost,2,500,encoder.layers.0.self_attn.out_proj.weight,-0.24743826687335968,-0.23430862659361304,4
cost,2,500,encoder.layers.0.self_attn.out_proj.weight,-0.23430862659361304,-0.2211789863138664,11
cost,2,500,encoder.layers.0.self_attn.out_proj.weight,-0.2211789863138664,-0.2080493460341198,32
cost,2,500,encoder.layers.0.self_attn.out_proj.weight,-0.2080493460341198,-0.19491970575437312,47
cost,2,500,encoder.layers.0.self_attn.out_proj.weight,-0.19491970575437312,-0.1817900654746265,103
cost,2,500,encoder.layers.0.self_attn.out_proj.weight,-0.1817900654746265,-0.16866042519487986,150
cost,2,500,encoder.layers.0.self_attn.out_proj.weight,-0.16866042519487986,-0.15553078491513322,269
cost,2,500,encoder.layers.0.self_attn.out_proj.weight,-0.15553078491513322,-0.14240114463538658,399
cost,2,500,encoder.layers.0.self_attn.out_proj.weight,-0.14240114463538658,-0.12927150435563994,537
cost,2,500,encoder.layers.0.self_attn.out_proj.weight,-0.12927150435563994,-0.1161418640758933,607
cost,2,500,encoder.layers.0.self_attn.out_proj.weight,-0.1161418640758933,-0.10301222379614666,682
cost,2,500,encoder.layers.0.self_attn.out_proj.weight,-0.10301222379614666,-0.08988258351640005,679
cost,2,500,encoder.layers.0.self_attn.out_proj.weight,-0.08988258351640005,-0.07675294323665341,689
cost,2,500,encoder.layers.0.self_attn.out_proj.weight,-0.07675294323665341,-0.06362330295690677,653
cost,2,500,encoder.layers.0.self_attn.out_proj.weight,-0.06362330295690677,-0.05049366267716013,651
cost,2,500,encoder.layers.0.self_attn.out_proj.weight,-0.05049366267716013,-0.03736402239741349,692
cost,2,500,encoder.layers.0.self_attn.out_proj.weight,-0.03736402239741349,-0.024234382117666847,698
cost,2,500,encoder.layers.0.self_attn.out_proj.weight,-0.024234382117666847,-0.011104741837920207,659
cost,2,500,encoder.layers.0.self_attn.out_proj.weight,-0.011104741837920207,0.0020248984418264337,687
cost,2,500,encoder.layers.0.self_attn.out_proj.weight,0.0020248984418264337,0.015154538721573074,689
cost,2,500,encoder.layers.0.self_attn.out_proj.weight,0.015154538721573074,0.028284179001319687,675
cost,2,500,encoder.layers.0.self_attn.out_proj.weight,0.028284179001319687,0.041413819281066355,712
cost,2,500,encoder.layers.0.self_attn.out_proj.weight,0.041413819281066355,0.05454345956081297,675
cost,2,500,encoder.layers.0.self_attn.out_proj.weight,0.05454345956081297,0.06767309984055958,670
cost,2,500,encoder.layers.0.self_attn.out_proj.weight,0.06767309984055958,0.08080274012030625,656
cost,2,500,encoder.layers.0.self_attn.out_proj.weight,0.08080274012030625,0.09393238040005286,665
cost,2,500,encoder.layers.0.self_attn.out_proj.weight,0.09393238040005286,0.10706202067979953,739
cost,2,500,encoder.layers.0.self_attn.out_proj.weight,0.10706202067979953,0.12019166095954614,619
cost,2,500,encoder.layers.0.self_attn.out_proj.weight,0.12019166095954614,0.1333213012392928,595
cost,2,500,encoder.layers.0.self_attn.out_proj.weight,0.1333213012392928,0.14645094151903942,501
cost,2,500,encoder.layers.0.self_attn.out_proj.weight,0.14645094151903942,0.1595805817987861,417
cost,2,500,encoder.layers.0.self_attn.out_proj.weight,0.1595805817987861,0.1727102220785327,232
cost,2,500,encoder.layers.0.self_attn.out_proj.weight,0.1727102220785327,0.18583986235827932,137
cost,2,500,encoder.layers.0.self_attn.out_proj.weight,0.18583986235827932,0.19896950263802599,82
cost,2,500,encoder.layers.0.self_attn.out_proj.weight,0.19896950263802599,0.2120991429177726,39
cost,2,500,encoder.layers.0.self_attn.out_proj.weight,0.2120991429177726,0.22522878319751927,15
cost,2,500,encoder.layers.0.self_attn.out_proj.weight,0.22522878319751927,0.23835842347726588,9
cost,2,500,encoder.layers.0.self_attn.out_proj.weight,0.23835842347726588,0.25148806375701255,4
cost,2,500,encoder.layers.0.self_attn.out_proj.weight,0.25148806375701255,0.2646177040367592,2
cost,2,500,encoder.layers.0.self_attn.out_proj.weight,0.2646177040367592,0.27774734431650583,1
cost,2,500,encoder.layers.0.self_attn.out_proj.weight,0.27774734431650583,0.29087698459625244,1
cost,2,500,encoder.layers.1.linear1.weight,-0.24295981228351593,-0.2322291793619714,1
cost,2,500,encoder.layers.1.linear1.weight,-0.2322291793619714,-0.2214985464404269,0
cost,2,500,encoder.layers.1.linear1.weight,-0.2214985464404269,-0.21076791351888238,0
cost,2,500,encoder.layers.1.linear1.weight,-0.21076791351888238,-0.20003728059733786,1
cost,2,500,encoder.layers.1.linear1.weight,-0.20003728059733786,-0.18930664767579336,4
cost,2,500,encoder.layers.1.linear1.weight,-0.18930664767579336,-0.17857601475424884,7
cost,2,500,encoder.layers.1.linear1.weight,-0.17857601475424884,-0.1678453818327043,26
cost,2,500,encoder.layers.1.linear1.weight,-0.1678453818327043,-0.15711474891115979,55
cost,2,500,encoder.layers.1.linear1.weight,-0.15711474891115979,-0.1463841159896153,148
cost,2,500,encoder.layers.1.linear1.weight,-0.1463841159896153,-0.13565348306807076,288
cost,2,500,encoder.layers.1.linear1.weight,-0.13565348306807076,-0.12492285014652625,545
cost,2,500,encoder.layers.1.linear1.weight,-0.12492285014652625,-0.11419221722498174,830
cost,2,500,encoder.layers.1.linear1.weight,-0.11419221722498174,-0.10346158430343722,1063
cost,2,500,encoder.layers.1.linear1.weight,-0.10346158430343722,-0.09273095138189269,1276
cost,2,500,encoder.layers.1.linear1.weight,-0.09273095138189269,-0.08200031846034819,1348
cost,2,500,encoder.layers.1.linear1.weight,-0.08200031846034819,-0.07126968553880367,1411
cost,2,500,encoder.layers.1.linear1.weight,-0.07126968553880367,-0.06053905261725914,1371
cost,2,500,encoder.layers.1.linear1.weight,-0.06053905261725914,-0.049808419695714645,1463
cost,2,500,encoder.layers.1.linear1.weight,-0.049808419695714645,-0.03907778677417012,1464
cost,2,500,encoder.layers.1.linear1.weight,-0.03907778677417012,-0.028347153852625595,1419
cost,2,500,encoder.layers.1.linear1.weight,-0.028347153852625595,-0.017616520931081098,1433
cost,2,500,encoder.layers.1.linear1.weight,-0.017616520931081098,-0.006885888009536573,1446
cost,2,500,encoder.layers.1.linear1.weight,-0.006885888009536573,0.0038447449120079524,1378
cost,2,500,encoder.layers.1.linear1.weight,0.0038447449120079524,0.01457537783355245,1342
cost,2,500,encoder.layers.1.linear1.weight,0.01457537783355245,0.025306010755096975,1440
cost,2,500,encoder.layers.1.linear1.weight,0.025306010755096975,0.0360366436766415,1389
cost,2,500,encoder.layers.1.linear1.weight,0.0360366436766415,0.046767276598186025,1472
cost,2,500,encoder.layers.1.linear1.weight,0.046767276598186025,0.05749790951973055,1447
cost,2,500,encoder.layers.1.linear1.weight,0.05749790951973055,0.06822854244127502,1350
cost,2,500,encoder.layers.1.linear1.weight,0.06822854244127502,0.07895917536281954,1303
cost,2,500,encoder.layers.1.linear1.weight,0.07895917536281954,0.08968980828436407,1326
cost,2,500,encoder.layers.1.linear1.weight,0.08968980828436407,0.1004204412059086,1341
cost,2,500,encoder.layers.1.linear1.weight,0.1004204412059086,0.11115107412745312,1194
cost,2,500,encoder.layers.1.linear1.weight,0.11115107412745312,0.12188170704899765,892
cost,2,500,encoder.layers.1.linear1.weight,0.12188170704899765,0.13261233997054217,635
cost,2,500,encoder.layers.1.linear1.weight,0.13261233997054217,0.14334297289208664,360
cost,2,500,encoder.layers.1.linear1.weight,0.14334297289208664,0.15407360581363116,186
cost,2,500,encoder.layers.1.linear1.weight,0.15407360581363116,0.1648042387351757,62
cost,2,500,encoder.layers.1.linear1.weight,0.1648042387351757,0.17553487165672021,34
cost,2,500,encoder.layers.1.linear1.weight,0.17553487165672021,0.18626550457826474,9
cost,2,500,encoder.layers.1.linear1.weight,0.18626550457826474,0.19699613749980927,9
cost,2,500,encoder.layers.1.linear2.weight,-0.1973314881324768,-0.18681723897050068,7
cost,2,500,encoder.layers.1.linear2.weight,-0.18681723897050068,-0.17630298980852452,9
cost,2,500,encoder.layers.1.linear2.weight,-0.17630298980852452,-0.1657887406465484,27
cost,2,500,encoder.layers.1.linear2.weight,-0.1657887406465484,-0.15527449148457226,58
cost,2,500,encoder.layers.1.linear2.weight,-0.15527449148457226,-0.1447602423225961,121
cost,2,500,encoder.layers.1.linear2.weight,-0.1447602423225961,-0.13424599316061997,309
cost,2,500,encoder.layers.1.linear2.weight,-0.13424599316061997,-0.12373174399864384,514
cost,2,500,encoder.layers.1.linear2.weight,-0.12373174399864384,-0.1132174948366677,852
cost,2,500,encoder.layers.1.linear2.weight,-0.1132174948366677,-0.10270324567469155,1151
cost,2,500,encoder.layers.1.linear2.weight,-0.10270324567469155,-0.09218899651271542,1321
cost,2,500,encoder.layers.1.linear2.weight,-0.09218899651271542,-0.08167474735073928,1401
cost,2,500,encoder.layers.1.linear2.weight,-0.08167474735073928,-0.07116049818876313,1367
cost,2,500,encoder.layers.1.linear2.weight,-0.07116049818876313,-0.060646249026787,1341
cost,2,500,encoder.layers.1.linear2.weight,-0.060646249026787,-0.05013199986481087,1380
cost,2,500,encoder.layers.1.linear2.weight,-0.05013199986481087,-0.039617750702834714,1395
cost,2,500,encoder.layers.1.linear2.weight,-0.039617750702834714,-0.029103501540858584,1439
cost,2,500,encoder.layers.1.linear2.weight,-0.029103501540858584,-0.018589252378882454,1361
cost,2,500,encoder.layers.1.linear2.weight,-0.018589252378882454,-0.008075003216906296,1453
cost,2,500,encoder.layers.1.linear2.weight,-0.008075003216906296,0.0024392459450698345,1369
cost,2,500,encoder.layers.1.linear2.weight,0.0024392459450698345,0.012953495107045965,1382
cost,2,500,encoder.layers.1.linear2.weight,0.012953495107045965,0.023467744269022123,1379
cost,2,500,encoder.layers.1.linear2.weight,0.023467744269022123,0.03398199343099825,1375
cost,2,500,encoder.layers.1.linear2.weight,0.03398199343099825,0.04449624259297438,1395
cost,2,500,encoder.layers.1.linear2.weight,0.04449624259297438,0.05501049175495054,1359
cost,2,500,encoder.layers.1.linear2.weight,0.05501049175495054,0.06552474091692667,1340
cost,2,500,encoder.layers.1.linear2.weight,0.06552474091692667,0.0760389900789028,1393
cost,2,500,encoder.layers.1.linear2.weight,0.0760389900789028,0.08655323924087893,1381
cost,2,500,encoder.layers.1.linear2.weight,0.08655323924087893,0.09706748840285506,1308
cost,2,500,encoder.layers.1.linear2.weight,0.09706748840285506,0.10758173756483125,1199
cost,2,500,encoder.layers.1.linear2.weight,0.10758173756483125,0.11809598672680738,1052
cost,2,500,encoder.layers.1.linear2.weight,0.11809598672680738,0.1286102358887835,648
cost,2,500,encoder.layers.1.linear2.weight,0.1286102358887835,0.13912448505075964,380
cost,2,500,encoder.layers.1.linear2.weight,0.13912448505075964,0.14963873421273577,161
cost,2,500,encoder.layers.1.linear2.weight,0.14963873421273577,0.1601529833747119,71
cost,2,500,encoder.layers.1.linear2.weight,0.1601529833747119,0.17066723253668803,40
cost,2,500,encoder.layers.1.linear2.weight,0.17066723253668803,0.18118148169866422,18
cost,2,500,encoder.layers.1.linear2.weight,0.18118148169866422,0.19169573086064035,6
cost,2,500,encoder.layers.1.linear2.weight,0.19169573086064035,0.20220998002261648,3
cost,2,500,encoder.layers.1.linear2.weight,0.20220998002261648,0.2127242291845926,2
cost,2,500,encoder.layers.1.linear2.weight,0.2127242291845926,0.22323847834656874,0
cost,2,500,encoder.layers.1.linear2.weight,0.22323847834656874,0.23375272750854492,1
cost,2,500,encoder.layers.1.self_attn.in_proj_weight,-0.2939886748790741,-0.28029200798127707,2
cost,2,500,encoder.layers.1.self_attn.in_proj_weight,-0.28029200798127707,-0.2665953410834801,2
cost,2,500,encoder.layers.1.self_attn.in_proj_weight,-0.2665953410834801,-0.25289867418568307,3
cost,2,500,encoder.layers.1.self_attn.in_proj_weight,-0.25289867418568307,-0.2392020072878861,4
cost,2,500,encoder.layers.1.self_attn.in_proj_weight,-0.2392020072878861,-0.22550534039008907,10
cost,2,500,encoder.layers.1.self_attn.in_proj_weight,-0.22550534039008907,-0.21180867349229207,25
cost,2,500,encoder.layers.1.self_attn.in_proj_weight,-0.21180867349229207,-0.19811200659449507,41
cost,2,500,encoder.layers.1.self_attn.in_proj_weight,-0.19811200659449507,-0.18441533969669807,72
cost,2,500,encoder.layers.1.self_attn.in_proj_weight,-0.18441533969669807,-0.17071867279890107,147
cost,2,500,encoder.layers.1.self_attn.in_proj_weight,-0.17071867279890107,-0.15702200590110407,229
cost,2,500,encoder.layers.1.self_attn.in_proj_weight,-0.15702200590110407,-0.14332533900330707,387
cost,2,500,encoder.layers.1.self_attn.in_proj_weight,-0.14332533900330707,-0.12962867210551005,608
cost,2,500,encoder.layers.1.self_attn.in_proj_weight,-0.12962867210551005,-0.11593200520771305,1008
cost,2,500,encoder.layers.1.self_attn.in_proj_weight,-0.11593200520771305,-0.10223533830991605,1598
cost,2,500,encoder.layers.1.self_attn.in_proj_weight,-0.10223533830991605,-0.08853867141211905,2041
cost,2,500,encoder.layers.1.self_attn.in_proj_weight,-0.08853867141211905,-0.07484200451432205,2554
cost,2,500,encoder.layers.1.self_attn.in_proj_weight,-0.07484200451432205,-0.06114533761652505,2784
cost,2,500,encoder.layers.1.self_attn.in_proj_weight,-0.06114533761652505,-0.04744867071872805,2803
cost,2,500,encoder.layers.1.self_attn.in_proj_weight,-0.04744867071872805,-0.03375200382093102,2960
cost,2,500,encoder.layers.1.self_attn.in_proj_weight,-0.03375200382093102,-0.02005533692313405,2984
cost,2,500,encoder.layers.1.self_attn.in_proj_weight,-0.02005533692313405,-0.006358670025337021,2983
cost,2,500,encoder.layers.1.self_attn.in_proj_weight,-0.006358670025337021,0.007337996872459951,2953
cost,2,500,encoder.layers.1.self_attn.in_proj_weight,0.007337996872459951,0.02103466377025698,3059
cost,2,500,encoder.layers.1.self_attn.in_proj_weight,0.02103466377025698,0.034731330668054006,3007
cost,2,500,encoder.layers.1.self_attn.in_proj_weight,0.034731330668054006,0.04842799756585098,2940
cost,2,500,encoder.layers.1.self_attn.in_proj_weight,0.04842799756585098,0.062124664463648005,2801
cost,2,500,encoder.layers.1.self_attn.in_proj_weight,0.062124664463648005,0.07582133136144498,2741
cost,2,500,encoder.layers.1.self_attn.in_proj_weight,0.07582133136144498,0.089517998259242,2449
cost,2,500,encoder.layers.1.self_attn.in_proj_weight,0.089517998259242,0.10321466515703898,2052
cost,2,500,encoder.layers.1.self_attn.in_proj_weight,0.10321466515703898,0.116911332054836,1462
cost,2,500,encoder.layers.1.self_attn.in_proj_weight,0.116911332054836,0.13060799895263298,974
cost,2,500,encoder.layers.1.self_attn.in_proj_weight,0.13060799895263298,0.14430466585043,584
cost,2,500,encoder.layers.1.self_attn.in_proj_weight,0.14430466585043,0.15800133274822703,347
cost,2,500,encoder.layers.1.self_attn.in_proj_weight,0.15800133274822703,0.171697999646024,219
cost,2,500,encoder.layers.1.self_attn.in_proj_weight,0.171697999646024,0.18539466654382103,151
cost,2,500,encoder.layers.1.self_attn.in_proj_weight,0.18539466654382103,0.199091333441618,80
cost,2,500,encoder.layers.1.self_attn.in_proj_weight,0.199091333441618,0.21278800033941503,44
cost,2,500,encoder.layers.1.self_attn.in_proj_weight,0.21278800033941503,0.22648466723721206,26
cost,2,500,encoder.layers.1.self_attn.in_proj_weight,0.22648466723721206,0.24018133413500897,9
cost,2,500,encoder.layers.1.self_attn.in_proj_weight,0.24018133413500897,0.253878001032806,7
cost,2,500,encoder.layers.1.self_attn.in_proj_weight,0.253878001032806,0.267574667930603,2
cost,2,500,encoder.layers.1.self_attn.out_proj.weight,-0.21909154951572418,-0.2082471447746928,1
cost,2,500,encoder.layers.1.self_attn.out_proj.weight,-0.2082471447746928,-0.19740274003366146,14
cost,2,500,encoder.layers.1.self_attn.out_proj.weight,-0.19740274003366146,-0.18655833529263008,17
cost,2,500,encoder.layers.1.self_attn.out_proj.weight,-0.18655833529263008,-0.1757139305515987,46
cost,2,500,encoder.layers.1.self_attn.out_proj.weight,-0.1757139305515987,-0.16486952581056735,115
cost,2,500,encoder.layers.1.self_attn.out_proj.weight,-0.16486952581056735,-0.15402512106953598,232
cost,2,500,encoder.layers.1.self_attn.out_proj.weight,-0.15402512106953598,-0.1431807163285046,364
cost,2,500,encoder.layers.1.self_attn.out_proj.weight,-0.1431807163285046,-0.13233631158747322,464
cost,2,500,encoder.layers.1.self_attn.out_proj.weight,-0.13233631158747322,-0.12149190684644187,517
cost,2,500,encoder.layers.1.self_attn.out_proj.weight,-0.12149190684644187,-0.1106475021054105,577
cost,2,500,encoder.layers.1.self_attn.out_proj.weight,-0.1106475021054105,-0.09980309736437913,588
cost,2,500,encoder.layers.1.self_attn.out_proj.weight,-0.09980309736437913,-0.08895869262334777,565
cost,2,500,encoder.layers.1.self_attn.out_proj.weight,-0.08895869262334777,-0.07811428788231639,595
cost,2,500,encoder.layers.1.self_attn.out_proj.weight,-0.07811428788231639,-0.06726988314128501,596
cost,2,500,encoder.layers.1.self_attn.out_proj.weight,-0.06726988314128501,-0.056425478400253665,561
cost,2,500,encoder.layers.1.self_attn.out_proj.weight,-0.056425478400253665,-0.04558107365922229,568
cost,2,500,encoder.layers.1.self_attn.out_proj.weight,-0.04558107365922229,-0.03473666891819091,548
cost,2,500,encoder.layers.1.self_attn.out_proj.weight,-0.03473666891819091,-0.02389226417715956,536
cost,2,500,encoder.layers.1.self_attn.out_proj.weight,-0.02389226417715956,-0.013047859436128184,580
cost,2,500,encoder.layers.1.self_attn.out_proj.weight,-0.013047859436128184,-0.002203454695096807,600
cost,2,500,encoder.layers.1.self_attn.out_proj.weight,-0.002203454695096807,0.008640950045934542,573
cost,2,500,encoder.layers.1.self_attn.out_proj.weight,0.008640950045934542,0.01948535478696592,599
cost,2,500,encoder.layers.1.self_attn.out_proj.weight,0.01948535478696592,0.030329759527997296,582
cost,2,500,encoder.layers.1.self_attn.out_proj.weight,0.030329759527997296,0.041174164269028646,587
cost,2,500,encoder.layers.1.self_attn.out_proj.weight,0.041174164269028646,0.05201856901006002,575
cost,2,500,encoder.layers.1.self_attn.out_proj.weight,0.05201856901006002,0.0628629737510914,539
cost,2,500,encoder.layers.1.self_attn.out_proj.weight,0.0628629737510914,0.07370737849212278,589
cost,2,500,encoder.layers.1.self_attn.out_proj.weight,0.07370737849212278,0.08455178323315415,597
cost,2,500,encoder.layers.1.self_attn.out_proj.weight,0.08455178323315415,0.09539618797418548,600
cost,2,500,encoder.layers.1.self_attn.out_proj.weight,0.09539618797418548,0.10624059271521685,583
cost,2,500,encoder.layers.1.self_attn.out_proj.weight,0.10624059271521685,0.11708499745624823,577
cost,2,500,encoder.layers.1.self_attn.out_proj.weight,0.11708499745624823,0.1279294021972796,521
cost,2,500,encoder.layers.1.self_attn.out_proj.weight,0.1279294021972796,0.13877380693831098,493
cost,2,500,encoder.layers.1.self_attn.out_proj.weight,0.13877380693831098,0.14961821167934236,362
cost,2,500,encoder.layers.1.self_attn.out_proj.weight,0.14961821167934236,0.16046261642037374,244
cost,2,500,encoder.layers.1.self_attn.out_proj.weight,0.16046261642037374,0.17130702116140506,149
cost,2,500,encoder.layers.1.self_attn.out_proj.weight,0.17130702116140506,0.18215142590243644,85
cost,2,500,encoder.layers.1.self_attn.out_proj.weight,0.18215142590243644,0.19299583064346781,29
cost,2,500,encoder.layers.1.self_attn.out_proj.weight,0.19299583064346781,0.2038402353844992,11
cost,2,500,encoder.layers.1.self_attn.out_proj.weight,0.2038402353844992,0.21468464012553057,2
cost,2,500,encoder.layers.1.self_attn.out_proj.weight,0.21468464012553057,0.2255290448665619,3
cost,2,500,input_projection.0.weight,-0.2764427959918976,-0.26073638113533576,1
cost,2,500,input_projection.0.weight,-0.26073638113533576,-0.245029966278774,2
cost,2,500,input_projection.0.weight,-0.245029966278774,-0.22932355142221217,1
cost,2,500,input_projection.0.weight,-0.22932355142221217,-0.2136171365656504,4
cost,2,500,input_projection.0.weight,-0.2136171365656504,-0.19791072170908858,5
cost,2,500,input_projection.0.weight,-0.19791072170908858,-0.18220430685252678,12
cost,2,500,input_projection.0.weight,-0.18220430685252678,-0.166497891995965,18
cost,2,500,input_projection.0.weight,-0.166497891995965,-0.1507914771394032,14
cost,2,500,input_projection.0.weight,-0.1507914771394032,-0.1350850622828414,67
cost,2,500,input_projection.0.weight,-0.1350850622828414,-0.1193786474262796,179
cost,2,500,input_projection.0.weight,-0.1193786474262796,-0.1036722325697178,678
cost,2,500,input_projection.0.weight,-0.1036722325697178,-0.08796581771315598,1939
cost,2,500,input_projection.0.weight,-0.08796581771315598,-0.07225940285659418,5233
cost,2,500,input_projection.0.weight,-0.07225940285659418,-0.05655298800003239,11450
cost,2,500,input_projection.0.weight,-0.05655298800003239,-0.040846573143470594,19314
cost,2,500,input_projection.0.weight,-0.040846573143470594,-0.025140158286908798,25144
cost,2,500,input_projection.0.weight,-0.025140158286908798,-0.009433743430346975,27385
cost,2,500,input_projection.0.weight,-0.009433743430346975,0.006272671426214793,28285
cost,2,500,input_projection.0.weight,0.006272671426214793,0.021979086282776616,27682
cost,2,500,input_projection.0.weight,0.021979086282776616,0.037685501139338384,25781
cost,2,500,input_projection.0.weight,0.037685501139338384,0.05339191599590021,20866
cost,2,500,input_projection.0.weight,0.05339191599590021,0.06909833085246198,13171
cost,2,500,input_projection.0.weight,0.06909833085246198,0.0848047457090238,6012
cost,2,500,input_projection.0.weight,0.0848047457090238,0.10051116056558562,2009
cost,2,500,input_projection.0.weight,0.10051116056558562,0.11621757542214739,652
cost,2,500,input_projection.0.weight,0.11621757542214739,0.1319239902787092,189
cost,2,500,input_projection.0.weight,0.1319239902787092,0.14763040513527098,39
cost,2,500,input_projection.0.weight,0.14763040513527098,0.1633368199918328,20
cost,2,500,input_projection.0.weight,0.1633368199918328,0.17904323484839457,12
cost,2,500,input_projection.0.weight,0.17904323484839457,0.1947496497049564,11
cost,2,500,input_projection.0.weight,0.1947496497049564,0.21045606456151816,5
cost,2,500,input_projection.0.weight,0.21045606456151816,0.22616247941808,6
cost,2,500,input_projection.0.weight,0.22616247941808,0.24186889427464175,0
cost,2,500,input_projection.0.weight,0.24186889427464175,0.25757530913120363,1
cost,2,500,input_projection.0.weight,0.25757530913120363,0.2732817239877654,0
cost,2,500,input_projection.0.weight,0.2732817239877654,0.28898813884432717,3
cost,2,500,input_projection.0.weight,0.28898813884432717,0.30469455370088894,1
cost,2,500,input_projection.0.weight,0.30469455370088894,0.3204009685574508,0
cost,2,500,input_projection.0.weight,0.3204009685574508,0.3361073834140126,0
cost,2,500,input_projection.0.weight,0.3361073834140126,0.35181379827057435,0
cost,2,500,input_projection.0.weight,0.35181379827057435,0.36752021312713623,1
cost,2,500,position_embedding,-0.3788251280784607,-0.36133029184690335,1
cost,2,500,position_embedding,-0.36133029184690335,-0.343835455615346,0
cost,2,500,position_embedding,-0.343835455615346,-0.32634061938378867,0
cost,2,500,position_embedding,-0.32634061938378867,-0.3088457831522313,1
cost,2,500,position_embedding,-0.3088457831522313,-0.291350946920674,0
cost,2,500,position_embedding,-0.291350946920674,-0.2738561106891167,1
cost,2,500,position_embedding,-0.2738561106891167,-0.25636127445755935,2
cost,2,500,position_embedding,-0.25636127445755935,-0.238866438226002,8
cost,2,500,position_embedding,-0.238866438226002,-0.22137160199444467,2
cost,2,500,position_embedding,-0.22137160199444467,-0.20387676576288732,12
cost,2,500,position_embedding,-0.20387676576288732,-0.18638192953133,16
cost,2,500,position_embedding,-0.18638192953133,-0.16888709329977267,28
cost,2,500,position_embedding,-0.16888709329977267,-0.15139225706821532,25
cost,2,500,position_embedding,-0.15139225706821532,-0.133897420836658,40
cost,2,500,position_embedding,-0.133897420836658,-0.11640258460510067,78
cost,2,500,position_embedding,-0.11640258460510067,-0.09890774837354332,128
cost,2,500,position_embedding,-0.09890774837354332,-0.08141291214198598,171
cost,2,500,position_embedding,-0.08141291214198598,-0.06391807591042864,227
cost,2,500,position_embedding,-0.06391807591042864,-0.0464232396788713,292
cost,2,500,position_embedding,-0.0464232396788713,-0.028928403447313955,356
cost,2,500,position_embedding,-0.028928403447313955,-0.011433567215756668,380
cost,2,500,position_embedding,-0.011433567215756668,0.006061269015800674,420
cost,2,500,position_embedding,0.006061269015800674,0.023556105247358017,427
cost,2,500,position_embedding,0.023556105247358017,0.04105094147891536,360
cost,2,500,position_embedding,0.04105094147891536,0.0585457777104727,307
cost,2,500,position_embedding,0.0585457777104727,0.07604061394203004,263
cost,2,500,position_embedding,0.07604061394203004,0.09353545017358739,180
cost,2,500,position_embedding,0.09353545017358739,0.11103028640514467,125
cost,2,500,position_embedding,0.11103028640514467,0.12852512263670202,86
cost,2,500,position_embedding,0.12852512263670202,0.14601995886825936,53
cost,2,500,position_embedding,0.14601995886825936,0.1635147950998167,37
cost,2,500,position_embedding,0.1635147950998167,0.18100963133137404,17
cost,2,500,position_embedding,0.18100963133137404,0.19850446756293139,22
cost,2,500,position_embedding,0.19850446756293139,0.21599930379448873,6
cost,2,500,position_embedding,0.21599930379448873,0.23349414002604607,8
cost,2,500,position_embedding,0.23349414002604607,0.2509889762576034,6
cost,2,500,position_embedding,0.2509889762576034,0.26848381248916076,2
cost,2,500,position_embedding,0.26848381248916076,0.2859786487207181,6
cost,2,500,position_embedding,0.2859786487207181,0.30347348495227544,1
cost,2,500,position_embedding,0.30347348495227544,0.3209683211838328,1
cost,2,500,position_embedding,0.3209683211838328,0.33846315741539,1
